<?xml version="1.0" encoding="UTF-8"?>
<gpx xmlns:xsi="http://www.w3.org/2001/XMLSchema-instance" xsi:schemaLocation="http://www.topografix.com/GPX/1/1 http://www.topografix.com/GPX/1/1/gpx.xsd" creator="StravaGPX" version="1.1" xmlns="http://www.topografix.com/GPX/1/1">
 <metadata>
  <time>2024-07-02T15:45:51Z</time>
 </metadata>
 <trk>
  <name>CW2 rush hour</name>
  <type>ebikeride</type>
  <trkseg>
   <trkpt lat="52.8455120" lon="-6.9410230">
    <ele>51.9</ele>
    <time>2024-07-02T15:45:51Z</time>
   </trkpt>
   <trkpt lat="52.8454940" lon="-6.9409870">
    <ele>51.9</ele>
    <time>2024-07-02T15:45:52Z</time>
   </trkpt>
   <trkpt lat="52.8454820" lon="-6.9409500">
    <ele>52.0</ele>
    <time>2024-07-02T15:45:54Z</time>
   </trkpt>
   <trkpt lat="52.8454830" lon="-6.9409540">
    <ele>52.0</ele>
    <time>2024-07-02T15:45:55Z</time>
   </trkpt>
   <trkpt lat="52.8454860" lon="-6.9409660">
    <ele>52.0</ele>
    <time>2024-07-02T15:45:56Z</time>
   </trkpt>
   <trkpt lat="52.8454990" lon="-6.9409460">
    <ele>52.1</ele>
    <time>2024-07-02T15:45:57Z</time>
   </trkpt>
   <trkpt lat="52.8455040" lon="-6.9409460">
    <ele>52.1</ele>
    <time>2024-07-02T15:45:58Z</time>
   </trkpt>
   <trkpt lat="52.8455080" lon="-6.9409460">
    <ele>52.1</ele>
    <time>2024-07-02T15:45:59Z</time>
   </trkpt>
   <trkpt lat="52.8455060" lon="-6.9409410">
    <ele>52.1</ele>
    <time>2024-07-02T15:46:00Z</time>
   </trkpt>
   <trkpt lat="52.8455060" lon="-6.9409410">
    <ele>52.1</ele>
    <time>2024-07-02T15:46:01Z</time>
   </trkpt>
   <trkpt lat="52.8455050" lon="-6.9409410">
    <ele>52.1</ele>
    <time>2024-07-02T15:46:02Z</time>
   </trkpt>
   <trkpt lat="52.8455050" lon="-6.9409410">
    <ele>52.1</ele>
    <time>2024-07-02T15:46:03Z</time>
   </trkpt>
   <trkpt lat="52.8455040" lon="-6.9409410">
    <ele>52.1</ele>
    <time>2024-07-02T15:46:04Z</time>
   </trkpt>
   <trkpt lat="52.8455040" lon="-6.9409410">
    <ele>52.1</ele>
    <time>2024-07-02T15:46:05Z</time>
   </trkpt>
   <trkpt lat="52.8455030" lon="-6.9409410">
    <ele>52.1</ele>
    <time>2024-07-02T15:46:06Z</time>
   </trkpt>
   <trkpt lat="52.8455030" lon="-6.9409410">
    <ele>52.1</ele>
    <time>2024-07-02T15:46:07Z</time>
   </trkpt>
   <trkpt lat="52.8455020" lon="-6.9409410">
    <ele>52.1</ele>
    <time>2024-07-02T15:46:08Z</time>
   </trkpt>
   <trkpt lat="52.8455020" lon="-6.9409410">
    <ele>52.1</ele>
    <time>2024-07-02T15:46:09Z</time>
   </trkpt>
   <trkpt lat="52.8455010" lon="-6.9409410">
    <ele>52.1</ele>
    <time>2024-07-02T15:46:10Z</time>
   </trkpt>
   <trkpt lat="52.8455010" lon="-6.9409400">
    <ele>52.1</ele>
    <time>2024-07-02T15:46:11Z</time>
   </trkpt>
   <trkpt lat="52.8455000" lon="-6.9409400">
    <ele>52.1</ele>
    <time>2024-07-02T15:46:12Z</time>
   </trkpt>
   <trkpt lat="52.8455000" lon="-6.9409400">
    <ele>52.1</ele>
    <time>2024-07-02T15:46:13Z</time>
   </trkpt>
   <trkpt lat="52.8455000" lon="-6.9409400">
    <ele>52.1</ele>
    <time>2024-07-02T15:46:14Z</time>
   </trkpt>
   <trkpt lat="52.8454990" lon="-6.9409400">
    <ele>52.1</ele>
    <time>2024-07-02T15:46:15Z</time>
   </trkpt>
   <trkpt lat="52.8454990" lon="-6.9409400">
    <ele>52.1</ele>
    <time>2024-07-02T15:46:16Z</time>
   </trkpt>
   <trkpt lat="52.8454980" lon="-6.9409400">
    <ele>52.1</ele>
    <time>2024-07-02T15:46:17Z</time>
   </trkpt>
   <trkpt lat="52.8454980" lon="-6.9409400">
    <ele>52.1</ele>
    <time>2024-07-02T15:46:18Z</time>
   </trkpt>
   <trkpt lat="52.8454970" lon="-6.9409400">
    <ele>52.1</ele>
    <time>2024-07-02T15:46:19Z</time>
   </trkpt>
   <trkpt lat="52.8454970" lon="-6.9409400">
    <ele>52.1</ele>
    <time>2024-07-02T15:46:20Z</time>
   </trkpt>
   <trkpt lat="52.8454960" lon="-6.9409400">
    <ele>52.1</ele>
    <time>2024-07-02T15:46:21Z</time>
   </trkpt>
   <trkpt lat="52.8454960" lon="-6.9409400">
    <ele>52.1</ele>
    <time>2024-07-02T15:46:22Z</time>
   </trkpt>
   <trkpt lat="52.8454950" lon="-6.9409400">
    <ele>52.1</ele>
    <time>2024-07-02T15:46:23Z</time>
   </trkpt>
   <trkpt lat="52.8454950" lon="-6.9409400">
    <ele>52.1</ele>
    <time>2024-07-02T15:46:24Z</time>
   </trkpt>
   <trkpt lat="52.8454940" lon="-6.9409400">
    <ele>52.1</ele>
    <time>2024-07-02T15:46:25Z</time>
   </trkpt>
   <trkpt lat="52.8454940" lon="-6.9409400">
    <ele>52.1</ele>
    <time>2024-07-02T15:46:26Z</time>
   </trkpt>
   <trkpt lat="52.8454930" lon="-6.9409400">
    <ele>52.1</ele>
    <time>2024-07-02T15:46:27Z</time>
   </trkpt>
   <trkpt lat="52.8454930" lon="-6.9409400">
    <ele>52.1</ele>
    <time>2024-07-02T15:46:28Z</time>
   </trkpt>
   <trkpt lat="52.8454920" lon="-6.9409390">
    <ele>52.2</ele>
    <time>2024-07-02T15:46:29Z</time>
   </trkpt>
   <trkpt lat="52.8454920" lon="-6.9409390">
    <ele>52.2</ele>
    <time>2024-07-02T15:46:30Z</time>
   </trkpt>
   <trkpt lat="52.8454910" lon="-6.9409390">
    <ele>52.2</ele>
    <time>2024-07-02T15:46:31Z</time>
   </trkpt>
   <trkpt lat="52.8454910" lon="-6.9409390">
    <ele>52.2</ele>
    <time>2024-07-02T15:46:32Z</time>
   </trkpt>
   <trkpt lat="52.8454900" lon="-6.9409390">
    <ele>52.2</ele>
    <time>2024-07-02T15:46:33Z</time>
   </trkpt>
   <trkpt lat="52.8454900" lon="-6.9409390">
    <ele>52.2</ele>
    <time>2024-07-02T15:46:34Z</time>
   </trkpt>
   <trkpt lat="52.8454890" lon="-6.9409390">
    <ele>52.2</ele>
    <time>2024-07-02T15:46:35Z</time>
   </trkpt>
   <trkpt lat="52.8454890" lon="-6.9409390">
    <ele>52.2</ele>
    <time>2024-07-02T15:46:36Z</time>
   </trkpt>
   <trkpt lat="52.8454880" lon="-6.9409390">
    <ele>52.2</ele>
    <time>2024-07-02T15:46:37Z</time>
   </trkpt>
   <trkpt lat="52.8454880" lon="-6.9409390">
    <ele>52.2</ele>
    <time>2024-07-02T15:46:38Z</time>
   </trkpt>
   <trkpt lat="52.8454870" lon="-6.9409390">
    <ele>52.2</ele>
    <time>2024-07-02T15:46:39Z</time>
   </trkpt>
   <trkpt lat="52.8454870" lon="-6.9409390">
    <ele>52.2</ele>
    <time>2024-07-02T15:46:40Z</time>
   </trkpt>
   <trkpt lat="52.8454860" lon="-6.9409390">
    <ele>52.2</ele>
    <time>2024-07-02T15:46:41Z</time>
   </trkpt>
   <trkpt lat="52.8454860" lon="-6.9409390">
    <ele>52.2</ele>
    <time>2024-07-02T15:46:42Z</time>
   </trkpt>
   <trkpt lat="52.8454850" lon="-6.9409390">
    <ele>52.2</ele>
    <time>2024-07-02T15:46:43Z</time>
   </trkpt>
   <trkpt lat="52.8454850" lon="-6.9409390">
    <ele>52.2</ele>
    <time>2024-07-02T15:46:44Z</time>
   </trkpt>
   <trkpt lat="52.8454840" lon="-6.9409390">
    <ele>52.2</ele>
    <time>2024-07-02T15:46:45Z</time>
   </trkpt>
   <trkpt lat="52.8454840" lon="-6.9409380">
    <ele>52.2</ele>
    <time>2024-07-02T15:46:46Z</time>
   </trkpt>
   <trkpt lat="52.8454830" lon="-6.9409380">
    <ele>52.2</ele>
    <time>2024-07-02T15:46:47Z</time>
   </trkpt>
   <trkpt lat="52.8454830" lon="-6.9409380">
    <ele>52.2</ele>
    <time>2024-07-02T15:46:48Z</time>
   </trkpt>
   <trkpt lat="52.8454820" lon="-6.9409380">
    <ele>52.2</ele>
    <time>2024-07-02T15:46:49Z</time>
   </trkpt>
   <trkpt lat="52.8454820" lon="-6.9409380">
    <ele>52.2</ele>
    <time>2024-07-02T15:46:50Z</time>
   </trkpt>
   <trkpt lat="52.8454810" lon="-6.9409380">
    <ele>52.2</ele>
    <time>2024-07-02T15:46:51Z</time>
   </trkpt>
   <trkpt lat="52.8454810" lon="-6.9409380">
    <ele>52.2</ele>
    <time>2024-07-02T15:46:52Z</time>
   </trkpt>
   <trkpt lat="52.8454800" lon="-6.9409380">
    <ele>52.2</ele>
    <time>2024-07-02T15:46:53Z</time>
   </trkpt>
   <trkpt lat="52.8454800" lon="-6.9409380">
    <ele>52.2</ele>
    <time>2024-07-02T15:46:54Z</time>
   </trkpt>
   <trkpt lat="52.8454790" lon="-6.9409380">
    <ele>52.2</ele>
    <time>2024-07-02T15:46:55Z</time>
   </trkpt>
   <trkpt lat="52.8454790" lon="-6.9409380">
    <ele>52.2</ele>
    <time>2024-07-02T15:46:56Z</time>
   </trkpt>
   <trkpt lat="52.8454780" lon="-6.9409380">
    <ele>52.2</ele>
    <time>2024-07-02T15:46:57Z</time>
   </trkpt>
   <trkpt lat="52.8454780" lon="-6.9409380">
    <ele>52.2</ele>
    <time>2024-07-02T15:46:58Z</time>
   </trkpt>
   <trkpt lat="52.8454770" lon="-6.9409380">
    <ele>52.2</ele>
    <time>2024-07-02T15:46:59Z</time>
   </trkpt>
   <trkpt lat="52.8454770" lon="-6.9409380">
    <ele>52.2</ele>
    <time>2024-07-02T15:47:00Z</time>
   </trkpt>
   <trkpt lat="52.8454760" lon="-6.9409380">
    <ele>52.2</ele>
    <time>2024-07-02T15:47:01Z</time>
   </trkpt>
   <trkpt lat="52.8454760" lon="-6.9409380">
    <ele>52.2</ele>
    <time>2024-07-02T15:47:02Z</time>
   </trkpt>
   <trkpt lat="52.8454750" lon="-6.9409370">
    <ele>52.2</ele>
    <time>2024-07-02T15:47:03Z</time>
   </trkpt>
   <trkpt lat="52.8454750" lon="-6.9409370">
    <ele>52.2</ele>
    <time>2024-07-02T15:47:04Z</time>
   </trkpt>
   <trkpt lat="52.8454740" lon="-6.9409370">
    <ele>52.2</ele>
    <time>2024-07-02T15:47:05Z</time>
   </trkpt>
   <trkpt lat="52.8454740" lon="-6.9409370">
    <ele>52.2</ele>
    <time>2024-07-02T15:47:06Z</time>
   </trkpt>
   <trkpt lat="52.8454730" lon="-6.9409370">
    <ele>52.2</ele>
    <time>2024-07-02T15:47:07Z</time>
   </trkpt>
   <trkpt lat="52.8454730" lon="-6.9409370">
    <ele>52.2</ele>
    <time>2024-07-02T15:47:08Z</time>
   </trkpt>
   <trkpt lat="52.8454730" lon="-6.9409370">
    <ele>52.2</ele>
    <time>2024-07-02T15:47:09Z</time>
   </trkpt>
   <trkpt lat="52.8454720" lon="-6.9409370">
    <ele>52.2</ele>
    <time>2024-07-02T15:47:10Z</time>
   </trkpt>
   <trkpt lat="52.8454720" lon="-6.9409370">
    <ele>52.2</ele>
    <time>2024-07-02T15:47:11Z</time>
   </trkpt>
   <trkpt lat="52.8454710" lon="-6.9409370">
    <ele>52.2</ele>
    <time>2024-07-02T15:47:12Z</time>
   </trkpt>
   <trkpt lat="52.8454710" lon="-6.9409370">
    <ele>52.2</ele>
    <time>2024-07-02T15:47:13Z</time>
   </trkpt>
   <trkpt lat="52.8454700" lon="-6.9409370">
    <ele>52.2</ele>
    <time>2024-07-02T15:47:14Z</time>
   </trkpt>
   <trkpt lat="52.8454700" lon="-6.9409370">
    <ele>52.2</ele>
    <time>2024-07-02T15:47:15Z</time>
   </trkpt>
   <trkpt lat="52.8454690" lon="-6.9409370">
    <ele>52.2</ele>
    <time>2024-07-02T15:47:16Z</time>
   </trkpt>
   <trkpt lat="52.8454690" lon="-6.9409370">
    <ele>52.2</ele>
    <time>2024-07-02T15:47:17Z</time>
   </trkpt>
   <trkpt lat="52.8454690" lon="-6.9409810">
    <ele>52.3</ele>
    <time>2024-07-02T15:47:18Z</time>
   </trkpt>
   <trkpt lat="52.8454740" lon="-6.9410010">
    <ele>52.3</ele>
    <time>2024-07-02T15:47:19Z</time>
   </trkpt>
   <trkpt lat="52.8454820" lon="-6.9410570">
    <ele>52.4</ele>
    <time>2024-07-02T15:47:20Z</time>
   </trkpt>
   <trkpt lat="52.8454890" lon="-6.9411170">
    <ele>52.5</ele>
    <time>2024-07-02T15:47:21Z</time>
   </trkpt>
   <trkpt lat="52.8454880" lon="-6.9411850">
    <ele>52.6</ele>
    <time>2024-07-02T15:47:22Z</time>
   </trkpt>
   <trkpt lat="52.8454850" lon="-6.9412600">
    <ele>52.7</ele>
    <time>2024-07-02T15:47:23Z</time>
   </trkpt>
   <trkpt lat="52.8454850" lon="-6.9413400">
    <ele>52.9</ele>
    <time>2024-07-02T15:47:24Z</time>
   </trkpt>
   <trkpt lat="52.8454810" lon="-6.9414120">
    <ele>53.0</ele>
    <time>2024-07-02T15:47:25Z</time>
   </trkpt>
   <trkpt lat="52.8454760" lon="-6.9414710">
    <ele>53.1</ele>
    <time>2024-07-02T15:47:26Z</time>
   </trkpt>
   <trkpt lat="52.8454690" lon="-6.9415240">
    <ele>53.1</ele>
    <time>2024-07-02T15:47:27Z</time>
   </trkpt>
   <trkpt lat="52.8454610" lon="-6.9415680">
    <ele>53.2</ele>
    <time>2024-07-02T15:47:28Z</time>
   </trkpt>
   <trkpt lat="52.8454450" lon="-6.9416150">
    <ele>53.3</ele>
    <time>2024-07-02T15:47:29Z</time>
   </trkpt>
   <trkpt lat="52.8454390" lon="-6.9416280">
    <ele>53.3</ele>
    <time>2024-07-02T15:47:30Z</time>
   </trkpt>
   <trkpt lat="52.8454120" lon="-6.9416590">
    <ele>53.4</ele>
    <time>2024-07-02T15:47:31Z</time>
   </trkpt>
   <trkpt lat="52.8454010" lon="-6.9416670">
    <ele>53.4</ele>
    <time>2024-07-02T15:47:32Z</time>
   </trkpt>
   <trkpt lat="52.8453750" lon="-6.9416870">
    <ele>53.4</ele>
    <time>2024-07-02T15:47:33Z</time>
   </trkpt>
   <trkpt lat="52.8453670" lon="-6.9416960">
    <ele>53.5</ele>
    <time>2024-07-02T15:47:34Z</time>
   </trkpt>
   <trkpt lat="52.8453490" lon="-6.9417410">
    <ele>53.5</ele>
    <time>2024-07-02T15:47:35Z</time>
   </trkpt>
   <trkpt lat="52.8453440" lon="-6.9417560">
    <ele>53.5</ele>
    <time>2024-07-02T15:47:36Z</time>
   </trkpt>
   <trkpt lat="52.8453330" lon="-6.9418200">
    <ele>53.6</ele>
    <time>2024-07-02T15:47:37Z</time>
   </trkpt>
   <trkpt lat="52.8453300" lon="-6.9418440">
    <ele>53.6</ele>
    <time>2024-07-02T15:47:38Z</time>
   </trkpt>
   <trkpt lat="52.8453250" lon="-6.9419040">
    <ele>53.7</ele>
    <time>2024-07-02T15:47:39Z</time>
   </trkpt>
   <trkpt lat="52.8453260" lon="-6.9419630">
    <ele>53.7</ele>
    <time>2024-07-02T15:47:40Z</time>
   </trkpt>
   <trkpt lat="52.8453200" lon="-6.9420190">
    <ele>53.7</ele>
    <time>2024-07-02T15:47:41Z</time>
   </trkpt>
   <trkpt lat="52.8453220" lon="-6.9420830">
    <ele>53.8</ele>
    <time>2024-07-02T15:47:42Z</time>
   </trkpt>
   <trkpt lat="52.8453180" lon="-6.9421450">
    <ele>53.8</ele>
    <time>2024-07-02T15:47:43Z</time>
   </trkpt>
   <trkpt lat="52.8453170" lon="-6.9422100">
    <ele>53.9</ele>
    <time>2024-07-02T15:47:44Z</time>
   </trkpt>
   <trkpt lat="52.8453140" lon="-6.9422830">
    <ele>53.9</ele>
    <time>2024-07-02T15:47:45Z</time>
   </trkpt>
   <trkpt lat="52.8453100" lon="-6.9423580">
    <ele>54.0</ele>
    <time>2024-07-02T15:47:46Z</time>
   </trkpt>
   <trkpt lat="52.8453040" lon="-6.9424320">
    <ele>54.0</ele>
    <time>2024-07-02T15:47:47Z</time>
   </trkpt>
   <trkpt lat="52.8452980" lon="-6.9424980">
    <ele>54.0</ele>
    <time>2024-07-02T15:47:48Z</time>
   </trkpt>
   <trkpt lat="52.8452890" lon="-6.9425560">
    <ele>54.1</ele>
    <time>2024-07-02T15:47:49Z</time>
   </trkpt>
   <trkpt lat="52.8452810" lon="-6.9426030">
    <ele>54.1</ele>
    <time>2024-07-02T15:47:50Z</time>
   </trkpt>
   <trkpt lat="52.8452780" lon="-6.9426320">
    <ele>54.1</ele>
    <time>2024-07-02T15:47:51Z</time>
   </trkpt>
   <trkpt lat="52.8452730" lon="-6.9426470">
    <ele>54.1</ele>
    <time>2024-07-02T15:47:52Z</time>
   </trkpt>
   <trkpt lat="52.8452700" lon="-6.9426540">
    <ele>54.1</ele>
    <time>2024-07-02T15:47:53Z</time>
   </trkpt>
   <trkpt lat="52.8452660" lon="-6.9426580">
    <ele>54.1</ele>
    <time>2024-07-02T15:47:54Z</time>
   </trkpt>
   <trkpt lat="52.8452610" lon="-6.9426630">
    <ele>54.1</ele>
    <time>2024-07-02T15:47:55Z</time>
   </trkpt>
   <trkpt lat="52.8452560" lon="-6.9426670">
    <ele>54.1</ele>
    <time>2024-07-02T15:47:56Z</time>
   </trkpt>
   <trkpt lat="52.8452530" lon="-6.9426850">
    <ele>54.1</ele>
    <time>2024-07-02T15:47:57Z</time>
   </trkpt>
   <trkpt lat="52.8452480" lon="-6.9427370">
    <ele>54.1</ele>
    <time>2024-07-02T15:47:58Z</time>
   </trkpt>
   <trkpt lat="52.8452450" lon="-6.9427600">
    <ele>54.1</ele>
    <time>2024-07-02T15:47:59Z</time>
   </trkpt>
   <trkpt lat="52.8452400" lon="-6.9428290">
    <ele>54.1</ele>
    <time>2024-07-02T15:48:00Z</time>
   </trkpt>
   <trkpt lat="52.8452400" lon="-6.9429110">
    <ele>54.2</ele>
    <time>2024-07-02T15:48:01Z</time>
   </trkpt>
   <trkpt lat="52.8452400" lon="-6.9429980">
    <ele>54.2</ele>
    <time>2024-07-02T15:48:02Z</time>
   </trkpt>
   <trkpt lat="52.8452440" lon="-6.9430840">
    <ele>54.1</ele>
    <time>2024-07-02T15:48:03Z</time>
   </trkpt>
   <trkpt lat="52.8452450" lon="-6.9431630">
    <ele>54.1</ele>
    <time>2024-07-02T15:48:04Z</time>
   </trkpt>
   <trkpt lat="52.8452490" lon="-6.9432440">
    <ele>54.1</ele>
    <time>2024-07-02T15:48:05Z</time>
   </trkpt>
   <trkpt lat="52.8452530" lon="-6.9433150">
    <ele>54.0</ele>
    <time>2024-07-02T15:48:06Z</time>
   </trkpt>
   <trkpt lat="52.8452400" lon="-6.9433860">
    <ele>54.0</ele>
    <time>2024-07-02T15:48:07Z</time>
   </trkpt>
   <trkpt lat="52.8452460" lon="-6.9434360">
    <ele>54.0</ele>
    <time>2024-07-02T15:48:08Z</time>
   </trkpt>
   <trkpt lat="52.8452550" lon="-6.9434940">
    <ele>54.0</ele>
    <time>2024-07-02T15:48:09Z</time>
   </trkpt>
   <trkpt lat="52.8452610" lon="-6.9435110">
    <ele>53.9</ele>
    <time>2024-07-02T15:48:10Z</time>
   </trkpt>
   <trkpt lat="52.8452710" lon="-6.9435720">
    <ele>53.9</ele>
    <time>2024-07-02T15:48:11Z</time>
   </trkpt>
   <trkpt lat="52.8452730" lon="-6.9435940">
    <ele>53.9</ele>
    <time>2024-07-02T15:48:12Z</time>
   </trkpt>
   <trkpt lat="52.8452770" lon="-6.9436570">
    <ele>53.9</ele>
    <time>2024-07-02T15:48:13Z</time>
   </trkpt>
   <trkpt lat="52.8452810" lon="-6.9436770">
    <ele>53.9</ele>
    <time>2024-07-02T15:48:14Z</time>
   </trkpt>
   <trkpt lat="52.8452980" lon="-6.9437160">
    <ele>53.8</ele>
    <time>2024-07-02T15:48:15Z</time>
   </trkpt>
   <trkpt lat="52.8453120" lon="-6.9437370">
    <ele>53.8</ele>
    <time>2024-07-02T15:48:16Z</time>
   </trkpt>
   <trkpt lat="52.8453190" lon="-6.9437490">
    <ele>53.8</ele>
    <time>2024-07-02T15:48:17Z</time>
   </trkpt>
   <trkpt lat="52.8453270" lon="-6.9437590">
    <ele>53.8</ele>
    <time>2024-07-02T15:48:18Z</time>
   </trkpt>
   <trkpt lat="52.8453280" lon="-6.9437620">
    <ele>53.8</ele>
    <time>2024-07-02T15:48:19Z</time>
   </trkpt>
   <trkpt lat="52.8453270" lon="-6.9437660">
    <ele>53.8</ele>
    <time>2024-07-02T15:48:20Z</time>
   </trkpt>
   <trkpt lat="52.8453270" lon="-6.9437720">
    <ele>53.8</ele>
    <time>2024-07-02T15:48:21Z</time>
   </trkpt>
   <trkpt lat="52.8453270" lon="-6.9437770">
    <ele>53.8</ele>
    <time>2024-07-02T15:48:22Z</time>
   </trkpt>
   <trkpt lat="52.8453260" lon="-6.9437780">
    <ele>53.8</ele>
    <time>2024-07-02T15:48:23Z</time>
   </trkpt>
   <trkpt lat="52.8453300" lon="-6.9437810">
    <ele>53.8</ele>
    <time>2024-07-02T15:48:24Z</time>
   </trkpt>
   <trkpt lat="52.8453360" lon="-6.9437680">
    <ele>53.8</ele>
    <time>2024-07-02T15:48:25Z</time>
   </trkpt>
   <trkpt lat="52.8453540" lon="-6.9437620">
    <ele>53.7</ele>
    <time>2024-07-02T15:48:26Z</time>
   </trkpt>
   <trkpt lat="52.8453870" lon="-6.9437280">
    <ele>53.7</ele>
    <time>2024-07-02T15:48:27Z</time>
   </trkpt>
   <trkpt lat="52.8453970" lon="-6.9437100">
    <ele>53.7</ele>
    <time>2024-07-02T15:48:28Z</time>
   </trkpt>
   <trkpt lat="52.8454130" lon="-6.9436510">
    <ele>53.7</ele>
    <time>2024-07-02T15:48:29Z</time>
   </trkpt>
   <trkpt lat="52.8454280" lon="-6.9435620">
    <ele>53.8</ele>
    <time>2024-07-02T15:48:30Z</time>
   </trkpt>
   <trkpt lat="52.8454390" lon="-6.9434570">
    <ele>53.9</ele>
    <time>2024-07-02T15:48:31Z</time>
   </trkpt>
   <trkpt lat="52.8454470" lon="-6.9433410">
    <ele>53.9</ele>
    <time>2024-07-02T15:48:32Z</time>
   </trkpt>
   <trkpt lat="52.8454510" lon="-6.9432120">
    <ele>54.0</ele>
    <time>2024-07-02T15:48:33Z</time>
   </trkpt>
   <trkpt lat="52.8454530" lon="-6.9430870">
    <ele>54.1</ele>
    <time>2024-07-02T15:48:34Z</time>
   </trkpt>
   <trkpt lat="52.8454540" lon="-6.9429520">
    <ele>54.1</ele>
    <time>2024-07-02T15:48:35Z</time>
   </trkpt>
   <trkpt lat="52.8454490" lon="-6.9428290">
    <ele>54.2</ele>
    <time>2024-07-02T15:48:36Z</time>
   </trkpt>
   <trkpt lat="52.8454500" lon="-6.9427060">
    <ele>54.1</ele>
    <time>2024-07-02T15:48:37Z</time>
   </trkpt>
   <trkpt lat="52.8454520" lon="-6.9425930">
    <ele>54.1</ele>
    <time>2024-07-02T15:48:38Z</time>
   </trkpt>
   <trkpt lat="52.8454550" lon="-6.9424690">
    <ele>54.0</ele>
    <time>2024-07-02T15:48:39Z</time>
   </trkpt>
   <trkpt lat="52.8454550" lon="-6.9423500">
    <ele>53.9</ele>
    <time>2024-07-02T15:48:40Z</time>
   </trkpt>
   <trkpt lat="52.8454630" lon="-6.9422290">
    <ele>53.8</ele>
    <time>2024-07-02T15:48:41Z</time>
   </trkpt>
   <trkpt lat="52.8454650" lon="-6.9421120">
    <ele>53.7</ele>
    <time>2024-07-02T15:48:42Z</time>
   </trkpt>
   <trkpt lat="52.8454670" lon="-6.9419890">
    <ele>53.6</ele>
    <time>2024-07-02T15:48:43Z</time>
   </trkpt>
   <trkpt lat="52.8454730" lon="-6.9418680">
    <ele>53.5</ele>
    <time>2024-07-02T15:48:44Z</time>
   </trkpt>
   <trkpt lat="52.8454750" lon="-6.9417600">
    <ele>53.3</ele>
    <time>2024-07-02T15:48:45Z</time>
   </trkpt>
   <trkpt lat="52.8454740" lon="-6.9416510">
    <ele>53.1</ele>
    <time>2024-07-02T15:48:46Z</time>
   </trkpt>
   <trkpt lat="52.8454780" lon="-6.9415290">
    <ele>52.9</ele>
    <time>2024-07-02T15:48:47Z</time>
   </trkpt>
   <trkpt lat="52.8454870" lon="-6.9414120">
    <ele>52.7</ele>
    <time>2024-07-02T15:48:48Z</time>
   </trkpt>
   <trkpt lat="52.8454910" lon="-6.9412930">
    <ele>52.4</ele>
    <time>2024-07-02T15:48:49Z</time>
   </trkpt>
   <trkpt lat="52.8454930" lon="-6.9411810">
    <ele>52.2</ele>
    <time>2024-07-02T15:48:50Z</time>
   </trkpt>
   <trkpt lat="52.8454990" lon="-6.9410630">
    <ele>51.9</ele>
    <time>2024-07-02T15:48:51Z</time>
   </trkpt>
   <trkpt lat="52.8455020" lon="-6.9409470">
    <ele>51.7</ele>
    <time>2024-07-02T15:48:52Z</time>
   </trkpt>
   <trkpt lat="52.8454980" lon="-6.9408230">
    <ele>51.5</ele>
    <time>2024-07-02T15:48:53Z</time>
   </trkpt>
   <trkpt lat="52.8454950" lon="-6.9407020">
    <ele>51.4</ele>
    <time>2024-07-02T15:48:54Z</time>
   </trkpt>
   <trkpt lat="52.8454960" lon="-6.9405840">
    <ele>51.2</ele>
    <time>2024-07-02T15:48:55Z</time>
   </trkpt>
   <trkpt lat="52.8454940" lon="-6.9404790">
    <ele>51.1</ele>
    <time>2024-07-02T15:48:56Z</time>
   </trkpt>
   <trkpt lat="52.8454950" lon="-6.9403690">
    <ele>51.0</ele>
    <time>2024-07-02T15:48:57Z</time>
   </trkpt>
   <trkpt lat="52.8455040" lon="-6.9402780">
    <ele>50.9</ele>
    <time>2024-07-02T15:48:58Z</time>
   </trkpt>
   <trkpt lat="52.8455050" lon="-6.9401910">
    <ele>50.8</ele>
    <time>2024-07-02T15:48:59Z</time>
   </trkpt>
   <trkpt lat="52.8455100" lon="-6.9401140">
    <ele>50.7</ele>
    <time>2024-07-02T15:49:00Z</time>
   </trkpt>
   <trkpt lat="52.8455090" lon="-6.9400580">
    <ele>50.7</ele>
    <time>2024-07-02T15:49:01Z</time>
   </trkpt>
   <trkpt lat="52.8455080" lon="-6.9399990">
    <ele>50.6</ele>
    <time>2024-07-02T15:49:02Z</time>
   </trkpt>
   <trkpt lat="52.8455070" lon="-6.9399810">
    <ele>50.6</ele>
    <time>2024-07-02T15:49:03Z</time>
   </trkpt>
   <trkpt lat="52.8455120" lon="-6.9399260">
    <ele>50.5</ele>
    <time>2024-07-02T15:49:04Z</time>
   </trkpt>
   <trkpt lat="52.8455110" lon="-6.9399110">
    <ele>50.5</ele>
    <time>2024-07-02T15:49:05Z</time>
   </trkpt>
   <trkpt lat="52.8455110" lon="-6.9398470">
    <ele>50.4</ele>
    <time>2024-07-02T15:49:06Z</time>
   </trkpt>
   <trkpt lat="52.8455110" lon="-6.9398260">
    <ele>50.4</ele>
    <time>2024-07-02T15:49:07Z</time>
   </trkpt>
   <trkpt lat="52.8454960" lon="-6.9397610">
    <ele>50.3</ele>
    <time>2024-07-02T15:49:08Z</time>
   </trkpt>
   <trkpt lat="52.8454840" lon="-6.9397380">
    <ele>50.3</ele>
    <time>2024-07-02T15:49:09Z</time>
   </trkpt>
   <trkpt lat="52.8454340" lon="-6.9396970">
    <ele>50.3</ele>
    <time>2024-07-02T15:49:10Z</time>
   </trkpt>
   <trkpt lat="52.8453750" lon="-6.9396800">
    <ele>50.3</ele>
    <time>2024-07-02T15:49:11Z</time>
   </trkpt>
   <trkpt lat="52.8453070" lon="-6.9396790">
    <ele>50.4</ele>
    <time>2024-07-02T15:49:12Z</time>
   </trkpt>
   <trkpt lat="52.8452380" lon="-6.9396840">
    <ele>50.4</ele>
    <time>2024-07-02T15:49:13Z</time>
   </trkpt>
   <trkpt lat="52.8451650" lon="-6.9396890">
    <ele>50.5</ele>
    <time>2024-07-02T15:49:14Z</time>
   </trkpt>
   <trkpt lat="52.8450860" lon="-6.9396850">
    <ele>50.5</ele>
    <time>2024-07-02T15:49:15Z</time>
   </trkpt>
   <trkpt lat="52.8450000" lon="-6.9396910">
    <ele>50.6</ele>
    <time>2024-07-02T15:49:16Z</time>
   </trkpt>
   <trkpt lat="52.8449130" lon="-6.9396950">
    <ele>50.7</ele>
    <time>2024-07-02T15:49:17Z</time>
   </trkpt>
   <trkpt lat="52.8448260" lon="-6.9397010">
    <ele>50.7</ele>
    <time>2024-07-02T15:49:18Z</time>
   </trkpt>
   <trkpt lat="52.8447360" lon="-6.9396940">
    <ele>50.8</ele>
    <time>2024-07-02T15:49:19Z</time>
   </trkpt>
   <trkpt lat="52.8446470" lon="-6.9396850">
    <ele>50.8</ele>
    <time>2024-07-02T15:49:20Z</time>
   </trkpt>
   <trkpt lat="52.8445580" lon="-6.9396820">
    <ele>50.8</ele>
    <time>2024-07-02T15:49:21Z</time>
   </trkpt>
   <trkpt lat="52.8444740" lon="-6.9396760">
    <ele>50.8</ele>
    <time>2024-07-02T15:49:22Z</time>
   </trkpt>
   <trkpt lat="52.8443880" lon="-6.9396760">
    <ele>50.9</ele>
    <time>2024-07-02T15:49:23Z</time>
   </trkpt>
   <trkpt lat="52.8443010" lon="-6.9396820">
    <ele>50.9</ele>
    <time>2024-07-02T15:49:24Z</time>
   </trkpt>
   <trkpt lat="52.8442160" lon="-6.9396830">
    <ele>50.9</ele>
    <time>2024-07-02T15:49:25Z</time>
   </trkpt>
   <trkpt lat="52.8441310" lon="-6.9396810">
    <ele>50.8</ele>
    <time>2024-07-02T15:49:26Z</time>
   </trkpt>
   <trkpt lat="52.8440490" lon="-6.9396800">
    <ele>50.8</ele>
    <time>2024-07-02T15:49:27Z</time>
   </trkpt>
   <trkpt lat="52.8439580" lon="-6.9396800">
    <ele>50.8</ele>
    <time>2024-07-02T15:49:28Z</time>
   </trkpt>
   <trkpt lat="52.8438720" lon="-6.9396790">
    <ele>50.8</ele>
    <time>2024-07-02T15:49:29Z</time>
   </trkpt>
   <trkpt lat="52.8437860" lon="-6.9396730">
    <ele>50.8</ele>
    <time>2024-07-02T15:49:30Z</time>
   </trkpt>
   <trkpt lat="52.8437030" lon="-6.9396750">
    <ele>50.8</ele>
    <time>2024-07-02T15:49:31Z</time>
   </trkpt>
   <trkpt lat="52.8436210" lon="-6.9396690">
    <ele>50.8</ele>
    <time>2024-07-02T15:49:32Z</time>
   </trkpt>
   <trkpt lat="52.8435340" lon="-6.9396630">
    <ele>50.7</ele>
    <time>2024-07-02T15:49:33Z</time>
   </trkpt>
   <trkpt lat="52.8434490" lon="-6.9396580">
    <ele>50.7</ele>
    <time>2024-07-02T15:49:34Z</time>
   </trkpt>
   <trkpt lat="52.8433610" lon="-6.9396530">
    <ele>50.7</ele>
    <time>2024-07-02T15:49:35Z</time>
   </trkpt>
   <trkpt lat="52.8432790" lon="-6.9396510">
    <ele>50.6</ele>
    <time>2024-07-02T15:49:36Z</time>
   </trkpt>
   <trkpt lat="52.8431920" lon="-6.9396440">
    <ele>50.6</ele>
    <time>2024-07-02T15:49:37Z</time>
   </trkpt>
   <trkpt lat="52.8431110" lon="-6.9396340">
    <ele>50.6</ele>
    <time>2024-07-02T15:49:38Z</time>
   </trkpt>
   <trkpt lat="52.8430400" lon="-6.9396360">
    <ele>50.5</ele>
    <time>2024-07-02T15:49:39Z</time>
   </trkpt>
   <trkpt lat="52.8429640" lon="-6.9396450">
    <ele>50.4</ele>
    <time>2024-07-02T15:49:40Z</time>
   </trkpt>
   <trkpt lat="52.8429010" lon="-6.9396360">
    <ele>50.3</ele>
    <time>2024-07-02T15:49:41Z</time>
   </trkpt>
   <trkpt lat="52.8428400" lon="-6.9396210">
    <ele>50.2</ele>
    <time>2024-07-02T15:49:42Z</time>
   </trkpt>
   <trkpt lat="52.8427910" lon="-6.9395990">
    <ele>50.1</ele>
    <time>2024-07-02T15:49:43Z</time>
   </trkpt>
   <trkpt lat="52.8427520" lon="-6.9395810">
    <ele>50.0</ele>
    <time>2024-07-02T15:49:44Z</time>
   </trkpt>
   <trkpt lat="52.8427160" lon="-6.9395580">
    <ele>49.9</ele>
    <time>2024-07-02T15:49:45Z</time>
   </trkpt>
   <trkpt lat="52.8426810" lon="-6.9395330">
    <ele>49.8</ele>
    <time>2024-07-02T15:49:46Z</time>
   </trkpt>
   <trkpt lat="52.8426510" lon="-6.9394880">
    <ele>49.7</ele>
    <time>2024-07-02T15:49:47Z</time>
   </trkpt>
   <trkpt lat="52.8426220" lon="-6.9394420">
    <ele>49.7</ele>
    <time>2024-07-02T15:49:48Z</time>
   </trkpt>
   <trkpt lat="52.8425910" lon="-6.9394010">
    <ele>49.6</ele>
    <time>2024-07-02T15:49:49Z</time>
   </trkpt>
   <trkpt lat="52.8425520" lon="-6.9393800">
    <ele>49.5</ele>
    <time>2024-07-02T15:49:50Z</time>
   </trkpt>
   <trkpt lat="52.8425080" lon="-6.9393830">
    <ele>49.5</ele>
    <time>2024-07-02T15:49:51Z</time>
   </trkpt>
   <trkpt lat="52.8424620" lon="-6.9393990">
    <ele>49.4</ele>
    <time>2024-07-02T15:49:52Z</time>
   </trkpt>
   <trkpt lat="52.8424140" lon="-6.9394300">
    <ele>49.4</ele>
    <time>2024-07-02T15:49:53Z</time>
   </trkpt>
   <trkpt lat="52.8423580" lon="-6.9394660">
    <ele>49.3</ele>
    <time>2024-07-02T15:49:54Z</time>
   </trkpt>
   <trkpt lat="52.8422970" lon="-6.9395080">
    <ele>49.3</ele>
    <time>2024-07-02T15:49:55Z</time>
   </trkpt>
   <trkpt lat="52.8422330" lon="-6.9395260">
    <ele>49.3</ele>
    <time>2024-07-02T15:49:56Z</time>
   </trkpt>
   <trkpt lat="52.8421710" lon="-6.9395320">
    <ele>49.2</ele>
    <time>2024-07-02T15:49:57Z</time>
   </trkpt>
   <trkpt lat="52.8421070" lon="-6.9395090">
    <ele>49.2</ele>
    <time>2024-07-02T15:49:58Z</time>
   </trkpt>
   <trkpt lat="52.8420430" lon="-6.9394680">
    <ele>49.2</ele>
    <time>2024-07-02T15:49:59Z</time>
   </trkpt>
   <trkpt lat="52.8419710" lon="-6.9394280">
    <ele>49.3</ele>
    <time>2024-07-02T15:50:00Z</time>
   </trkpt>
   <trkpt lat="52.8418960" lon="-6.9393830">
    <ele>49.3</ele>
    <time>2024-07-02T15:50:01Z</time>
   </trkpt>
   <trkpt lat="52.8418280" lon="-6.9393390">
    <ele>49.3</ele>
    <time>2024-07-02T15:50:02Z</time>
   </trkpt>
   <trkpt lat="52.8417570" lon="-6.9392810">
    <ele>49.4</ele>
    <time>2024-07-02T15:50:03Z</time>
   </trkpt>
   <trkpt lat="52.8416840" lon="-6.9392190">
    <ele>49.5</ele>
    <time>2024-07-02T15:50:04Z</time>
   </trkpt>
   <trkpt lat="52.8416150" lon="-6.9391530">
    <ele>49.5</ele>
    <time>2024-07-02T15:50:05Z</time>
   </trkpt>
   <trkpt lat="52.8415480" lon="-6.9390860">
    <ele>49.5</ele>
    <time>2024-07-02T15:50:06Z</time>
   </trkpt>
   <trkpt lat="52.8414930" lon="-6.9390280">
    <ele>49.6</ele>
    <time>2024-07-02T15:50:07Z</time>
   </trkpt>
   <trkpt lat="52.8414410" lon="-6.9389780">
    <ele>49.5</ele>
    <time>2024-07-02T15:50:08Z</time>
   </trkpt>
   <trkpt lat="52.8413910" lon="-6.9389370">
    <ele>49.5</ele>
    <time>2024-07-02T15:50:09Z</time>
   </trkpt>
   <trkpt lat="52.8413430" lon="-6.9389060">
    <ele>49.4</ele>
    <time>2024-07-02T15:50:10Z</time>
   </trkpt>
   <trkpt lat="52.8413000" lon="-6.9388710">
    <ele>49.4</ele>
    <time>2024-07-02T15:50:11Z</time>
   </trkpt>
   <trkpt lat="52.8412600" lon="-6.9388400">
    <ele>49.3</ele>
    <time>2024-07-02T15:50:12Z</time>
   </trkpt>
   <trkpt lat="52.8412280" lon="-6.9388200">
    <ele>49.3</ele>
    <time>2024-07-02T15:50:13Z</time>
   </trkpt>
   <trkpt lat="52.8411980" lon="-6.9387950">
    <ele>49.3</ele>
    <time>2024-07-02T15:50:14Z</time>
   </trkpt>
   <trkpt lat="52.8411630" lon="-6.9387610">
    <ele>49.2</ele>
    <time>2024-07-02T15:50:15Z</time>
   </trkpt>
   <trkpt lat="52.8411210" lon="-6.9387400">
    <ele>49.2</ele>
    <time>2024-07-02T15:50:16Z</time>
   </trkpt>
   <trkpt lat="52.8410790" lon="-6.9387140">
    <ele>49.1</ele>
    <time>2024-07-02T15:50:17Z</time>
   </trkpt>
   <trkpt lat="52.8410350" lon="-6.9386870">
    <ele>49.0</ele>
    <time>2024-07-02T15:50:18Z</time>
   </trkpt>
   <trkpt lat="52.8409920" lon="-6.9386580">
    <ele>49.0</ele>
    <time>2024-07-02T15:50:19Z</time>
   </trkpt>
   <trkpt lat="52.8409480" lon="-6.9386240">
    <ele>49.0</ele>
    <time>2024-07-02T15:50:20Z</time>
   </trkpt>
   <trkpt lat="52.8409060" lon="-6.9385920">
    <ele>49.0</ele>
    <time>2024-07-02T15:50:21Z</time>
   </trkpt>
   <trkpt lat="52.8408630" lon="-6.9385600">
    <ele>48.9</ele>
    <time>2024-07-02T15:50:22Z</time>
   </trkpt>
   <trkpt lat="52.8408220" lon="-6.9385300">
    <ele>48.9</ele>
    <time>2024-07-02T15:50:23Z</time>
   </trkpt>
   <trkpt lat="52.8407840" lon="-6.9385060">
    <ele>48.9</ele>
    <time>2024-07-02T15:50:24Z</time>
   </trkpt>
   <trkpt lat="52.8407450" lon="-6.9384770">
    <ele>48.9</ele>
    <time>2024-07-02T15:50:25Z</time>
   </trkpt>
   <trkpt lat="52.8407020" lon="-6.9384490">
    <ele>48.8</ele>
    <time>2024-07-02T15:50:26Z</time>
   </trkpt>
   <trkpt lat="52.8406610" lon="-6.9384200">
    <ele>48.8</ele>
    <time>2024-07-02T15:50:27Z</time>
   </trkpt>
   <trkpt lat="52.8406250" lon="-6.9383920">
    <ele>48.8</ele>
    <time>2024-07-02T15:50:28Z</time>
   </trkpt>
   <trkpt lat="52.8405940" lon="-6.9383660">
    <ele>48.8</ele>
    <time>2024-07-02T15:50:29Z</time>
   </trkpt>
   <trkpt lat="52.8405680" lon="-6.9383430">
    <ele>48.8</ele>
    <time>2024-07-02T15:50:30Z</time>
   </trkpt>
   <trkpt lat="52.8405520" lon="-6.9383280">
    <ele>48.7</ele>
    <time>2024-07-02T15:50:31Z</time>
   </trkpt>
   <trkpt lat="52.8405500" lon="-6.9383260">
    <ele>48.7</ele>
    <time>2024-07-02T15:50:32Z</time>
   </trkpt>
   <trkpt lat="52.8405480" lon="-6.9383240">
    <ele>48.7</ele>
    <time>2024-07-02T15:50:33Z</time>
   </trkpt>
   <trkpt lat="52.8405460" lon="-6.9383220">
    <ele>48.7</ele>
    <time>2024-07-02T15:50:34Z</time>
   </trkpt>
   <trkpt lat="52.8405450" lon="-6.9383200">
    <ele>48.7</ele>
    <time>2024-07-02T15:50:35Z</time>
   </trkpt>
   <trkpt lat="52.8405430" lon="-6.9383180">
    <ele>48.7</ele>
    <time>2024-07-02T15:50:36Z</time>
   </trkpt>
   <trkpt lat="52.8405410" lon="-6.9383170">
    <ele>48.7</ele>
    <time>2024-07-02T15:50:37Z</time>
   </trkpt>
   <trkpt lat="52.8405390" lon="-6.9383150">
    <ele>48.7</ele>
    <time>2024-07-02T15:50:38Z</time>
   </trkpt>
   <trkpt lat="52.8405380" lon="-6.9383130">
    <ele>48.7</ele>
    <time>2024-07-02T15:50:39Z</time>
   </trkpt>
   <trkpt lat="52.8405360" lon="-6.9383110">
    <ele>48.7</ele>
    <time>2024-07-02T15:50:40Z</time>
   </trkpt>
   <trkpt lat="52.8405340" lon="-6.9383090">
    <ele>48.7</ele>
    <time>2024-07-02T15:50:41Z</time>
   </trkpt>
   <trkpt lat="52.8405320" lon="-6.9383070">
    <ele>48.7</ele>
    <time>2024-07-02T15:50:42Z</time>
   </trkpt>
   <trkpt lat="52.8405310" lon="-6.9383050">
    <ele>48.7</ele>
    <time>2024-07-02T15:50:43Z</time>
   </trkpt>
   <trkpt lat="52.8405290" lon="-6.9383030">
    <ele>48.7</ele>
    <time>2024-07-02T15:50:44Z</time>
   </trkpt>
   <trkpt lat="52.8405270" lon="-6.9383010">
    <ele>48.7</ele>
    <time>2024-07-02T15:50:45Z</time>
   </trkpt>
   <trkpt lat="52.8405260" lon="-6.9382990">
    <ele>48.7</ele>
    <time>2024-07-02T15:50:46Z</time>
   </trkpt>
   <trkpt lat="52.8405240" lon="-6.9382970">
    <ele>48.7</ele>
    <time>2024-07-02T15:50:47Z</time>
   </trkpt>
   <trkpt lat="52.8405220" lon="-6.9382950">
    <ele>48.7</ele>
    <time>2024-07-02T15:50:48Z</time>
   </trkpt>
   <trkpt lat="52.8405200" lon="-6.9382930">
    <ele>48.7</ele>
    <time>2024-07-02T15:50:49Z</time>
   </trkpt>
   <trkpt lat="52.8405190" lon="-6.9382910">
    <ele>48.7</ele>
    <time>2024-07-02T15:50:50Z</time>
   </trkpt>
   <trkpt lat="52.8405170" lon="-6.9382890">
    <ele>48.7</ele>
    <time>2024-07-02T15:50:51Z</time>
   </trkpt>
   <trkpt lat="52.8405150" lon="-6.9382870">
    <ele>48.7</ele>
    <time>2024-07-02T15:50:52Z</time>
   </trkpt>
   <trkpt lat="52.8405130" lon="-6.9382850">
    <ele>48.7</ele>
    <time>2024-07-02T15:50:53Z</time>
   </trkpt>
   <trkpt lat="52.8405120" lon="-6.9382830">
    <ele>48.7</ele>
    <time>2024-07-02T15:50:54Z</time>
   </trkpt>
   <trkpt lat="52.8405100" lon="-6.9382810">
    <ele>48.7</ele>
    <time>2024-07-02T15:50:55Z</time>
   </trkpt>
   <trkpt lat="52.8404720" lon="-6.9382540">
    <ele>48.7</ele>
    <time>2024-07-02T15:50:56Z</time>
   </trkpt>
   <trkpt lat="52.8404320" lon="-6.9382190">
    <ele>48.6</ele>
    <time>2024-07-02T15:50:57Z</time>
   </trkpt>
   <trkpt lat="52.8403900" lon="-6.9381900">
    <ele>48.6</ele>
    <time>2024-07-02T15:50:58Z</time>
   </trkpt>
   <trkpt lat="52.8403440" lon="-6.9381600">
    <ele>48.5</ele>
    <time>2024-07-02T15:50:59Z</time>
   </trkpt>
   <trkpt lat="52.8402940" lon="-6.9381280">
    <ele>48.5</ele>
    <time>2024-07-02T15:51:00Z</time>
   </trkpt>
   <trkpt lat="52.8402380" lon="-6.9380920">
    <ele>48.5</ele>
    <time>2024-07-02T15:51:01Z</time>
   </trkpt>
   <trkpt lat="52.8401870" lon="-6.9380560">
    <ele>48.4</ele>
    <time>2024-07-02T15:51:02Z</time>
   </trkpt>
   <trkpt lat="52.8401330" lon="-6.9380160">
    <ele>48.4</ele>
    <time>2024-07-02T15:51:03Z</time>
   </trkpt>
   <trkpt lat="52.8400790" lon="-6.9379680">
    <ele>48.3</ele>
    <time>2024-07-02T15:51:04Z</time>
   </trkpt>
   <trkpt lat="52.8400240" lon="-6.9379360">
    <ele>48.3</ele>
    <time>2024-07-02T15:51:05Z</time>
   </trkpt>
   <trkpt lat="52.8399740" lon="-6.9379060">
    <ele>48.3</ele>
    <time>2024-07-02T15:51:06Z</time>
   </trkpt>
   <trkpt lat="52.8399220" lon="-6.9378720">
    <ele>48.2</ele>
    <time>2024-07-02T15:51:07Z</time>
   </trkpt>
   <trkpt lat="52.8398720" lon="-6.9378450">
    <ele>48.1</ele>
    <time>2024-07-02T15:51:08Z</time>
   </trkpt>
   <trkpt lat="52.8398210" lon="-6.9378230">
    <ele>48.1</ele>
    <time>2024-07-02T15:51:09Z</time>
   </trkpt>
   <trkpt lat="52.8397650" lon="-6.9377990">
    <ele>48.0</ele>
    <time>2024-07-02T15:51:10Z</time>
   </trkpt>
   <trkpt lat="52.8397120" lon="-6.9377870">
    <ele>48.0</ele>
    <time>2024-07-02T15:51:11Z</time>
   </trkpt>
   <trkpt lat="52.8396650" lon="-6.9377750">
    <ele>47.9</ele>
    <time>2024-07-02T15:51:12Z</time>
   </trkpt>
   <trkpt lat="52.8396160" lon="-6.9377710">
    <ele>47.9</ele>
    <time>2024-07-02T15:51:13Z</time>
   </trkpt>
   <trkpt lat="52.8395660" lon="-6.9377530">
    <ele>47.8</ele>
    <time>2024-07-02T15:51:14Z</time>
   </trkpt>
   <trkpt lat="52.8395140" lon="-6.9377350">
    <ele>47.8</ele>
    <time>2024-07-02T15:51:15Z</time>
   </trkpt>
   <trkpt lat="52.8394620" lon="-6.9377070">
    <ele>47.7</ele>
    <time>2024-07-02T15:51:16Z</time>
   </trkpt>
   <trkpt lat="52.8394090" lon="-6.9377000">
    <ele>47.7</ele>
    <time>2024-07-02T15:51:17Z</time>
   </trkpt>
   <trkpt lat="52.8393570" lon="-6.9376850">
    <ele>47.6</ele>
    <time>2024-07-02T15:51:18Z</time>
   </trkpt>
   <trkpt lat="52.8393080" lon="-6.9376780">
    <ele>47.6</ele>
    <time>2024-07-02T15:51:19Z</time>
   </trkpt>
   <trkpt lat="52.8392580" lon="-6.9376780">
    <ele>47.6</ele>
    <time>2024-07-02T15:51:20Z</time>
   </trkpt>
   <trkpt lat="52.8392090" lon="-6.9376770">
    <ele>47.6</ele>
    <time>2024-07-02T15:51:21Z</time>
   </trkpt>
   <trkpt lat="52.8391650" lon="-6.9376790">
    <ele>47.6</ele>
    <time>2024-07-02T15:51:22Z</time>
   </trkpt>
   <trkpt lat="52.8391240" lon="-6.9376880">
    <ele>47.5</ele>
    <time>2024-07-02T15:51:23Z</time>
   </trkpt>
   <trkpt lat="52.8390790" lon="-6.9376880">
    <ele>47.5</ele>
    <time>2024-07-02T15:51:24Z</time>
   </trkpt>
   <trkpt lat="52.8390600" lon="-6.9376870">
    <ele>47.5</ele>
    <time>2024-07-02T15:51:25Z</time>
   </trkpt>
   <trkpt lat="52.8390330" lon="-6.9376910">
    <ele>47.4</ele>
    <time>2024-07-02T15:51:26Z</time>
   </trkpt>
   <trkpt lat="52.8390020" lon="-6.9376990">
    <ele>47.4</ele>
    <time>2024-07-02T15:51:27Z</time>
   </trkpt>
   <trkpt lat="52.8389730" lon="-6.9377050">
    <ele>47.4</ele>
    <time>2024-07-02T15:51:28Z</time>
   </trkpt>
   <trkpt lat="52.8389390" lon="-6.9377030">
    <ele>47.3</ele>
    <time>2024-07-02T15:51:29Z</time>
   </trkpt>
   <trkpt lat="52.8388990" lon="-6.9377060">
    <ele>47.3</ele>
    <time>2024-07-02T15:51:30Z</time>
   </trkpt>
   <trkpt lat="52.8388550" lon="-6.9377140">
    <ele>47.3</ele>
    <time>2024-07-02T15:51:31Z</time>
   </trkpt>
   <trkpt lat="52.8388010" lon="-6.9377260">
    <ele>47.2</ele>
    <time>2024-07-02T15:51:32Z</time>
   </trkpt>
   <trkpt lat="52.8387380" lon="-6.9377500">
    <ele>47.2</ele>
    <time>2024-07-02T15:51:33Z</time>
   </trkpt>
   <trkpt lat="52.8386720" lon="-6.9377640">
    <ele>47.2</ele>
    <time>2024-07-02T15:51:34Z</time>
   </trkpt>
   <trkpt lat="52.8386100" lon="-6.9377950">
    <ele>47.2</ele>
    <time>2024-07-02T15:51:35Z</time>
   </trkpt>
   <trkpt lat="52.8385490" lon="-6.9378350">
    <ele>47.2</ele>
    <time>2024-07-02T15:51:36Z</time>
   </trkpt>
   <trkpt lat="52.8384830" lon="-6.9378780">
    <ele>47.1</ele>
    <time>2024-07-02T15:51:37Z</time>
   </trkpt>
   <trkpt lat="52.8384150" lon="-6.9379120">
    <ele>47.1</ele>
    <time>2024-07-02T15:51:38Z</time>
   </trkpt>
   <trkpt lat="52.8383510" lon="-6.9379390">
    <ele>47.1</ele>
    <time>2024-07-02T15:51:39Z</time>
   </trkpt>
   <trkpt lat="52.8382920" lon="-6.9379780">
    <ele>47.1</ele>
    <time>2024-07-02T15:51:40Z</time>
   </trkpt>
   <trkpt lat="52.8382310" lon="-6.9380190">
    <ele>47.1</ele>
    <time>2024-07-02T15:51:41Z</time>
   </trkpt>
   <trkpt lat="52.8381720" lon="-6.9380610">
    <ele>47.2</ele>
    <time>2024-07-02T15:51:42Z</time>
   </trkpt>
   <trkpt lat="52.8381140" lon="-6.9380980">
    <ele>47.2</ele>
    <time>2024-07-02T15:51:43Z</time>
   </trkpt>
   <trkpt lat="52.8380560" lon="-6.9381230">
    <ele>47.2</ele>
    <time>2024-07-02T15:51:44Z</time>
   </trkpt>
   <trkpt lat="52.8379990" lon="-6.9381450">
    <ele>47.2</ele>
    <time>2024-07-02T15:51:45Z</time>
   </trkpt>
   <trkpt lat="52.8379430" lon="-6.9381760">
    <ele>47.2</ele>
    <time>2024-07-02T15:51:46Z</time>
   </trkpt>
   <trkpt lat="52.8378870" lon="-6.9382050">
    <ele>47.2</ele>
    <time>2024-07-02T15:51:47Z</time>
   </trkpt>
   <trkpt lat="52.8378360" lon="-6.9382450">
    <ele>47.2</ele>
    <time>2024-07-02T15:51:48Z</time>
   </trkpt>
   <trkpt lat="52.8377810" lon="-6.9382880">
    <ele>47.2</ele>
    <time>2024-07-02T15:51:49Z</time>
   </trkpt>
   <trkpt lat="52.8377260" lon="-6.9383130">
    <ele>47.2</ele>
    <time>2024-07-02T15:51:50Z</time>
   </trkpt>
   <trkpt lat="52.8376720" lon="-6.9383390">
    <ele>47.2</ele>
    <time>2024-07-02T15:51:51Z</time>
   </trkpt>
   <trkpt lat="52.8376190" lon="-6.9383660">
    <ele>47.2</ele>
    <time>2024-07-02T15:51:52Z</time>
   </trkpt>
   <trkpt lat="52.8375670" lon="-6.9383850">
    <ele>47.2</ele>
    <time>2024-07-02T15:51:53Z</time>
   </trkpt>
   <trkpt lat="52.8375080" lon="-6.9384000">
    <ele>47.3</ele>
    <time>2024-07-02T15:51:54Z</time>
   </trkpt>
   <trkpt lat="52.8374510" lon="-6.9384240">
    <ele>47.3</ele>
    <time>2024-07-02T15:51:55Z</time>
   </trkpt>
   <trkpt lat="52.8373960" lon="-6.9384500">
    <ele>47.4</ele>
    <time>2024-07-02T15:51:56Z</time>
   </trkpt>
   <trkpt lat="52.8373480" lon="-6.9384580">
    <ele>47.4</ele>
    <time>2024-07-02T15:51:57Z</time>
   </trkpt>
   <trkpt lat="52.8372960" lon="-6.9384660">
    <ele>47.5</ele>
    <time>2024-07-02T15:51:58Z</time>
   </trkpt>
   <trkpt lat="52.8372430" lon="-6.9384740">
    <ele>47.5</ele>
    <time>2024-07-02T15:51:59Z</time>
   </trkpt>
   <trkpt lat="52.8371930" lon="-6.9384790">
    <ele>47.6</ele>
    <time>2024-07-02T15:52:00Z</time>
   </trkpt>
   <trkpt lat="52.8371430" lon="-6.9384800">
    <ele>47.7</ele>
    <time>2024-07-02T15:52:01Z</time>
   </trkpt>
   <trkpt lat="52.8370940" lon="-6.9384850">
    <ele>47.7</ele>
    <time>2024-07-02T15:52:02Z</time>
   </trkpt>
   <trkpt lat="52.8370530" lon="-6.9384810">
    <ele>47.8</ele>
    <time>2024-07-02T15:52:03Z</time>
   </trkpt>
   <trkpt lat="52.8370140" lon="-6.9384800">
    <ele>48.0</ele>
    <time>2024-07-02T15:52:04Z</time>
   </trkpt>
   <trkpt lat="52.8369800" lon="-6.9384810">
    <ele>48.1</ele>
    <time>2024-07-02T15:52:05Z</time>
   </trkpt>
   <trkpt lat="52.8369440" lon="-6.9384790">
    <ele>48.2</ele>
    <time>2024-07-02T15:52:06Z</time>
   </trkpt>
   <trkpt lat="52.8369170" lon="-6.9384780">
    <ele>48.3</ele>
    <time>2024-07-02T15:52:07Z</time>
   </trkpt>
   <trkpt lat="52.8368980" lon="-6.9384750">
    <ele>48.4</ele>
    <time>2024-07-02T15:52:08Z</time>
   </trkpt>
   <trkpt lat="52.8368820" lon="-6.9384710">
    <ele>48.5</ele>
    <time>2024-07-02T15:52:09Z</time>
   </trkpt>
   <trkpt lat="52.8368690" lon="-6.9384690">
    <ele>48.6</ele>
    <time>2024-07-02T15:52:10Z</time>
   </trkpt>
   <trkpt lat="52.8368650" lon="-6.9384670">
    <ele>48.6</ele>
    <time>2024-07-02T15:52:11Z</time>
   </trkpt>
   <trkpt lat="52.8368610" lon="-6.9384650">
    <ele>48.6</ele>
    <time>2024-07-02T15:52:12Z</time>
   </trkpt>
   <trkpt lat="52.8368580" lon="-6.9384630">
    <ele>48.6</ele>
    <time>2024-07-02T15:52:13Z</time>
   </trkpt>
   <trkpt lat="52.8368540" lon="-6.9384610">
    <ele>48.6</ele>
    <time>2024-07-02T15:52:14Z</time>
   </trkpt>
   <trkpt lat="52.8368500" lon="-6.9384590">
    <ele>48.7</ele>
    <time>2024-07-02T15:52:15Z</time>
   </trkpt>
   <trkpt lat="52.8368460" lon="-6.9384570">
    <ele>48.7</ele>
    <time>2024-07-02T15:52:16Z</time>
   </trkpt>
   <trkpt lat="52.8368430" lon="-6.9384550">
    <ele>48.7</ele>
    <time>2024-07-02T15:52:17Z</time>
   </trkpt>
   <trkpt lat="52.8368390" lon="-6.9384530">
    <ele>48.7</ele>
    <time>2024-07-02T15:52:18Z</time>
   </trkpt>
   <trkpt lat="52.8368350" lon="-6.9384510">
    <ele>48.7</ele>
    <time>2024-07-02T15:52:19Z</time>
   </trkpt>
   <trkpt lat="52.8368310" lon="-6.9384490">
    <ele>48.8</ele>
    <time>2024-07-02T15:52:20Z</time>
   </trkpt>
   <trkpt lat="52.8368280" lon="-6.9384470">
    <ele>48.8</ele>
    <time>2024-07-02T15:52:21Z</time>
   </trkpt>
   <trkpt lat="52.8368240" lon="-6.9384450">
    <ele>48.8</ele>
    <time>2024-07-02T15:52:22Z</time>
   </trkpt>
   <trkpt lat="52.8368200" lon="-6.9384430">
    <ele>48.8</ele>
    <time>2024-07-02T15:52:23Z</time>
   </trkpt>
   <trkpt lat="52.8368160" lon="-6.9384410">
    <ele>48.8</ele>
    <time>2024-07-02T15:52:24Z</time>
   </trkpt>
   <trkpt lat="52.8367870" lon="-6.9384120">
    <ele>49.0</ele>
    <time>2024-07-02T15:52:25Z</time>
   </trkpt>
   <trkpt lat="52.8367630" lon="-6.9383650">
    <ele>49.2</ele>
    <time>2024-07-02T15:52:26Z</time>
   </trkpt>
   <trkpt lat="52.8367570" lon="-6.9383450">
    <ele>49.3</ele>
    <time>2024-07-02T15:52:27Z</time>
   </trkpt>
   <trkpt lat="52.8367590" lon="-6.9382810">
    <ele>49.4</ele>
    <time>2024-07-02T15:52:28Z</time>
   </trkpt>
   <trkpt lat="52.8367630" lon="-6.9381970">
    <ele>49.5</ele>
    <time>2024-07-02T15:52:29Z</time>
   </trkpt>
   <trkpt lat="52.8367700" lon="-6.9381060">
    <ele>49.7</ele>
    <time>2024-07-02T15:52:30Z</time>
   </trkpt>
   <trkpt lat="52.8367730" lon="-6.9380100">
    <ele>49.8</ele>
    <time>2024-07-02T15:52:31Z</time>
   </trkpt>
   <trkpt lat="52.8367730" lon="-6.9379010">
    <ele>49.9</ele>
    <time>2024-07-02T15:52:32Z</time>
   </trkpt>
   <trkpt lat="52.8367700" lon="-6.9377900">
    <ele>50.0</ele>
    <time>2024-07-02T15:52:33Z</time>
   </trkpt>
   <trkpt lat="52.8367650" lon="-6.9376840">
    <ele>50.0</ele>
    <time>2024-07-02T15:52:34Z</time>
   </trkpt>
   <trkpt lat="52.8367620" lon="-6.9375850">
    <ele>49.9</ele>
    <time>2024-07-02T15:52:35Z</time>
   </trkpt>
   <trkpt lat="52.8367580" lon="-6.9374900">
    <ele>49.7</ele>
    <time>2024-07-02T15:52:36Z</time>
   </trkpt>
   <trkpt lat="52.8367550" lon="-6.9374020">
    <ele>49.5</ele>
    <time>2024-07-02T15:52:37Z</time>
   </trkpt>
   <trkpt lat="52.8367570" lon="-6.9373270">
    <ele>49.3</ele>
    <time>2024-07-02T15:52:38Z</time>
   </trkpt>
   <trkpt lat="52.8367570" lon="-6.9372440">
    <ele>49.1</ele>
    <time>2024-07-02T15:52:39Z</time>
   </trkpt>
   <trkpt lat="52.8367560" lon="-6.9371620">
    <ele>49.0</ele>
    <time>2024-07-02T15:52:40Z</time>
   </trkpt>
   <trkpt lat="52.8367600" lon="-6.9370810">
    <ele>49.0</ele>
    <time>2024-07-02T15:52:41Z</time>
   </trkpt>
   <trkpt lat="52.8367640" lon="-6.9369980">
    <ele>48.8</ele>
    <time>2024-07-02T15:52:42Z</time>
   </trkpt>
   <trkpt lat="52.8367670" lon="-6.9369150">
    <ele>48.7</ele>
    <time>2024-07-02T15:52:43Z</time>
   </trkpt>
   <trkpt lat="52.8367740" lon="-6.9368310">
    <ele>48.7</ele>
    <time>2024-07-02T15:52:44Z</time>
   </trkpt>
   <trkpt lat="52.8367750" lon="-6.9367520">
    <ele>48.6</ele>
    <time>2024-07-02T15:52:45Z</time>
   </trkpt>
   <trkpt lat="52.8367680" lon="-6.9366810">
    <ele>48.6</ele>
    <time>2024-07-02T15:52:46Z</time>
   </trkpt>
   <trkpt lat="52.8367660" lon="-6.9366150">
    <ele>48.6</ele>
    <time>2024-07-02T15:52:47Z</time>
   </trkpt>
   <trkpt lat="52.8367560" lon="-6.9365490">
    <ele>48.6</ele>
    <time>2024-07-02T15:52:48Z</time>
   </trkpt>
   <trkpt lat="52.8367480" lon="-6.9364890">
    <ele>48.6</ele>
    <time>2024-07-02T15:52:49Z</time>
   </trkpt>
   <trkpt lat="52.8367400" lon="-6.9364190">
    <ele>48.6</ele>
    <time>2024-07-02T15:52:50Z</time>
   </trkpt>
   <trkpt lat="52.8367300" lon="-6.9363510">
    <ele>48.6</ele>
    <time>2024-07-02T15:52:51Z</time>
   </trkpt>
   <trkpt lat="52.8367200" lon="-6.9362970">
    <ele>48.6</ele>
    <time>2024-07-02T15:52:52Z</time>
   </trkpt>
   <trkpt lat="52.8367150" lon="-6.9362430">
    <ele>48.6</ele>
    <time>2024-07-02T15:52:53Z</time>
   </trkpt>
   <trkpt lat="52.8367100" lon="-6.9361820">
    <ele>48.7</ele>
    <time>2024-07-02T15:52:54Z</time>
   </trkpt>
   <trkpt lat="52.8367090" lon="-6.9361640">
    <ele>48.7</ele>
    <time>2024-07-02T15:52:55Z</time>
   </trkpt>
   <trkpt lat="52.8367020" lon="-6.9361390">
    <ele>48.7</ele>
    <time>2024-07-02T15:52:56Z</time>
   </trkpt>
   <trkpt lat="52.8367010" lon="-6.9361200">
    <ele>48.7</ele>
    <time>2024-07-02T15:52:57Z</time>
   </trkpt>
   <trkpt lat="52.8366960" lon="-6.9360950">
    <ele>48.7</ele>
    <time>2024-07-02T15:52:58Z</time>
   </trkpt>
   <trkpt lat="52.8366940" lon="-6.9360840">
    <ele>48.7</ele>
    <time>2024-07-02T15:52:59Z</time>
   </trkpt>
   <trkpt lat="52.8366910" lon="-6.9360720">
    <ele>48.7</ele>
    <time>2024-07-02T15:53:00Z</time>
   </trkpt>
   <trkpt lat="52.8366890" lon="-6.9360600">
    <ele>48.7</ele>
    <time>2024-07-02T15:53:01Z</time>
   </trkpt>
   <trkpt lat="52.8366870" lon="-6.9360480">
    <ele>48.7</ele>
    <time>2024-07-02T15:53:02Z</time>
   </trkpt>
   <trkpt lat="52.8366840" lon="-6.9360360">
    <ele>48.7</ele>
    <time>2024-07-02T15:53:03Z</time>
   </trkpt>
   <trkpt lat="52.8366820" lon="-6.9360250">
    <ele>48.7</ele>
    <time>2024-07-02T15:53:04Z</time>
   </trkpt>
   <trkpt lat="52.8366790" lon="-6.9360130">
    <ele>48.8</ele>
    <time>2024-07-02T15:53:05Z</time>
   </trkpt>
   <trkpt lat="52.8366770" lon="-6.9360010">
    <ele>48.8</ele>
    <time>2024-07-02T15:53:06Z</time>
   </trkpt>
   <trkpt lat="52.8366660" lon="-6.9359330">
    <ele>48.8</ele>
    <time>2024-07-02T15:53:07Z</time>
   </trkpt>
   <trkpt lat="52.8366600" lon="-6.9358790">
    <ele>48.8</ele>
    <time>2024-07-02T15:53:08Z</time>
   </trkpt>
   <trkpt lat="52.8366490" lon="-6.9358280">
    <ele>48.8</ele>
    <time>2024-07-02T15:53:09Z</time>
   </trkpt>
   <trkpt lat="52.8366430" lon="-6.9357910">
    <ele>48.8</ele>
    <time>2024-07-02T15:53:10Z</time>
   </trkpt>
   <trkpt lat="52.8366440" lon="-6.9357780">
    <ele>48.8</ele>
    <time>2024-07-02T15:53:11Z</time>
   </trkpt>
   <trkpt lat="52.8366430" lon="-6.9357770">
    <ele>48.8</ele>
    <time>2024-07-02T15:53:12Z</time>
   </trkpt>
   <trkpt lat="52.8366430" lon="-6.9357750">
    <ele>48.8</ele>
    <time>2024-07-02T15:53:13Z</time>
   </trkpt>
   <trkpt lat="52.8366430" lon="-6.9357750">
    <ele>48.8</ele>
    <time>2024-07-02T15:53:14Z</time>
   </trkpt>
   <trkpt lat="52.8366430" lon="-6.9357750">
    <ele>48.8</ele>
    <time>2024-07-02T15:53:15Z</time>
   </trkpt>
   <trkpt lat="52.8366430" lon="-6.9357750">
    <ele>48.8</ele>
    <time>2024-07-02T15:53:16Z</time>
   </trkpt>
   <trkpt lat="52.8366430" lon="-6.9357750">
    <ele>48.8</ele>
    <time>2024-07-02T15:53:17Z</time>
   </trkpt>
   <trkpt lat="52.8366430" lon="-6.9357750">
    <ele>48.8</ele>
    <time>2024-07-02T15:53:18Z</time>
   </trkpt>
   <trkpt lat="52.8366430" lon="-6.9357750">
    <ele>48.8</ele>
    <time>2024-07-02T15:53:19Z</time>
   </trkpt>
   <trkpt lat="52.8366430" lon="-6.9357750">
    <ele>48.8</ele>
    <time>2024-07-02T15:53:20Z</time>
   </trkpt>
   <trkpt lat="52.8366430" lon="-6.9357750">
    <ele>48.8</ele>
    <time>2024-07-02T15:53:21Z</time>
   </trkpt>
   <trkpt lat="52.8366430" lon="-6.9357750">
    <ele>48.8</ele>
    <time>2024-07-02T15:53:22Z</time>
   </trkpt>
   <trkpt lat="52.8366430" lon="-6.9357750">
    <ele>48.8</ele>
    <time>2024-07-02T15:53:23Z</time>
   </trkpt>
   <trkpt lat="52.8366430" lon="-6.9357750">
    <ele>48.8</ele>
    <time>2024-07-02T15:53:24Z</time>
   </trkpt>
   <trkpt lat="52.8366360" lon="-6.9357280">
    <ele>48.8</ele>
    <time>2024-07-02T15:53:25Z</time>
   </trkpt>
   <trkpt lat="52.8366260" lon="-6.9356860">
    <ele>48.7</ele>
    <time>2024-07-02T15:53:26Z</time>
   </trkpt>
   <trkpt lat="52.8366180" lon="-6.9356360">
    <ele>48.7</ele>
    <time>2024-07-02T15:53:27Z</time>
   </trkpt>
   <trkpt lat="52.8366090" lon="-6.9355740">
    <ele>48.7</ele>
    <time>2024-07-02T15:53:28Z</time>
   </trkpt>
   <trkpt lat="52.8365940" lon="-6.9355010">
    <ele>48.6</ele>
    <time>2024-07-02T15:53:29Z</time>
   </trkpt>
   <trkpt lat="52.8365820" lon="-6.9354120">
    <ele>48.5</ele>
    <time>2024-07-02T15:53:30Z</time>
   </trkpt>
   <trkpt lat="52.8365670" lon="-6.9353230">
    <ele>48.3</ele>
    <time>2024-07-02T15:53:31Z</time>
   </trkpt>
   <trkpt lat="52.8365490" lon="-6.9352260">
    <ele>48.3</ele>
    <time>2024-07-02T15:53:32Z</time>
   </trkpt>
   <trkpt lat="52.8365410" lon="-6.9351290">
    <ele>48.2</ele>
    <time>2024-07-02T15:53:33Z</time>
   </trkpt>
   <trkpt lat="52.8365340" lon="-6.9350390">
    <ele>48.1</ele>
    <time>2024-07-02T15:53:34Z</time>
   </trkpt>
   <trkpt lat="52.8365330" lon="-6.9349670">
    <ele>48.1</ele>
    <time>2024-07-02T15:53:35Z</time>
   </trkpt>
   <trkpt lat="52.8365350" lon="-6.9349050">
    <ele>48.0</ele>
    <time>2024-07-02T15:53:36Z</time>
   </trkpt>
   <trkpt lat="52.8365430" lon="-6.9348490">
    <ele>48.0</ele>
    <time>2024-07-02T15:53:37Z</time>
   </trkpt>
   <trkpt lat="52.8365400" lon="-6.9347800">
    <ele>48.0</ele>
    <time>2024-07-02T15:53:38Z</time>
   </trkpt>
   <trkpt lat="52.8365330" lon="-6.9347170">
    <ele>47.9</ele>
    <time>2024-07-02T15:53:39Z</time>
   </trkpt>
   <trkpt lat="52.8365310" lon="-6.9346510">
    <ele>47.9</ele>
    <time>2024-07-02T15:53:40Z</time>
   </trkpt>
   <trkpt lat="52.8365250" lon="-6.9345880">
    <ele>47.9</ele>
    <time>2024-07-02T15:53:41Z</time>
   </trkpt>
   <trkpt lat="52.8365220" lon="-6.9345280">
    <ele>47.8</ele>
    <time>2024-07-02T15:53:42Z</time>
   </trkpt>
   <trkpt lat="52.8365200" lon="-6.9344650">
    <ele>47.8</ele>
    <time>2024-07-02T15:53:43Z</time>
   </trkpt>
   <trkpt lat="52.8365160" lon="-6.9344110">
    <ele>47.8</ele>
    <time>2024-07-02T15:53:44Z</time>
   </trkpt>
   <trkpt lat="52.8365190" lon="-6.9343420">
    <ele>47.8</ele>
    <time>2024-07-02T15:53:45Z</time>
   </trkpt>
   <trkpt lat="52.8365190" lon="-6.9342830">
    <ele>47.8</ele>
    <time>2024-07-02T15:53:46Z</time>
   </trkpt>
   <trkpt lat="52.8365160" lon="-6.9342240">
    <ele>47.8</ele>
    <time>2024-07-02T15:53:47Z</time>
   </trkpt>
   <trkpt lat="52.8365190" lon="-6.9341640">
    <ele>47.8</ele>
    <time>2024-07-02T15:53:48Z</time>
   </trkpt>
   <trkpt lat="52.8365190" lon="-6.9341030">
    <ele>47.8</ele>
    <time>2024-07-02T15:53:49Z</time>
   </trkpt>
   <trkpt lat="52.8365200" lon="-6.9340460">
    <ele>47.9</ele>
    <time>2024-07-02T15:53:50Z</time>
   </trkpt>
   <trkpt lat="52.8365160" lon="-6.9339910">
    <ele>47.9</ele>
    <time>2024-07-02T15:53:51Z</time>
   </trkpt>
   <trkpt lat="52.8365060" lon="-6.9339460">
    <ele>47.9</ele>
    <time>2024-07-02T15:53:52Z</time>
   </trkpt>
   <trkpt lat="52.8364990" lon="-6.9339130">
    <ele>47.9</ele>
    <time>2024-07-02T15:53:53Z</time>
   </trkpt>
   <trkpt lat="52.8364940" lon="-6.9338960">
    <ele>47.9</ele>
    <time>2024-07-02T15:53:54Z</time>
   </trkpt>
   <trkpt lat="52.8364890" lon="-6.9338820">
    <ele>47.9</ele>
    <time>2024-07-02T15:53:55Z</time>
   </trkpt>
   <trkpt lat="52.8364860" lon="-6.9338700">
    <ele>47.9</ele>
    <time>2024-07-02T15:53:56Z</time>
   </trkpt>
   <trkpt lat="52.8364820" lon="-6.9338580">
    <ele>47.9</ele>
    <time>2024-07-02T15:53:57Z</time>
   </trkpt>
   <trkpt lat="52.8364780" lon="-6.9338460">
    <ele>47.9</ele>
    <time>2024-07-02T15:53:58Z</time>
   </trkpt>
   <trkpt lat="52.8364740" lon="-6.9338340">
    <ele>47.9</ele>
    <time>2024-07-02T15:53:59Z</time>
   </trkpt>
   <trkpt lat="52.8364650" lon="-6.9337790">
    <ele>47.9</ele>
    <time>2024-07-02T15:54:00Z</time>
   </trkpt>
   <trkpt lat="52.8364620" lon="-6.9337200">
    <ele>47.9</ele>
    <time>2024-07-02T15:54:01Z</time>
   </trkpt>
   <trkpt lat="52.8364530" lon="-6.9336630">
    <ele>47.9</ele>
    <time>2024-07-02T15:54:02Z</time>
   </trkpt>
   <trkpt lat="52.8364450" lon="-6.9336040">
    <ele>48.0</ele>
    <time>2024-07-02T15:54:03Z</time>
   </trkpt>
   <trkpt lat="52.8364240" lon="-6.9335540">
    <ele>48.0</ele>
    <time>2024-07-02T15:54:04Z</time>
   </trkpt>
   <trkpt lat="52.8364000" lon="-6.9335170">
    <ele>48.0</ele>
    <time>2024-07-02T15:54:05Z</time>
   </trkpt>
   <trkpt lat="52.8363760" lon="-6.9334820">
    <ele>48.0</ele>
    <time>2024-07-02T15:54:06Z</time>
   </trkpt>
   <trkpt lat="52.8363530" lon="-6.9334320">
    <ele>48.0</ele>
    <time>2024-07-02T15:54:07Z</time>
   </trkpt>
   <trkpt lat="52.8363310" lon="-6.9333890">
    <ele>48.0</ele>
    <time>2024-07-02T15:54:08Z</time>
   </trkpt>
   <trkpt lat="52.8363120" lon="-6.9333500">
    <ele>48.0</ele>
    <time>2024-07-02T15:54:09Z</time>
   </trkpt>
   <trkpt lat="52.8362850" lon="-6.9333060">
    <ele>48.0</ele>
    <time>2024-07-02T15:54:10Z</time>
   </trkpt>
   <trkpt lat="52.8362550" lon="-6.9332670">
    <ele>48.0</ele>
    <time>2024-07-02T15:54:11Z</time>
   </trkpt>
   <trkpt lat="52.8362190" lon="-6.9332230">
    <ele>48.0</ele>
    <time>2024-07-02T15:54:12Z</time>
   </trkpt>
   <trkpt lat="52.8361840" lon="-6.9331780">
    <ele>48.0</ele>
    <time>2024-07-02T15:54:13Z</time>
   </trkpt>
   <trkpt lat="52.8361490" lon="-6.9331370">
    <ele>48.0</ele>
    <time>2024-07-02T15:54:14Z</time>
   </trkpt>
   <trkpt lat="52.8361200" lon="-6.9330930">
    <ele>48.0</ele>
    <time>2024-07-02T15:54:15Z</time>
   </trkpt>
   <trkpt lat="52.8360960" lon="-6.9330410">
    <ele>48.1</ele>
    <time>2024-07-02T15:54:16Z</time>
   </trkpt>
   <trkpt lat="52.8360760" lon="-6.9329940">
    <ele>48.1</ele>
    <time>2024-07-02T15:54:17Z</time>
   </trkpt>
   <trkpt lat="52.8360560" lon="-6.9329560">
    <ele>48.1</ele>
    <time>2024-07-02T15:54:18Z</time>
   </trkpt>
   <trkpt lat="52.8360400" lon="-6.9329070">
    <ele>48.2</ele>
    <time>2024-07-02T15:54:19Z</time>
   </trkpt>
   <trkpt lat="52.8360240" lon="-6.9328680">
    <ele>48.2</ele>
    <time>2024-07-02T15:54:20Z</time>
   </trkpt>
   <trkpt lat="52.8360170" lon="-6.9328110">
    <ele>48.3</ele>
    <time>2024-07-02T15:54:21Z</time>
   </trkpt>
   <trkpt lat="52.8360130" lon="-6.9327580">
    <ele>48.3</ele>
    <time>2024-07-02T15:54:22Z</time>
   </trkpt>
   <trkpt lat="52.8360120" lon="-6.9327460">
    <ele>48.3</ele>
    <time>2024-07-02T15:54:23Z</time>
   </trkpt>
   <trkpt lat="52.8360130" lon="-6.9327390">
    <ele>48.3</ele>
    <time>2024-07-02T15:54:24Z</time>
   </trkpt>
   <trkpt lat="52.8360120" lon="-6.9327380">
    <ele>48.3</ele>
    <time>2024-07-02T15:54:25Z</time>
   </trkpt>
   <trkpt lat="52.8360110" lon="-6.9327380">
    <ele>48.3</ele>
    <time>2024-07-02T15:54:26Z</time>
   </trkpt>
   <trkpt lat="52.8360110" lon="-6.9327370">
    <ele>48.3</ele>
    <time>2024-07-02T15:54:27Z</time>
   </trkpt>
   <trkpt lat="52.8360100" lon="-6.9327370">
    <ele>48.3</ele>
    <time>2024-07-02T15:54:28Z</time>
   </trkpt>
   <trkpt lat="52.8360100" lon="-6.9327360">
    <ele>48.3</ele>
    <time>2024-07-02T15:54:29Z</time>
   </trkpt>
   <trkpt lat="52.8360090" lon="-6.9327360">
    <ele>48.3</ele>
    <time>2024-07-02T15:54:30Z</time>
   </trkpt>
   <trkpt lat="52.8360090" lon="-6.9327350">
    <ele>48.3</ele>
    <time>2024-07-02T15:54:31Z</time>
   </trkpt>
   <trkpt lat="52.8360080" lon="-6.9327350">
    <ele>48.3</ele>
    <time>2024-07-02T15:54:32Z</time>
   </trkpt>
   <trkpt lat="52.8360080" lon="-6.9327340">
    <ele>48.3</ele>
    <time>2024-07-02T15:54:33Z</time>
   </trkpt>
   <trkpt lat="52.8360070" lon="-6.9327340">
    <ele>48.3</ele>
    <time>2024-07-02T15:54:34Z</time>
   </trkpt>
   <trkpt lat="52.8360070" lon="-6.9327330">
    <ele>48.3</ele>
    <time>2024-07-02T15:54:35Z</time>
   </trkpt>
   <trkpt lat="52.8360060" lon="-6.9327330">
    <ele>48.3</ele>
    <time>2024-07-02T15:54:36Z</time>
   </trkpt>
   <trkpt lat="52.8360060" lon="-6.9327320">
    <ele>48.3</ele>
    <time>2024-07-02T15:54:37Z</time>
   </trkpt>
   <trkpt lat="52.8360050" lon="-6.9327320">
    <ele>48.3</ele>
    <time>2024-07-02T15:54:38Z</time>
   </trkpt>
   <trkpt lat="52.8360050" lon="-6.9327310">
    <ele>48.3</ele>
    <time>2024-07-02T15:54:39Z</time>
   </trkpt>
   <trkpt lat="52.8360040" lon="-6.9327310">
    <ele>48.3</ele>
    <time>2024-07-02T15:54:40Z</time>
   </trkpt>
   <trkpt lat="52.8360040" lon="-6.9327300">
    <ele>48.3</ele>
    <time>2024-07-02T15:54:41Z</time>
   </trkpt>
   <trkpt lat="52.8360030" lon="-6.9327300">
    <ele>48.3</ele>
    <time>2024-07-02T15:54:42Z</time>
   </trkpt>
   <trkpt lat="52.8360030" lon="-6.9327290">
    <ele>48.3</ele>
    <time>2024-07-02T15:54:43Z</time>
   </trkpt>
   <trkpt lat="52.8360020" lon="-6.9327290">
    <ele>48.4</ele>
    <time>2024-07-02T15:54:44Z</time>
   </trkpt>
   <trkpt lat="52.8360020" lon="-6.9327280">
    <ele>48.4</ele>
    <time>2024-07-02T15:54:45Z</time>
   </trkpt>
   <trkpt lat="52.8360010" lon="-6.9327280">
    <ele>48.4</ele>
    <time>2024-07-02T15:54:46Z</time>
   </trkpt>
   <trkpt lat="52.8360010" lon="-6.9327270">
    <ele>48.4</ele>
    <time>2024-07-02T15:54:47Z</time>
   </trkpt>
   <trkpt lat="52.8360000" lon="-6.9327270">
    <ele>48.4</ele>
    <time>2024-07-02T15:54:48Z</time>
   </trkpt>
   <trkpt lat="52.8360000" lon="-6.9327260">
    <ele>48.4</ele>
    <time>2024-07-02T15:54:49Z</time>
   </trkpt>
   <trkpt lat="52.8359990" lon="-6.9327260">
    <ele>48.4</ele>
    <time>2024-07-02T15:54:50Z</time>
   </trkpt>
   <trkpt lat="52.8359980" lon="-6.9327250">
    <ele>48.4</ele>
    <time>2024-07-02T15:54:51Z</time>
   </trkpt>
   <trkpt lat="52.8359980" lon="-6.9327250">
    <ele>48.4</ele>
    <time>2024-07-02T15:54:52Z</time>
   </trkpt>
   <trkpt lat="52.8359970" lon="-6.9327240">
    <ele>48.4</ele>
    <time>2024-07-02T15:54:53Z</time>
   </trkpt>
   <trkpt lat="52.8359970" lon="-6.9327240">
    <ele>48.4</ele>
    <time>2024-07-02T15:54:54Z</time>
   </trkpt>
   <trkpt lat="52.8359960" lon="-6.9327230">
    <ele>48.4</ele>
    <time>2024-07-02T15:54:55Z</time>
   </trkpt>
   <trkpt lat="52.8359960" lon="-6.9327230">
    <ele>48.4</ele>
    <time>2024-07-02T15:54:56Z</time>
   </trkpt>
   <trkpt lat="52.8359950" lon="-6.9327220">
    <ele>48.4</ele>
    <time>2024-07-02T15:54:57Z</time>
   </trkpt>
   <trkpt lat="52.8359950" lon="-6.9327220">
    <ele>48.4</ele>
    <time>2024-07-02T15:54:58Z</time>
   </trkpt>
   <trkpt lat="52.8359940" lon="-6.9327210">
    <ele>48.4</ele>
    <time>2024-07-02T15:54:59Z</time>
   </trkpt>
   <trkpt lat="52.8359940" lon="-6.9327210">
    <ele>48.4</ele>
    <time>2024-07-02T15:55:00Z</time>
   </trkpt>
   <trkpt lat="52.8359930" lon="-6.9327200">
    <ele>48.4</ele>
    <time>2024-07-02T15:55:01Z</time>
   </trkpt>
   <trkpt lat="52.8359930" lon="-6.9327200">
    <ele>48.4</ele>
    <time>2024-07-02T15:55:02Z</time>
   </trkpt>
   <trkpt lat="52.8359920" lon="-6.9327190">
    <ele>48.4</ele>
    <time>2024-07-02T15:55:03Z</time>
   </trkpt>
   <trkpt lat="52.8359920" lon="-6.9327190">
    <ele>48.4</ele>
    <time>2024-07-02T15:55:04Z</time>
   </trkpt>
   <trkpt lat="52.8359910" lon="-6.9327180">
    <ele>48.4</ele>
    <time>2024-07-02T15:55:05Z</time>
   </trkpt>
   <trkpt lat="52.8359910" lon="-6.9327180">
    <ele>48.4</ele>
    <time>2024-07-02T15:55:06Z</time>
   </trkpt>
   <trkpt lat="52.8359900" lon="-6.9327170">
    <ele>48.4</ele>
    <time>2024-07-02T15:55:07Z</time>
   </trkpt>
   <trkpt lat="52.8359900" lon="-6.9327170">
    <ele>48.4</ele>
    <time>2024-07-02T15:55:08Z</time>
   </trkpt>
   <trkpt lat="52.8359890" lon="-6.9327160">
    <ele>48.4</ele>
    <time>2024-07-02T15:55:09Z</time>
   </trkpt>
   <trkpt lat="52.8359890" lon="-6.9327160">
    <ele>48.4</ele>
    <time>2024-07-02T15:55:10Z</time>
   </trkpt>
   <trkpt lat="52.8359880" lon="-6.9327150">
    <ele>48.4</ele>
    <time>2024-07-02T15:55:11Z</time>
   </trkpt>
   <trkpt lat="52.8359880" lon="-6.9327150">
    <ele>48.4</ele>
    <time>2024-07-02T15:55:12Z</time>
   </trkpt>
   <trkpt lat="52.8359870" lon="-6.9327140">
    <ele>48.4</ele>
    <time>2024-07-02T15:55:13Z</time>
   </trkpt>
   <trkpt lat="52.8359870" lon="-6.9327140">
    <ele>48.4</ele>
    <time>2024-07-02T15:55:14Z</time>
   </trkpt>
   <trkpt lat="52.8359860" lon="-6.9327130">
    <ele>48.4</ele>
    <time>2024-07-02T15:55:15Z</time>
   </trkpt>
   <trkpt lat="52.8359860" lon="-6.9327130">
    <ele>48.4</ele>
    <time>2024-07-02T15:55:16Z</time>
   </trkpt>
   <trkpt lat="52.8359850" lon="-6.9327120">
    <ele>48.4</ele>
    <time>2024-07-02T15:55:17Z</time>
   </trkpt>
   <trkpt lat="52.8359840" lon="-6.9327120">
    <ele>48.4</ele>
    <time>2024-07-02T15:55:18Z</time>
   </trkpt>
   <trkpt lat="52.8359840" lon="-6.9327110">
    <ele>48.4</ele>
    <time>2024-07-02T15:55:19Z</time>
   </trkpt>
   <trkpt lat="52.8359830" lon="-6.9327110">
    <ele>48.4</ele>
    <time>2024-07-02T15:55:20Z</time>
   </trkpt>
   <trkpt lat="52.8359830" lon="-6.9327100">
    <ele>48.4</ele>
    <time>2024-07-02T15:55:21Z</time>
   </trkpt>
   <trkpt lat="52.8359820" lon="-6.9327100">
    <ele>48.4</ele>
    <time>2024-07-02T15:55:22Z</time>
   </trkpt>
   <trkpt lat="52.8359820" lon="-6.9327090">
    <ele>48.4</ele>
    <time>2024-07-02T15:55:23Z</time>
   </trkpt>
   <trkpt lat="52.8359810" lon="-6.9327090">
    <ele>48.4</ele>
    <time>2024-07-02T15:55:24Z</time>
   </trkpt>
   <trkpt lat="52.8359810" lon="-6.9327080">
    <ele>48.4</ele>
    <time>2024-07-02T15:55:25Z</time>
   </trkpt>
   <trkpt lat="52.8359800" lon="-6.9327080">
    <ele>48.4</ele>
    <time>2024-07-02T15:55:26Z</time>
   </trkpt>
   <trkpt lat="52.8359800" lon="-6.9327070">
    <ele>48.4</ele>
    <time>2024-07-02T15:55:27Z</time>
   </trkpt>
   <trkpt lat="52.8359790" lon="-6.9327070">
    <ele>48.4</ele>
    <time>2024-07-02T15:55:28Z</time>
   </trkpt>
   <trkpt lat="52.8359790" lon="-6.9327060">
    <ele>48.4</ele>
    <time>2024-07-02T15:55:29Z</time>
   </trkpt>
   <trkpt lat="52.8359780" lon="-6.9327060">
    <ele>48.4</ele>
    <time>2024-07-02T15:55:30Z</time>
   </trkpt>
   <trkpt lat="52.8359780" lon="-6.9327050">
    <ele>48.4</ele>
    <time>2024-07-02T15:55:31Z</time>
   </trkpt>
   <trkpt lat="52.8359770" lon="-6.9327050">
    <ele>48.4</ele>
    <time>2024-07-02T15:55:32Z</time>
   </trkpt>
   <trkpt lat="52.8359770" lon="-6.9327040">
    <ele>48.4</ele>
    <time>2024-07-02T15:55:33Z</time>
   </trkpt>
   <trkpt lat="52.8359760" lon="-6.9327040">
    <ele>48.4</ele>
    <time>2024-07-02T15:55:34Z</time>
   </trkpt>
   <trkpt lat="52.8359760" lon="-6.9327030">
    <ele>48.4</ele>
    <time>2024-07-02T15:55:35Z</time>
   </trkpt>
   <trkpt lat="52.8359750" lon="-6.9327030">
    <ele>48.4</ele>
    <time>2024-07-02T15:55:36Z</time>
   </trkpt>
   <trkpt lat="52.8359750" lon="-6.9327020">
    <ele>48.4</ele>
    <time>2024-07-02T15:55:37Z</time>
   </trkpt>
   <trkpt lat="52.8359740" lon="-6.9327020">
    <ele>48.4</ele>
    <time>2024-07-02T15:55:38Z</time>
   </trkpt>
   <trkpt lat="52.8359740" lon="-6.9327010">
    <ele>48.4</ele>
    <time>2024-07-02T15:55:39Z</time>
   </trkpt>
   <trkpt lat="52.8359730" lon="-6.9327010">
    <ele>48.4</ele>
    <time>2024-07-02T15:55:40Z</time>
   </trkpt>
   <trkpt lat="52.8359730" lon="-6.9327000">
    <ele>48.4</ele>
    <time>2024-07-02T15:55:41Z</time>
   </trkpt>
   <trkpt lat="52.8359720" lon="-6.9327000">
    <ele>48.4</ele>
    <time>2024-07-02T15:55:42Z</time>
   </trkpt>
   <trkpt lat="52.8359710" lon="-6.9326990">
    <ele>48.4</ele>
    <time>2024-07-02T15:55:43Z</time>
   </trkpt>
   <trkpt lat="52.8359710" lon="-6.9326990">
    <ele>48.4</ele>
    <time>2024-07-02T15:55:44Z</time>
   </trkpt>
   <trkpt lat="52.8359700" lon="-6.9326980">
    <ele>48.4</ele>
    <time>2024-07-02T15:55:45Z</time>
   </trkpt>
   <trkpt lat="52.8359700" lon="-6.9326980">
    <ele>48.4</ele>
    <time>2024-07-02T15:55:46Z</time>
   </trkpt>
   <trkpt lat="52.8359690" lon="-6.9326970">
    <ele>48.4</ele>
    <time>2024-07-02T15:55:47Z</time>
   </trkpt>
   <trkpt lat="52.8359690" lon="-6.9326970">
    <ele>48.4</ele>
    <time>2024-07-02T15:55:48Z</time>
   </trkpt>
   <trkpt lat="52.8359680" lon="-6.9326960">
    <ele>48.4</ele>
    <time>2024-07-02T15:55:49Z</time>
   </trkpt>
   <trkpt lat="52.8359680" lon="-6.9326960">
    <ele>48.4</ele>
    <time>2024-07-02T15:55:50Z</time>
   </trkpt>
   <trkpt lat="52.8359670" lon="-6.9326950">
    <ele>48.4</ele>
    <time>2024-07-02T15:55:51Z</time>
   </trkpt>
   <trkpt lat="52.8359670" lon="-6.9326950">
    <ele>48.4</ele>
    <time>2024-07-02T15:55:52Z</time>
   </trkpt>
   <trkpt lat="52.8359660" lon="-6.9326940">
    <ele>48.4</ele>
    <time>2024-07-02T15:55:53Z</time>
   </trkpt>
   <trkpt lat="52.8359660" lon="-6.9326940">
    <ele>48.4</ele>
    <time>2024-07-02T15:55:54Z</time>
   </trkpt>
   <trkpt lat="52.8359730" lon="-6.9326080">
    <ele>48.5</ele>
    <time>2024-07-02T15:55:55Z</time>
   </trkpt>
   <trkpt lat="52.8359610" lon="-6.9325430">
    <ele>48.6</ele>
    <time>2024-07-02T15:55:56Z</time>
   </trkpt>
   <trkpt lat="52.8359450" lon="-6.9324940">
    <ele>48.7</ele>
    <time>2024-07-02T15:55:57Z</time>
   </trkpt>
   <trkpt lat="52.8359170" lon="-6.9324570">
    <ele>48.7</ele>
    <time>2024-07-02T15:55:58Z</time>
   </trkpt>
   <trkpt lat="52.8358840" lon="-6.9324210">
    <ele>48.8</ele>
    <time>2024-07-02T15:55:59Z</time>
   </trkpt>
   <trkpt lat="52.8358560" lon="-6.9323880">
    <ele>48.9</ele>
    <time>2024-07-02T15:56:00Z</time>
   </trkpt>
   <trkpt lat="52.8358370" lon="-6.9323540">
    <ele>48.9</ele>
    <time>2024-07-02T15:56:01Z</time>
   </trkpt>
   <trkpt lat="52.8358180" lon="-6.9323090">
    <ele>49.0</ele>
    <time>2024-07-02T15:56:02Z</time>
   </trkpt>
   <trkpt lat="52.8357940" lon="-6.9322420">
    <ele>49.0</ele>
    <time>2024-07-02T15:56:03Z</time>
   </trkpt>
   <trkpt lat="52.8357680" lon="-6.9321690">
    <ele>49.1</ele>
    <time>2024-07-02T15:56:04Z</time>
   </trkpt>
   <trkpt lat="52.8357360" lon="-6.9320750">
    <ele>49.2</ele>
    <time>2024-07-02T15:56:05Z</time>
   </trkpt>
   <trkpt lat="52.8357100" lon="-6.9319890">
    <ele>49.3</ele>
    <time>2024-07-02T15:56:06Z</time>
   </trkpt>
   <trkpt lat="52.8356880" lon="-6.9318970">
    <ele>49.4</ele>
    <time>2024-07-02T15:56:07Z</time>
   </trkpt>
   <trkpt lat="52.8356680" lon="-6.9318040">
    <ele>49.5</ele>
    <time>2024-07-02T15:56:08Z</time>
   </trkpt>
   <trkpt lat="52.8356440" lon="-6.9317130">
    <ele>49.7</ele>
    <time>2024-07-02T15:56:09Z</time>
   </trkpt>
   <trkpt lat="52.8356240" lon="-6.9316140">
    <ele>49.8</ele>
    <time>2024-07-02T15:56:10Z</time>
   </trkpt>
   <trkpt lat="52.8355980" lon="-6.9315130">
    <ele>49.9</ele>
    <time>2024-07-02T15:56:11Z</time>
   </trkpt>
   <trkpt lat="52.8355660" lon="-6.9314250">
    <ele>50.1</ele>
    <time>2024-07-02T15:56:12Z</time>
   </trkpt>
   <trkpt lat="52.8355340" lon="-6.9313530">
    <ele>50.2</ele>
    <time>2024-07-02T15:56:13Z</time>
   </trkpt>
   <trkpt lat="52.8355050" lon="-6.9312770">
    <ele>50.3</ele>
    <time>2024-07-02T15:56:14Z</time>
   </trkpt>
   <trkpt lat="52.8354760" lon="-6.9312040">
    <ele>50.4</ele>
    <time>2024-07-02T15:56:15Z</time>
   </trkpt>
   <trkpt lat="52.8354460" lon="-6.9311180">
    <ele>50.6</ele>
    <time>2024-07-02T15:56:16Z</time>
   </trkpt>
   <trkpt lat="52.8354070" lon="-6.9310370">
    <ele>50.7</ele>
    <time>2024-07-02T15:56:17Z</time>
   </trkpt>
   <trkpt lat="52.8353740" lon="-6.9309660">
    <ele>50.8</ele>
    <time>2024-07-02T15:56:18Z</time>
   </trkpt>
   <trkpt lat="52.8353380" lon="-6.9308830">
    <ele>50.9</ele>
    <time>2024-07-02T15:56:19Z</time>
   </trkpt>
   <trkpt lat="52.8353100" lon="-6.9307990">
    <ele>50.9</ele>
    <time>2024-07-02T15:56:20Z</time>
   </trkpt>
   <trkpt lat="52.8352880" lon="-6.9307220">
    <ele>50.9</ele>
    <time>2024-07-02T15:56:21Z</time>
   </trkpt>
   <trkpt lat="52.8352650" lon="-6.9306420">
    <ele>51.0</ele>
    <time>2024-07-02T15:56:22Z</time>
   </trkpt>
   <trkpt lat="52.8352360" lon="-6.9305600">
    <ele>51.1</ele>
    <time>2024-07-02T15:56:23Z</time>
   </trkpt>
   <trkpt lat="52.8352100" lon="-6.9304880">
    <ele>51.2</ele>
    <time>2024-07-02T15:56:24Z</time>
   </trkpt>
   <trkpt lat="52.8351830" lon="-6.9304020">
    <ele>51.3</ele>
    <time>2024-07-02T15:56:25Z</time>
   </trkpt>
   <trkpt lat="52.8351580" lon="-6.9303100">
    <ele>51.4</ele>
    <time>2024-07-02T15:56:26Z</time>
   </trkpt>
   <trkpt lat="52.8351300" lon="-6.9302260">
    <ele>51.6</ele>
    <time>2024-07-02T15:56:27Z</time>
   </trkpt>
   <trkpt lat="52.8351050" lon="-6.9301530">
    <ele>51.7</ele>
    <time>2024-07-02T15:56:28Z</time>
   </trkpt>
   <trkpt lat="52.8350820" lon="-6.9300820">
    <ele>51.8</ele>
    <time>2024-07-02T15:56:29Z</time>
   </trkpt>
   <trkpt lat="52.8350620" lon="-6.9300120">
    <ele>51.9</ele>
    <time>2024-07-02T15:56:30Z</time>
   </trkpt>
   <trkpt lat="52.8350440" lon="-6.9299490">
    <ele>52.0</ele>
    <time>2024-07-02T15:56:31Z</time>
   </trkpt>
   <trkpt lat="52.8350320" lon="-6.9298880">
    <ele>52.0</ele>
    <time>2024-07-02T15:56:32Z</time>
   </trkpt>
   <trkpt lat="52.8350220" lon="-6.9298230">
    <ele>52.1</ele>
    <time>2024-07-02T15:56:33Z</time>
   </trkpt>
   <trkpt lat="52.8350130" lon="-6.9297500">
    <ele>52.1</ele>
    <time>2024-07-02T15:56:34Z</time>
   </trkpt>
   <trkpt lat="52.8350120" lon="-6.9296820">
    <ele>52.1</ele>
    <time>2024-07-02T15:56:35Z</time>
   </trkpt>
   <trkpt lat="52.8350060" lon="-6.9295940">
    <ele>52.2</ele>
    <time>2024-07-02T15:56:36Z</time>
   </trkpt>
   <trkpt lat="52.8350150" lon="-6.9295290">
    <ele>52.3</ele>
    <time>2024-07-02T15:56:37Z</time>
   </trkpt>
   <trkpt lat="52.8350330" lon="-6.9294710">
    <ele>52.3</ele>
    <time>2024-07-02T15:56:38Z</time>
   </trkpt>
   <trkpt lat="52.8350470" lon="-6.9294290">
    <ele>52.3</ele>
    <time>2024-07-02T15:56:39Z</time>
   </trkpt>
   <trkpt lat="52.8350630" lon="-6.9293920">
    <ele>52.4</ele>
    <time>2024-07-02T15:56:40Z</time>
   </trkpt>
   <trkpt lat="52.8350730" lon="-6.9293400">
    <ele>52.4</ele>
    <time>2024-07-02T15:56:41Z</time>
   </trkpt>
   <trkpt lat="52.8350760" lon="-6.9292850">
    <ele>52.4</ele>
    <time>2024-07-02T15:56:42Z</time>
   </trkpt>
   <trkpt lat="52.8350780" lon="-6.9292280">
    <ele>52.4</ele>
    <time>2024-07-02T15:56:43Z</time>
   </trkpt>
   <trkpt lat="52.8350650" lon="-6.9291690">
    <ele>52.4</ele>
    <time>2024-07-02T15:56:44Z</time>
   </trkpt>
   <trkpt lat="52.8350440" lon="-6.9291180">
    <ele>52.4</ele>
    <time>2024-07-02T15:56:45Z</time>
   </trkpt>
   <trkpt lat="52.8350120" lon="-6.9290720">
    <ele>52.4</ele>
    <time>2024-07-02T15:56:46Z</time>
   </trkpt>
   <trkpt lat="52.8349760" lon="-6.9290260">
    <ele>52.4</ele>
    <time>2024-07-02T15:56:47Z</time>
   </trkpt>
   <trkpt lat="52.8349380" lon="-6.9289670">
    <ele>52.4</ele>
    <time>2024-07-02T15:56:48Z</time>
   </trkpt>
   <trkpt lat="52.8349010" lon="-6.9288980">
    <ele>52.3</ele>
    <time>2024-07-02T15:56:49Z</time>
   </trkpt>
   <trkpt lat="52.8348700" lon="-6.9288330">
    <ele>52.3</ele>
    <time>2024-07-02T15:56:50Z</time>
   </trkpt>
   <trkpt lat="52.8348310" lon="-6.9287570">
    <ele>52.3</ele>
    <time>2024-07-02T15:56:51Z</time>
   </trkpt>
   <trkpt lat="52.8347910" lon="-6.9286740">
    <ele>52.2</ele>
    <time>2024-07-02T15:56:52Z</time>
   </trkpt>
   <trkpt lat="52.8347540" lon="-6.9285950">
    <ele>52.2</ele>
    <time>2024-07-02T15:56:53Z</time>
   </trkpt>
   <trkpt lat="52.8347190" lon="-6.9285130">
    <ele>52.1</ele>
    <time>2024-07-02T15:56:54Z</time>
   </trkpt>
   <trkpt lat="52.8346860" lon="-6.9284210">
    <ele>52.1</ele>
    <time>2024-07-02T15:56:55Z</time>
   </trkpt>
   <trkpt lat="52.8346520" lon="-6.9283350">
    <ele>52.0</ele>
    <time>2024-07-02T15:56:56Z</time>
   </trkpt>
   <trkpt lat="52.8346190" lon="-6.9282470">
    <ele>52.0</ele>
    <time>2024-07-02T15:56:57Z</time>
   </trkpt>
   <trkpt lat="52.8345870" lon="-6.9281700">
    <ele>51.9</ele>
    <time>2024-07-02T15:56:58Z</time>
   </trkpt>
   <trkpt lat="52.8345590" lon="-6.9280940">
    <ele>51.8</ele>
    <time>2024-07-02T15:56:59Z</time>
   </trkpt>
   <trkpt lat="52.8345240" lon="-6.9280250">
    <ele>51.8</ele>
    <time>2024-07-02T15:57:00Z</time>
   </trkpt>
   <trkpt lat="52.8344940" lon="-6.9279440">
    <ele>51.7</ele>
    <time>2024-07-02T15:57:01Z</time>
   </trkpt>
   <trkpt lat="52.8344670" lon="-6.9278750">
    <ele>51.6</ele>
    <time>2024-07-02T15:57:02Z</time>
   </trkpt>
   <trkpt lat="52.8344400" lon="-6.9278110">
    <ele>51.6</ele>
    <time>2024-07-02T15:57:03Z</time>
   </trkpt>
   <trkpt lat="52.8344140" lon="-6.9277380">
    <ele>51.5</ele>
    <time>2024-07-02T15:57:04Z</time>
   </trkpt>
   <trkpt lat="52.8343860" lon="-6.9276550">
    <ele>51.5</ele>
    <time>2024-07-02T15:57:05Z</time>
   </trkpt>
   <trkpt lat="52.8343590" lon="-6.9275870">
    <ele>51.5</ele>
    <time>2024-07-02T15:57:06Z</time>
   </trkpt>
   <trkpt lat="52.8343310" lon="-6.9275190">
    <ele>51.4</ele>
    <time>2024-07-02T15:57:07Z</time>
   </trkpt>
   <trkpt lat="52.8343090" lon="-6.9274630">
    <ele>51.4</ele>
    <time>2024-07-02T15:57:08Z</time>
   </trkpt>
   <trkpt lat="52.8342870" lon="-6.9274090">
    <ele>51.3</ele>
    <time>2024-07-02T15:57:09Z</time>
   </trkpt>
   <trkpt lat="52.8342680" lon="-6.9273630">
    <ele>51.3</ele>
    <time>2024-07-02T15:57:10Z</time>
   </trkpt>
   <trkpt lat="52.8342460" lon="-6.9273240">
    <ele>51.3</ele>
    <time>2024-07-02T15:57:11Z</time>
   </trkpt>
   <trkpt lat="52.8342400" lon="-6.9273160">
    <ele>51.3</ele>
    <time>2024-07-02T15:57:12Z</time>
   </trkpt>
   <trkpt lat="52.8342310" lon="-6.9273020">
    <ele>51.3</ele>
    <time>2024-07-02T15:57:13Z</time>
   </trkpt>
   <trkpt lat="52.8342290" lon="-6.9272950">
    <ele>51.3</ele>
    <time>2024-07-02T15:57:14Z</time>
   </trkpt>
   <trkpt lat="52.8342260" lon="-6.9272890">
    <ele>51.3</ele>
    <time>2024-07-02T15:57:15Z</time>
   </trkpt>
   <trkpt lat="52.8342240" lon="-6.9272820">
    <ele>51.2</ele>
    <time>2024-07-02T15:57:16Z</time>
   </trkpt>
   <trkpt lat="52.8342210" lon="-6.9272750">
    <ele>51.2</ele>
    <time>2024-07-02T15:57:17Z</time>
   </trkpt>
   <trkpt lat="52.8342190" lon="-6.9272690">
    <ele>51.2</ele>
    <time>2024-07-02T15:57:18Z</time>
   </trkpt>
   <trkpt lat="52.8342160" lon="-6.9272620">
    <ele>51.2</ele>
    <time>2024-07-02T15:57:19Z</time>
   </trkpt>
   <trkpt lat="52.8342140" lon="-6.9272560">
    <ele>51.2</ele>
    <time>2024-07-02T15:57:20Z</time>
   </trkpt>
   <trkpt lat="52.8342110" lon="-6.9272490">
    <ele>51.2</ele>
    <time>2024-07-02T15:57:21Z</time>
   </trkpt>
   <trkpt lat="52.8342090" lon="-6.9272430">
    <ele>51.2</ele>
    <time>2024-07-02T15:57:22Z</time>
   </trkpt>
   <trkpt lat="52.8342070" lon="-6.9272360">
    <ele>51.2</ele>
    <time>2024-07-02T15:57:23Z</time>
   </trkpt>
   <trkpt lat="52.8342040" lon="-6.9272300">
    <ele>51.2</ele>
    <time>2024-07-02T15:57:24Z</time>
   </trkpt>
   <trkpt lat="52.8342020" lon="-6.9272230">
    <ele>51.2</ele>
    <time>2024-07-02T15:57:25Z</time>
   </trkpt>
   <trkpt lat="52.8341860" lon="-6.9271610">
    <ele>51.2</ele>
    <time>2024-07-02T15:57:26Z</time>
   </trkpt>
   <trkpt lat="52.8341700" lon="-6.9270970">
    <ele>51.1</ele>
    <time>2024-07-02T15:57:27Z</time>
   </trkpt>
   <trkpt lat="52.8341450" lon="-6.9270420">
    <ele>51.1</ele>
    <time>2024-07-02T15:57:28Z</time>
   </trkpt>
   <trkpt lat="52.8341210" lon="-6.9269890">
    <ele>51.1</ele>
    <time>2024-07-02T15:57:29Z</time>
   </trkpt>
   <trkpt lat="52.8340940" lon="-6.9269460">
    <ele>51.1</ele>
    <time>2024-07-02T15:57:30Z</time>
   </trkpt>
   <trkpt lat="52.8340610" lon="-6.9269160">
    <ele>51.1</ele>
    <time>2024-07-02T15:57:31Z</time>
   </trkpt>
   <trkpt lat="52.8340190" lon="-6.9269060">
    <ele>51.1</ele>
    <time>2024-07-02T15:57:32Z</time>
   </trkpt>
   <trkpt lat="52.8339850" lon="-6.9269180">
    <ele>51.1</ele>
    <time>2024-07-02T15:57:33Z</time>
   </trkpt>
   <trkpt lat="52.8339440" lon="-6.9269380">
    <ele>51.1</ele>
    <time>2024-07-02T15:57:34Z</time>
   </trkpt>
   <trkpt lat="52.8339040" lon="-6.9269560">
    <ele>51.2</ele>
    <time>2024-07-02T15:57:35Z</time>
   </trkpt>
   <trkpt lat="52.8338600" lon="-6.9269600">
    <ele>51.2</ele>
    <time>2024-07-02T15:57:36Z</time>
   </trkpt>
   <trkpt lat="52.8338200" lon="-6.9269490">
    <ele>51.2</ele>
    <time>2024-07-02T15:57:37Z</time>
   </trkpt>
   <trkpt lat="52.8337810" lon="-6.9269190">
    <ele>51.3</ele>
    <time>2024-07-02T15:57:38Z</time>
   </trkpt>
   <trkpt lat="52.8337400" lon="-6.9268710">
    <ele>51.2</ele>
    <time>2024-07-02T15:57:39Z</time>
   </trkpt>
   <trkpt lat="52.8336940" lon="-6.9268080">
    <ele>51.2</ele>
    <time>2024-07-02T15:57:40Z</time>
   </trkpt>
   <trkpt lat="52.8336460" lon="-6.9267370">
    <ele>51.2</ele>
    <time>2024-07-02T15:57:41Z</time>
   </trkpt>
   <trkpt lat="52.8336020" lon="-6.9266520">
    <ele>51.1</ele>
    <time>2024-07-02T15:57:42Z</time>
   </trkpt>
   <trkpt lat="52.8335610" lon="-6.9265650">
    <ele>51.0</ele>
    <time>2024-07-02T15:57:43Z</time>
   </trkpt>
   <trkpt lat="52.8335150" lon="-6.9264800">
    <ele>50.9</ele>
    <time>2024-07-02T15:57:44Z</time>
   </trkpt>
   <trkpt lat="52.8334750" lon="-6.9264050">
    <ele>50.9</ele>
    <time>2024-07-02T15:57:45Z</time>
   </trkpt>
   <trkpt lat="52.8334400" lon="-6.9263410">
    <ele>50.8</ele>
    <time>2024-07-02T15:57:46Z</time>
   </trkpt>
   <trkpt lat="52.8334040" lon="-6.9262760">
    <ele>50.8</ele>
    <time>2024-07-02T15:57:47Z</time>
   </trkpt>
   <trkpt lat="52.8333740" lon="-6.9262050">
    <ele>50.8</ele>
    <time>2024-07-02T15:57:48Z</time>
   </trkpt>
   <trkpt lat="52.8333500" lon="-6.9261350">
    <ele>50.8</ele>
    <time>2024-07-02T15:57:49Z</time>
   </trkpt>
   <trkpt lat="52.8333310" lon="-6.9260710">
    <ele>50.7</ele>
    <time>2024-07-02T15:57:50Z</time>
   </trkpt>
   <trkpt lat="52.8333110" lon="-6.9260100">
    <ele>50.7</ele>
    <time>2024-07-02T15:57:51Z</time>
   </trkpt>
   <trkpt lat="52.8332900" lon="-6.9259680">
    <ele>50.7</ele>
    <time>2024-07-02T15:57:52Z</time>
   </trkpt>
   <trkpt lat="52.8332650" lon="-6.9259380">
    <ele>50.7</ele>
    <time>2024-07-02T15:57:53Z</time>
   </trkpt>
   <trkpt lat="52.8332330" lon="-6.9259290">
    <ele>50.6</ele>
    <time>2024-07-02T15:57:54Z</time>
   </trkpt>
   <trkpt lat="52.8331960" lon="-6.9259340">
    <ele>50.5</ele>
    <time>2024-07-02T15:57:55Z</time>
   </trkpt>
   <trkpt lat="52.8331670" lon="-6.9259610">
    <ele>50.6</ele>
    <time>2024-07-02T15:57:56Z</time>
   </trkpt>
   <trkpt lat="52.8331500" lon="-6.9260060">
    <ele>50.6</ele>
    <time>2024-07-02T15:57:57Z</time>
   </trkpt>
   <trkpt lat="52.8331500" lon="-6.9260620">
    <ele>50.7</ele>
    <time>2024-07-02T15:57:58Z</time>
   </trkpt>
   <trkpt lat="52.8331660" lon="-6.9261160">
    <ele>50.7</ele>
    <time>2024-07-02T15:57:59Z</time>
   </trkpt>
   <trkpt lat="52.8331980" lon="-6.9261540">
    <ele>50.8</ele>
    <time>2024-07-02T15:58:00Z</time>
   </trkpt>
   <trkpt lat="52.8332400" lon="-6.9261710">
    <ele>50.9</ele>
    <time>2024-07-02T15:58:01Z</time>
   </trkpt>
   <trkpt lat="52.8332820" lon="-6.9261950">
    <ele>50.9</ele>
    <time>2024-07-02T15:58:02Z</time>
   </trkpt>
   <trkpt lat="52.8333260" lon="-6.9262250">
    <ele>51.0</ele>
    <time>2024-07-02T15:58:03Z</time>
   </trkpt>
   <trkpt lat="52.8333670" lon="-6.9262680">
    <ele>51.0</ele>
    <time>2024-07-02T15:58:04Z</time>
   </trkpt>
   <trkpt lat="52.8334060" lon="-6.9263230">
    <ele>51.1</ele>
    <time>2024-07-02T15:58:05Z</time>
   </trkpt>
   <trkpt lat="52.8334400" lon="-6.9263900">
    <ele>51.1</ele>
    <time>2024-07-02T15:58:06Z</time>
   </trkpt>
   <trkpt lat="52.8334730" lon="-6.9264600">
    <ele>51.2</ele>
    <time>2024-07-02T15:58:07Z</time>
   </trkpt>
   <trkpt lat="52.8335050" lon="-6.9265250">
    <ele>51.2</ele>
    <time>2024-07-02T15:58:08Z</time>
   </trkpt>
   <trkpt lat="52.8335350" lon="-6.9265860">
    <ele>51.2</ele>
    <time>2024-07-02T15:58:09Z</time>
   </trkpt>
   <trkpt lat="52.8335620" lon="-6.9266460">
    <ele>51.2</ele>
    <time>2024-07-02T15:58:10Z</time>
   </trkpt>
   <trkpt lat="52.8335850" lon="-6.9266930">
    <ele>51.2</ele>
    <time>2024-07-02T15:58:11Z</time>
   </trkpt>
   <trkpt lat="52.8336060" lon="-6.9267330">
    <ele>51.1</ele>
    <time>2024-07-02T15:58:12Z</time>
   </trkpt>
   <trkpt lat="52.8336210" lon="-6.9267580">
    <ele>51.2</ele>
    <time>2024-07-02T15:58:13Z</time>
   </trkpt>
   <trkpt lat="52.8336310" lon="-6.9267710">
    <ele>51.2</ele>
    <time>2024-07-02T15:58:14Z</time>
   </trkpt>
   <trkpt lat="52.8336390" lon="-6.9267830">
    <ele>51.2</ele>
    <time>2024-07-02T15:58:15Z</time>
   </trkpt>
   <trkpt lat="52.8336390" lon="-6.9267840">
    <ele>51.2</ele>
    <time>2024-07-02T15:58:16Z</time>
   </trkpt>
   <trkpt lat="52.8336390" lon="-6.9267840">
    <ele>51.2</ele>
    <time>2024-07-02T15:58:17Z</time>
   </trkpt>
   <trkpt lat="52.8336390" lon="-6.9267840">
    <ele>51.2</ele>
    <time>2024-07-02T15:58:18Z</time>
   </trkpt>
   <trkpt lat="52.8336400" lon="-6.9267850">
    <ele>51.2</ele>
    <time>2024-07-02T15:58:19Z</time>
   </trkpt>
   <trkpt lat="52.8336400" lon="-6.9267850">
    <ele>51.2</ele>
    <time>2024-07-02T15:58:20Z</time>
   </trkpt>
   <trkpt lat="52.8336400" lon="-6.9267850">
    <ele>51.2</ele>
    <time>2024-07-02T15:58:21Z</time>
   </trkpt>
   <trkpt lat="52.8336410" lon="-6.9267860">
    <ele>51.2</ele>
    <time>2024-07-02T15:58:22Z</time>
   </trkpt>
   <trkpt lat="52.8336410" lon="-6.9267860">
    <ele>51.2</ele>
    <time>2024-07-02T15:58:23Z</time>
   </trkpt>
   <trkpt lat="52.8336410" lon="-6.9267870">
    <ele>51.2</ele>
    <time>2024-07-02T15:58:24Z</time>
   </trkpt>
   <trkpt lat="52.8336410" lon="-6.9267870">
    <ele>51.2</ele>
    <time>2024-07-02T15:58:25Z</time>
   </trkpt>
   <trkpt lat="52.8336420" lon="-6.9267870">
    <ele>51.2</ele>
    <time>2024-07-02T15:58:26Z</time>
   </trkpt>
   <trkpt lat="52.8336420" lon="-6.9267880">
    <ele>51.2</ele>
    <time>2024-07-02T15:58:27Z</time>
   </trkpt>
   <trkpt lat="52.8336420" lon="-6.9267880">
    <ele>51.2</ele>
    <time>2024-07-02T15:58:28Z</time>
   </trkpt>
   <trkpt lat="52.8336420" lon="-6.9267890">
    <ele>51.2</ele>
    <time>2024-07-02T15:58:29Z</time>
   </trkpt>
   <trkpt lat="52.8336430" lon="-6.9267890">
    <ele>51.2</ele>
    <time>2024-07-02T15:58:30Z</time>
   </trkpt>
   <trkpt lat="52.8336430" lon="-6.9267890">
    <ele>51.2</ele>
    <time>2024-07-02T15:58:31Z</time>
   </trkpt>
   <trkpt lat="52.8336430" lon="-6.9267900">
    <ele>51.2</ele>
    <time>2024-07-02T15:58:32Z</time>
   </trkpt>
   <trkpt lat="52.8336440" lon="-6.9267900">
    <ele>51.2</ele>
    <time>2024-07-02T15:58:33Z</time>
   </trkpt>
   <trkpt lat="52.8336440" lon="-6.9267900">
    <ele>51.2</ele>
    <time>2024-07-02T15:58:34Z</time>
   </trkpt>
   <trkpt lat="52.8336440" lon="-6.9267910">
    <ele>51.2</ele>
    <time>2024-07-02T15:58:35Z</time>
   </trkpt>
   <trkpt lat="52.8336440" lon="-6.9267910">
    <ele>51.2</ele>
    <time>2024-07-02T15:58:36Z</time>
   </trkpt>
   <trkpt lat="52.8336450" lon="-6.9267920">
    <ele>51.2</ele>
    <time>2024-07-02T15:58:37Z</time>
   </trkpt>
   <trkpt lat="52.8336450" lon="-6.9267920">
    <ele>51.2</ele>
    <time>2024-07-02T15:58:38Z</time>
   </trkpt>
   <trkpt lat="52.8336450" lon="-6.9267920">
    <ele>51.2</ele>
    <time>2024-07-02T15:58:39Z</time>
   </trkpt>
   <trkpt lat="52.8336450" lon="-6.9267930">
    <ele>51.2</ele>
    <time>2024-07-02T15:58:40Z</time>
   </trkpt>
   <trkpt lat="52.8336460" lon="-6.9267930">
    <ele>51.2</ele>
    <time>2024-07-02T15:58:41Z</time>
   </trkpt>
   <trkpt lat="52.8336460" lon="-6.9267940">
    <ele>51.2</ele>
    <time>2024-07-02T15:58:42Z</time>
   </trkpt>
   <trkpt lat="52.8336460" lon="-6.9267940">
    <ele>51.2</ele>
    <time>2024-07-02T15:58:43Z</time>
   </trkpt>
   <trkpt lat="52.8336470" lon="-6.9267940">
    <ele>51.2</ele>
    <time>2024-07-02T15:58:44Z</time>
   </trkpt>
   <trkpt lat="52.8336470" lon="-6.9267950">
    <ele>51.2</ele>
    <time>2024-07-02T15:58:45Z</time>
   </trkpt>
   <trkpt lat="52.8336470" lon="-6.9267950">
    <ele>51.2</ele>
    <time>2024-07-02T15:58:46Z</time>
   </trkpt>
   <trkpt lat="52.8336470" lon="-6.9267950">
    <ele>51.2</ele>
    <time>2024-07-02T15:58:47Z</time>
   </trkpt>
   <trkpt lat="52.8336480" lon="-6.9267960">
    <ele>51.2</ele>
    <time>2024-07-02T15:58:48Z</time>
   </trkpt>
   <trkpt lat="52.8336480" lon="-6.9267960">
    <ele>51.2</ele>
    <time>2024-07-02T15:58:49Z</time>
   </trkpt>
   <trkpt lat="52.8336480" lon="-6.9267970">
    <ele>51.2</ele>
    <time>2024-07-02T15:58:50Z</time>
   </trkpt>
   <trkpt lat="52.8336490" lon="-6.9267970">
    <ele>51.2</ele>
    <time>2024-07-02T15:58:51Z</time>
   </trkpt>
   <trkpt lat="52.8336490" lon="-6.9267970">
    <ele>51.2</ele>
    <time>2024-07-02T15:58:52Z</time>
   </trkpt>
   <trkpt lat="52.8336490" lon="-6.9267980">
    <ele>51.2</ele>
    <time>2024-07-02T15:58:53Z</time>
   </trkpt>
   <trkpt lat="52.8336490" lon="-6.9267980">
    <ele>51.2</ele>
    <time>2024-07-02T15:58:54Z</time>
   </trkpt>
   <trkpt lat="52.8336500" lon="-6.9267990">
    <ele>51.2</ele>
    <time>2024-07-02T15:58:55Z</time>
   </trkpt>
   <trkpt lat="52.8336500" lon="-6.9267990">
    <ele>51.2</ele>
    <time>2024-07-02T15:58:56Z</time>
   </trkpt>
   <trkpt lat="52.8336500" lon="-6.9267990">
    <ele>51.2</ele>
    <time>2024-07-02T15:58:57Z</time>
   </trkpt>
   <trkpt lat="52.8336500" lon="-6.9268000">
    <ele>51.2</ele>
    <time>2024-07-02T15:58:58Z</time>
   </trkpt>
   <trkpt lat="52.8336510" lon="-6.9268000">
    <ele>51.2</ele>
    <time>2024-07-02T15:58:59Z</time>
   </trkpt>
   <trkpt lat="52.8336510" lon="-6.9268000">
    <ele>51.2</ele>
    <time>2024-07-02T15:59:00Z</time>
   </trkpt>
   <trkpt lat="52.8336510" lon="-6.9268010">
    <ele>51.2</ele>
    <time>2024-07-02T15:59:01Z</time>
   </trkpt>
   <trkpt lat="52.8336520" lon="-6.9268010">
    <ele>51.2</ele>
    <time>2024-07-02T15:59:02Z</time>
   </trkpt>
   <trkpt lat="52.8336520" lon="-6.9268020">
    <ele>51.2</ele>
    <time>2024-07-02T15:59:03Z</time>
   </trkpt>
   <trkpt lat="52.8336520" lon="-6.9268020">
    <ele>51.2</ele>
    <time>2024-07-02T15:59:04Z</time>
   </trkpt>
   <trkpt lat="52.8336520" lon="-6.9268020">
    <ele>51.2</ele>
    <time>2024-07-02T15:59:05Z</time>
   </trkpt>
   <trkpt lat="52.8336530" lon="-6.9268030">
    <ele>51.2</ele>
    <time>2024-07-02T15:59:06Z</time>
   </trkpt>
   <trkpt lat="52.8336530" lon="-6.9268030">
    <ele>51.2</ele>
    <time>2024-07-02T15:59:07Z</time>
   </trkpt>
   <trkpt lat="52.8336530" lon="-6.9268040">
    <ele>51.2</ele>
    <time>2024-07-02T15:59:08Z</time>
   </trkpt>
   <trkpt lat="52.8336530" lon="-6.9268040">
    <ele>51.2</ele>
    <time>2024-07-02T15:59:09Z</time>
   </trkpt>
   <trkpt lat="52.8336540" lon="-6.9268040">
    <ele>51.2</ele>
    <time>2024-07-02T15:59:10Z</time>
   </trkpt>
   <trkpt lat="52.8336540" lon="-6.9268050">
    <ele>51.2</ele>
    <time>2024-07-02T15:59:11Z</time>
   </trkpt>
   <trkpt lat="52.8336540" lon="-6.9268050">
    <ele>51.2</ele>
    <time>2024-07-02T15:59:12Z</time>
   </trkpt>
   <trkpt lat="52.8336550" lon="-6.9268050">
    <ele>51.2</ele>
    <time>2024-07-02T15:59:13Z</time>
   </trkpt>
   <trkpt lat="52.8336550" lon="-6.9268060">
    <ele>51.2</ele>
    <time>2024-07-02T15:59:14Z</time>
   </trkpt>
   <trkpt lat="52.8336550" lon="-6.9268060">
    <ele>51.2</ele>
    <time>2024-07-02T15:59:15Z</time>
   </trkpt>
   <trkpt lat="52.8336550" lon="-6.9268070">
    <ele>51.2</ele>
    <time>2024-07-02T15:59:16Z</time>
   </trkpt>
   <trkpt lat="52.8336560" lon="-6.9268070">
    <ele>51.2</ele>
    <time>2024-07-02T15:59:17Z</time>
   </trkpt>
   <trkpt lat="52.8336560" lon="-6.9268070">
    <ele>51.2</ele>
    <time>2024-07-02T15:59:18Z</time>
   </trkpt>
   <trkpt lat="52.8336560" lon="-6.9268080">
    <ele>51.2</ele>
    <time>2024-07-02T15:59:19Z</time>
   </trkpt>
   <trkpt lat="52.8336560" lon="-6.9268080">
    <ele>51.2</ele>
    <time>2024-07-02T15:59:20Z</time>
   </trkpt>
   <trkpt lat="52.8336570" lon="-6.9268090">
    <ele>51.2</ele>
    <time>2024-07-02T15:59:21Z</time>
   </trkpt>
   <trkpt lat="52.8336570" lon="-6.9268090">
    <ele>51.2</ele>
    <time>2024-07-02T15:59:22Z</time>
   </trkpt>
   <trkpt lat="52.8336570" lon="-6.9268090">
    <ele>51.2</ele>
    <time>2024-07-02T15:59:23Z</time>
   </trkpt>
   <trkpt lat="52.8336580" lon="-6.9268100">
    <ele>51.2</ele>
    <time>2024-07-02T15:59:24Z</time>
   </trkpt>
   <trkpt lat="52.8336580" lon="-6.9268100">
    <ele>51.2</ele>
    <time>2024-07-02T15:59:25Z</time>
   </trkpt>
   <trkpt lat="52.8336580" lon="-6.9268100">
    <ele>51.2</ele>
    <time>2024-07-02T15:59:26Z</time>
   </trkpt>
   <trkpt lat="52.8336580" lon="-6.9268110">
    <ele>51.2</ele>
    <time>2024-07-02T15:59:27Z</time>
   </trkpt>
   <trkpt lat="52.8336590" lon="-6.9268110">
    <ele>51.2</ele>
    <time>2024-07-02T15:59:28Z</time>
   </trkpt>
   <trkpt lat="52.8336590" lon="-6.9268120">
    <ele>51.2</ele>
    <time>2024-07-02T15:59:29Z</time>
   </trkpt>
   <trkpt lat="52.8336590" lon="-6.9268120">
    <ele>51.2</ele>
    <time>2024-07-02T15:59:30Z</time>
   </trkpt>
   <trkpt lat="52.8336600" lon="-6.9268120">
    <ele>51.2</ele>
    <time>2024-07-02T15:59:31Z</time>
   </trkpt>
   <trkpt lat="52.8336600" lon="-6.9268130">
    <ele>51.2</ele>
    <time>2024-07-02T15:59:32Z</time>
   </trkpt>
   <trkpt lat="52.8336600" lon="-6.9268130">
    <ele>51.2</ele>
    <time>2024-07-02T15:59:33Z</time>
   </trkpt>
   <trkpt lat="52.8336600" lon="-6.9268140">
    <ele>51.2</ele>
    <time>2024-07-02T15:59:34Z</time>
   </trkpt>
   <trkpt lat="52.8336610" lon="-6.9268140">
    <ele>51.2</ele>
    <time>2024-07-02T15:59:35Z</time>
   </trkpt>
   <trkpt lat="52.8336610" lon="-6.9268140">
    <ele>51.2</ele>
    <time>2024-07-02T15:59:36Z</time>
   </trkpt>
   <trkpt lat="52.8336610" lon="-6.9268150">
    <ele>51.2</ele>
    <time>2024-07-02T15:59:37Z</time>
   </trkpt>
   <trkpt lat="52.8336610" lon="-6.9268150">
    <ele>51.2</ele>
    <time>2024-07-02T15:59:38Z</time>
   </trkpt>
   <trkpt lat="52.8336620" lon="-6.9268150">
    <ele>51.2</ele>
    <time>2024-07-02T15:59:39Z</time>
   </trkpt>
   <trkpt lat="52.8336620" lon="-6.9268160">
    <ele>51.2</ele>
    <time>2024-07-02T15:59:40Z</time>
   </trkpt>
   <trkpt lat="52.8336620" lon="-6.9268160">
    <ele>51.2</ele>
    <time>2024-07-02T15:59:41Z</time>
   </trkpt>
   <trkpt lat="52.8336630" lon="-6.9268170">
    <ele>51.2</ele>
    <time>2024-07-02T15:59:42Z</time>
   </trkpt>
   <trkpt lat="52.8336630" lon="-6.9268170">
    <ele>51.2</ele>
    <time>2024-07-02T15:59:43Z</time>
   </trkpt>
   <trkpt lat="52.8336630" lon="-6.9268170">
    <ele>51.2</ele>
    <time>2024-07-02T15:59:44Z</time>
   </trkpt>
   <trkpt lat="52.8336630" lon="-6.9268180">
    <ele>51.2</ele>
    <time>2024-07-02T15:59:45Z</time>
   </trkpt>
   <trkpt lat="52.8336640" lon="-6.9268180">
    <ele>51.2</ele>
    <time>2024-07-02T15:59:46Z</time>
   </trkpt>
   <trkpt lat="52.8336640" lon="-6.9268190">
    <ele>51.2</ele>
    <time>2024-07-02T15:59:47Z</time>
   </trkpt>
   <trkpt lat="52.8336640" lon="-6.9268190">
    <ele>51.2</ele>
    <time>2024-07-02T15:59:48Z</time>
   </trkpt>
   <trkpt lat="52.8336640" lon="-6.9268190">
    <ele>51.2</ele>
    <time>2024-07-02T15:59:49Z</time>
   </trkpt>
   <trkpt lat="52.8336650" lon="-6.9268200">
    <ele>51.2</ele>
    <time>2024-07-02T15:59:50Z</time>
   </trkpt>
   <trkpt lat="52.8336650" lon="-6.9268200">
    <ele>51.2</ele>
    <time>2024-07-02T15:59:51Z</time>
   </trkpt>
   <trkpt lat="52.8336650" lon="-6.9268200">
    <ele>51.2</ele>
    <time>2024-07-02T15:59:52Z</time>
   </trkpt>
   <trkpt lat="52.8336660" lon="-6.9268210">
    <ele>51.2</ele>
    <time>2024-07-02T15:59:53Z</time>
   </trkpt>
   <trkpt lat="52.8336660" lon="-6.9268210">
    <ele>51.2</ele>
    <time>2024-07-02T15:59:54Z</time>
   </trkpt>
   <trkpt lat="52.8336660" lon="-6.9268220">
    <ele>51.2</ele>
    <time>2024-07-02T15:59:55Z</time>
   </trkpt>
   <trkpt lat="52.8336660" lon="-6.9268220">
    <ele>51.2</ele>
    <time>2024-07-02T15:59:56Z</time>
   </trkpt>
   <trkpt lat="52.8336670" lon="-6.9268220">
    <ele>51.2</ele>
    <time>2024-07-02T15:59:57Z</time>
   </trkpt>
   <trkpt lat="52.8336670" lon="-6.9268230">
    <ele>51.2</ele>
    <time>2024-07-02T15:59:58Z</time>
   </trkpt>
   <trkpt lat="52.8336670" lon="-6.9268230">
    <ele>51.2</ele>
    <time>2024-07-02T15:59:59Z</time>
   </trkpt>
   <trkpt lat="52.8336670" lon="-6.9268240">
    <ele>51.2</ele>
    <time>2024-07-02T16:00:00Z</time>
   </trkpt>
   <trkpt lat="52.8336680" lon="-6.9268240">
    <ele>51.2</ele>
    <time>2024-07-02T16:00:01Z</time>
   </trkpt>
   <trkpt lat="52.8336680" lon="-6.9268240">
    <ele>51.2</ele>
    <time>2024-07-02T16:00:02Z</time>
   </trkpt>
   <trkpt lat="52.8336680" lon="-6.9268250">
    <ele>51.2</ele>
    <time>2024-07-02T16:00:03Z</time>
   </trkpt>
   <trkpt lat="52.8336690" lon="-6.9268250">
    <ele>51.2</ele>
    <time>2024-07-02T16:00:04Z</time>
   </trkpt>
   <trkpt lat="52.8336690" lon="-6.9268250">
    <ele>51.2</ele>
    <time>2024-07-02T16:00:05Z</time>
   </trkpt>
   <trkpt lat="52.8336690" lon="-6.9268260">
    <ele>51.2</ele>
    <time>2024-07-02T16:00:06Z</time>
   </trkpt>
   <trkpt lat="52.8336690" lon="-6.9268260">
    <ele>51.2</ele>
    <time>2024-07-02T16:00:07Z</time>
   </trkpt>
   <trkpt lat="52.8336700" lon="-6.9268270">
    <ele>51.2</ele>
    <time>2024-07-02T16:00:08Z</time>
   </trkpt>
   <trkpt lat="52.8336700" lon="-6.9268270">
    <ele>51.2</ele>
    <time>2024-07-02T16:00:09Z</time>
   </trkpt>
   <trkpt lat="52.8336700" lon="-6.9268270">
    <ele>51.2</ele>
    <time>2024-07-02T16:00:10Z</time>
   </trkpt>
   <trkpt lat="52.8336700" lon="-6.9268280">
    <ele>51.2</ele>
    <time>2024-07-02T16:00:11Z</time>
   </trkpt>
   <trkpt lat="52.8336710" lon="-6.9268280">
    <ele>51.2</ele>
    <time>2024-07-02T16:00:12Z</time>
   </trkpt>
   <trkpt lat="52.8336710" lon="-6.9268290">
    <ele>51.2</ele>
    <time>2024-07-02T16:00:14Z</time>
   </trkpt>
   <trkpt lat="52.8336710" lon="-6.9268290">
    <ele>51.2</ele>
    <time>2024-07-02T16:00:15Z</time>
   </trkpt>
   <trkpt lat="52.8336720" lon="-6.9268290">
    <ele>51.2</ele>
    <time>2024-07-02T16:00:16Z</time>
   </trkpt>
   <trkpt lat="52.8336720" lon="-6.9268300">
    <ele>51.2</ele>
    <time>2024-07-02T16:00:17Z</time>
   </trkpt>
   <trkpt lat="52.8336720" lon="-6.9268300">
    <ele>51.2</ele>
    <time>2024-07-02T16:00:18Z</time>
   </trkpt>
   <trkpt lat="52.8336720" lon="-6.9268300">
    <ele>51.2</ele>
    <time>2024-07-02T16:00:19Z</time>
   </trkpt>
   <trkpt lat="52.8336730" lon="-6.9268310">
    <ele>51.2</ele>
    <time>2024-07-02T16:00:20Z</time>
   </trkpt>
   <trkpt lat="52.8336730" lon="-6.9268310">
    <ele>51.2</ele>
    <time>2024-07-02T16:00:21Z</time>
   </trkpt>
   <trkpt lat="52.8336730" lon="-6.9268320">
    <ele>51.2</ele>
    <time>2024-07-02T16:00:22Z</time>
   </trkpt>
   <trkpt lat="52.8336740" lon="-6.9268320">
    <ele>51.2</ele>
    <time>2024-07-02T16:00:23Z</time>
   </trkpt>
   <trkpt lat="52.8336740" lon="-6.9268320">
    <ele>51.2</ele>
    <time>2024-07-02T16:00:24Z</time>
   </trkpt>
   <trkpt lat="52.8336740" lon="-6.9268330">
    <ele>51.2</ele>
    <time>2024-07-02T16:00:25Z</time>
   </trkpt>
   <trkpt lat="52.8336740" lon="-6.9268330">
    <ele>51.2</ele>
    <time>2024-07-02T16:00:26Z</time>
   </trkpt>
   <trkpt lat="52.8336750" lon="-6.9268340">
    <ele>51.2</ele>
    <time>2024-07-02T16:00:27Z</time>
   </trkpt>
   <trkpt lat="52.8336750" lon="-6.9268340">
    <ele>51.2</ele>
    <time>2024-07-02T16:00:28Z</time>
   </trkpt>
   <trkpt lat="52.8336750" lon="-6.9268340">
    <ele>51.2</ele>
    <time>2024-07-02T16:00:29Z</time>
   </trkpt>
   <trkpt lat="52.8336750" lon="-6.9268350">
    <ele>51.2</ele>
    <time>2024-07-02T16:00:30Z</time>
   </trkpt>
   <trkpt lat="52.8336760" lon="-6.9268350">
    <ele>51.2</ele>
    <time>2024-07-02T16:00:31Z</time>
   </trkpt>
   <trkpt lat="52.8336760" lon="-6.9268350">
    <ele>51.2</ele>
    <time>2024-07-02T16:00:32Z</time>
   </trkpt>
   <trkpt lat="52.8336760" lon="-6.9268360">
    <ele>51.2</ele>
    <time>2024-07-02T16:00:33Z</time>
   </trkpt>
   <trkpt lat="52.8336770" lon="-6.9268360">
    <ele>51.2</ele>
    <time>2024-07-02T16:00:34Z</time>
   </trkpt>
   <trkpt lat="52.8336770" lon="-6.9268370">
    <ele>51.2</ele>
    <time>2024-07-02T16:00:35Z</time>
   </trkpt>
   <trkpt lat="52.8336770" lon="-6.9268370">
    <ele>51.2</ele>
    <time>2024-07-02T16:00:36Z</time>
   </trkpt>
   <trkpt lat="52.8336770" lon="-6.9268370">
    <ele>51.2</ele>
    <time>2024-07-02T16:00:37Z</time>
   </trkpt>
   <trkpt lat="52.8336780" lon="-6.9268380">
    <ele>51.2</ele>
    <time>2024-07-02T16:00:38Z</time>
   </trkpt>
   <trkpt lat="52.8336780" lon="-6.9268380">
    <ele>51.2</ele>
    <time>2024-07-02T16:00:39Z</time>
   </trkpt>
   <trkpt lat="52.8336780" lon="-6.9268390">
    <ele>51.2</ele>
    <time>2024-07-02T16:00:40Z</time>
   </trkpt>
   <trkpt lat="52.8336780" lon="-6.9268390">
    <ele>51.2</ele>
    <time>2024-07-02T16:00:41Z</time>
   </trkpt>
   <trkpt lat="52.8336790" lon="-6.9268390">
    <ele>51.2</ele>
    <time>2024-07-02T16:00:42Z</time>
   </trkpt>
   <trkpt lat="52.8336790" lon="-6.9268400">
    <ele>51.2</ele>
    <time>2024-07-02T16:00:43Z</time>
   </trkpt>
   <trkpt lat="52.8336790" lon="-6.9268400">
    <ele>51.2</ele>
    <time>2024-07-02T16:00:44Z</time>
   </trkpt>
   <trkpt lat="52.8336800" lon="-6.9268400">
    <ele>51.2</ele>
    <time>2024-07-02T16:00:45Z</time>
   </trkpt>
   <trkpt lat="52.8336800" lon="-6.9268410">
    <ele>51.2</ele>
    <time>2024-07-02T16:00:46Z</time>
   </trkpt>
   <trkpt lat="52.8336800" lon="-6.9268410">
    <ele>51.2</ele>
    <time>2024-07-02T16:00:47Z</time>
   </trkpt>
   <trkpt lat="52.8336800" lon="-6.9268420">
    <ele>51.2</ele>
    <time>2024-07-02T16:00:48Z</time>
   </trkpt>
   <trkpt lat="52.8336810" lon="-6.9268420">
    <ele>51.2</ele>
    <time>2024-07-02T16:00:49Z</time>
   </trkpt>
   <trkpt lat="52.8336810" lon="-6.9268420">
    <ele>51.2</ele>
    <time>2024-07-02T16:00:50Z</time>
   </trkpt>
   <trkpt lat="52.8336810" lon="-6.9268430">
    <ele>51.2</ele>
    <time>2024-07-02T16:00:51Z</time>
   </trkpt>
   <trkpt lat="52.8336810" lon="-6.9268430">
    <ele>51.2</ele>
    <time>2024-07-02T16:00:52Z</time>
   </trkpt>
   <trkpt lat="52.8336820" lon="-6.9268440">
    <ele>51.2</ele>
    <time>2024-07-02T16:00:53Z</time>
   </trkpt>
   <trkpt lat="52.8336820" lon="-6.9268440">
    <ele>51.2</ele>
    <time>2024-07-02T16:00:54Z</time>
   </trkpt>
   <trkpt lat="52.8336820" lon="-6.9268440">
    <ele>51.2</ele>
    <time>2024-07-02T16:00:55Z</time>
   </trkpt>
   <trkpt lat="52.8336830" lon="-6.9268450">
    <ele>51.2</ele>
    <time>2024-07-02T16:00:56Z</time>
   </trkpt>
   <trkpt lat="52.8336830" lon="-6.9268450">
    <ele>51.2</ele>
    <time>2024-07-02T16:00:57Z</time>
   </trkpt>
   <trkpt lat="52.8336830" lon="-6.9268450">
    <ele>51.2</ele>
    <time>2024-07-02T16:00:58Z</time>
   </trkpt>
   <trkpt lat="52.8336830" lon="-6.9268460">
    <ele>51.2</ele>
    <time>2024-07-02T16:00:59Z</time>
   </trkpt>
   <trkpt lat="52.8336840" lon="-6.9268460">
    <ele>51.2</ele>
    <time>2024-07-02T16:01:00Z</time>
   </trkpt>
   <trkpt lat="52.8336840" lon="-6.9268470">
    <ele>51.2</ele>
    <time>2024-07-02T16:01:01Z</time>
   </trkpt>
   <trkpt lat="52.8336840" lon="-6.9268470">
    <ele>51.2</ele>
    <time>2024-07-02T16:01:02Z</time>
   </trkpt>
   <trkpt lat="52.8336840" lon="-6.9268470">
    <ele>51.2</ele>
    <time>2024-07-02T16:01:03Z</time>
   </trkpt>
   <trkpt lat="52.8336850" lon="-6.9268480">
    <ele>51.2</ele>
    <time>2024-07-02T16:01:04Z</time>
   </trkpt>
   <trkpt lat="52.8336850" lon="-6.9268480">
    <ele>51.2</ele>
    <time>2024-07-02T16:01:05Z</time>
   </trkpt>
   <trkpt lat="52.8336850" lon="-6.9268490">
    <ele>51.2</ele>
    <time>2024-07-02T16:01:06Z</time>
   </trkpt>
   <trkpt lat="52.8336860" lon="-6.9268490">
    <ele>51.2</ele>
    <time>2024-07-02T16:01:07Z</time>
   </trkpt>
   <trkpt lat="52.8336860" lon="-6.9268490">
    <ele>51.2</ele>
    <time>2024-07-02T16:01:08Z</time>
   </trkpt>
   <trkpt lat="52.8336860" lon="-6.9268500">
    <ele>51.2</ele>
    <time>2024-07-02T16:01:09Z</time>
   </trkpt>
   <trkpt lat="52.8336860" lon="-6.9268500">
    <ele>51.2</ele>
    <time>2024-07-02T16:01:10Z</time>
   </trkpt>
   <trkpt lat="52.8336870" lon="-6.9268500">
    <ele>51.2</ele>
    <time>2024-07-02T16:01:11Z</time>
   </trkpt>
   <trkpt lat="52.8336870" lon="-6.9268510">
    <ele>51.2</ele>
    <time>2024-07-02T16:01:12Z</time>
   </trkpt>
   <trkpt lat="52.8336870" lon="-6.9268510">
    <ele>51.2</ele>
    <time>2024-07-02T16:01:13Z</time>
   </trkpt>
   <trkpt lat="52.8336880" lon="-6.9268520">
    <ele>51.2</ele>
    <time>2024-07-02T16:01:14Z</time>
   </trkpt>
   <trkpt lat="52.8336880" lon="-6.9268520">
    <ele>51.2</ele>
    <time>2024-07-02T16:01:15Z</time>
   </trkpt>
   <trkpt lat="52.8336880" lon="-6.9268520">
    <ele>51.2</ele>
    <time>2024-07-02T16:01:16Z</time>
   </trkpt>
   <trkpt lat="52.8336880" lon="-6.9268530">
    <ele>51.3</ele>
    <time>2024-07-02T16:01:17Z</time>
   </trkpt>
   <trkpt lat="52.8336890" lon="-6.9268530">
    <ele>51.3</ele>
    <time>2024-07-02T16:01:18Z</time>
   </trkpt>
   <trkpt lat="52.8336890" lon="-6.9268540">
    <ele>51.3</ele>
    <time>2024-07-02T16:01:19Z</time>
   </trkpt>
   <trkpt lat="52.8336890" lon="-6.9268540">
    <ele>51.3</ele>
    <time>2024-07-02T16:01:20Z</time>
   </trkpt>
   <trkpt lat="52.8337260" lon="-6.9268900">
    <ele>51.3</ele>
    <time>2024-07-02T16:01:21Z</time>
   </trkpt>
   <trkpt lat="52.8337590" lon="-6.9269220">
    <ele>51.3</ele>
    <time>2024-07-02T16:01:22Z</time>
   </trkpt>
   <trkpt lat="52.8337880" lon="-6.9269530">
    <ele>51.3</ele>
    <time>2024-07-02T16:01:23Z</time>
   </trkpt>
   <trkpt lat="52.8338120" lon="-6.9269770">
    <ele>51.3</ele>
    <time>2024-07-02T16:01:24Z</time>
   </trkpt>
   <trkpt lat="52.8338380" lon="-6.9269970">
    <ele>51.3</ele>
    <time>2024-07-02T16:01:25Z</time>
   </trkpt>
   <trkpt lat="52.8338450" lon="-6.9270030">
    <ele>51.3</ele>
    <time>2024-07-02T16:01:26Z</time>
   </trkpt>
   <trkpt lat="52.8338680" lon="-6.9270250">
    <ele>51.2</ele>
    <time>2024-07-02T16:01:27Z</time>
   </trkpt>
   <trkpt lat="52.8338770" lon="-6.9270320">
    <ele>51.2</ele>
    <time>2024-07-02T16:01:28Z</time>
   </trkpt>
   <trkpt lat="52.8339040" lon="-6.9270560">
    <ele>51.2</ele>
    <time>2024-07-02T16:01:29Z</time>
   </trkpt>
   <trkpt lat="52.8339300" lon="-6.9270880">
    <ele>51.1</ele>
    <time>2024-07-02T16:01:30Z</time>
   </trkpt>
   <trkpt lat="52.8339570" lon="-6.9271230">
    <ele>51.1</ele>
    <time>2024-07-02T16:01:31Z</time>
   </trkpt>
   <trkpt lat="52.8339850" lon="-6.9271610">
    <ele>51.1</ele>
    <time>2024-07-02T16:01:32Z</time>
   </trkpt>
   <trkpt lat="52.8340120" lon="-6.9271850">
    <ele>51.1</ele>
    <time>2024-07-02T16:01:33Z</time>
   </trkpt>
   <trkpt lat="52.8340420" lon="-6.9271990">
    <ele>51.1</ele>
    <time>2024-07-02T16:01:34Z</time>
   </trkpt>
   <trkpt lat="52.8340780" lon="-6.9271990">
    <ele>51.1</ele>
    <time>2024-07-02T16:01:35Z</time>
   </trkpt>
   <trkpt lat="52.8341130" lon="-6.9271820">
    <ele>51.1</ele>
    <time>2024-07-02T16:01:36Z</time>
   </trkpt>
   <trkpt lat="52.8341370" lon="-6.9271480">
    <ele>51.2</ele>
    <time>2024-07-02T16:01:37Z</time>
   </trkpt>
   <trkpt lat="52.8341570" lon="-6.9270970">
    <ele>51.2</ele>
    <time>2024-07-02T16:01:38Z</time>
   </trkpt>
   <trkpt lat="52.8341760" lon="-6.9270390">
    <ele>51.1</ele>
    <time>2024-07-02T16:01:39Z</time>
   </trkpt>
   <trkpt lat="52.8341990" lon="-6.9269840">
    <ele>51.1</ele>
    <time>2024-07-02T16:01:40Z</time>
   </trkpt>
   <trkpt lat="52.8342240" lon="-6.9269250">
    <ele>51.1</ele>
    <time>2024-07-02T16:01:41Z</time>
   </trkpt>
   <trkpt lat="52.8342530" lon="-6.9268650">
    <ele>51.1</ele>
    <time>2024-07-02T16:01:42Z</time>
   </trkpt>
   <trkpt lat="52.8342950" lon="-6.9268140">
    <ele>51.2</ele>
    <time>2024-07-02T16:01:43Z</time>
   </trkpt>
   <trkpt lat="52.8343300" lon="-6.9267540">
    <ele>51.2</ele>
    <time>2024-07-02T16:01:44Z</time>
   </trkpt>
   <trkpt lat="52.8343650" lon="-6.9266960">
    <ele>51.2</ele>
    <time>2024-07-02T16:01:45Z</time>
   </trkpt>
   <trkpt lat="52.8344030" lon="-6.9266460">
    <ele>51.2</ele>
    <time>2024-07-02T16:01:46Z</time>
   </trkpt>
   <trkpt lat="52.8344430" lon="-6.9265920">
    <ele>51.1</ele>
    <time>2024-07-02T16:01:47Z</time>
   </trkpt>
   <trkpt lat="52.8344800" lon="-6.9265340">
    <ele>51.1</ele>
    <time>2024-07-02T16:01:48Z</time>
   </trkpt>
   <trkpt lat="52.8345150" lon="-6.9264750">
    <ele>51.1</ele>
    <time>2024-07-02T16:01:49Z</time>
   </trkpt>
   <trkpt lat="52.8345550" lon="-6.9264130">
    <ele>51.1</ele>
    <time>2024-07-02T16:01:50Z</time>
   </trkpt>
   <trkpt lat="52.8345920" lon="-6.9263580">
    <ele>51.1</ele>
    <time>2024-07-02T16:01:51Z</time>
   </trkpt>
   <trkpt lat="52.8346280" lon="-6.9263080">
    <ele>51.1</ele>
    <time>2024-07-02T16:01:52Z</time>
   </trkpt>
   <trkpt lat="52.8346640" lon="-6.9262570">
    <ele>51.2</ele>
    <time>2024-07-02T16:01:53Z</time>
   </trkpt>
   <trkpt lat="52.8346960" lon="-6.9262060">
    <ele>51.2</ele>
    <time>2024-07-02T16:01:54Z</time>
   </trkpt>
   <trkpt lat="52.8347270" lon="-6.9261620">
    <ele>51.2</ele>
    <time>2024-07-02T16:01:55Z</time>
   </trkpt>
   <trkpt lat="52.8347610" lon="-6.9261180">
    <ele>51.2</ele>
    <time>2024-07-02T16:01:56Z</time>
   </trkpt>
   <trkpt lat="52.8347980" lon="-6.9260670">
    <ele>51.2</ele>
    <time>2024-07-02T16:01:57Z</time>
   </trkpt>
   <trkpt lat="52.8348330" lon="-6.9260160">
    <ele>51.2</ele>
    <time>2024-07-02T16:01:58Z</time>
   </trkpt>
   <trkpt lat="52.8348670" lon="-6.9259630">
    <ele>51.2</ele>
    <time>2024-07-02T16:01:59Z</time>
   </trkpt>
   <trkpt lat="52.8349080" lon="-6.9259080">
    <ele>51.3</ele>
    <time>2024-07-02T16:02:00Z</time>
   </trkpt>
   <trkpt lat="52.8349440" lon="-6.9258510">
    <ele>51.3</ele>
    <time>2024-07-02T16:02:01Z</time>
   </trkpt>
   <trkpt lat="52.8349780" lon="-6.9257990">
    <ele>51.3</ele>
    <time>2024-07-02T16:02:02Z</time>
   </trkpt>
   <trkpt lat="52.8350140" lon="-6.9257530">
    <ele>51.3</ele>
    <time>2024-07-02T16:02:03Z</time>
   </trkpt>
   <trkpt lat="52.8350520" lon="-6.9257110">
    <ele>51.3</ele>
    <time>2024-07-02T16:02:04Z</time>
   </trkpt>
   <trkpt lat="52.8350840" lon="-6.9256810">
    <ele>51.3</ele>
    <time>2024-07-02T16:02:05Z</time>
   </trkpt>
   <trkpt lat="52.8351100" lon="-6.9256450">
    <ele>51.4</ele>
    <time>2024-07-02T16:02:06Z</time>
   </trkpt>
   <trkpt lat="52.8351350" lon="-6.9256100">
    <ele>51.4</ele>
    <time>2024-07-02T16:02:07Z</time>
   </trkpt>
   <trkpt lat="52.8351420" lon="-6.9256010">
    <ele>51.4</ele>
    <time>2024-07-02T16:02:08Z</time>
   </trkpt>
   <trkpt lat="52.8351590" lon="-6.9255750">
    <ele>51.4</ele>
    <time>2024-07-02T16:02:09Z</time>
   </trkpt>
   <trkpt lat="52.8351640" lon="-6.9255640">
    <ele>51.4</ele>
    <time>2024-07-02T16:02:10Z</time>
   </trkpt>
   <trkpt lat="52.8351690" lon="-6.9255540">
    <ele>51.4</ele>
    <time>2024-07-02T16:02:11Z</time>
   </trkpt>
   <trkpt lat="52.8351910" lon="-6.9255240">
    <ele>51.4</ele>
    <time>2024-07-02T16:02:12Z</time>
   </trkpt>
   <trkpt lat="52.8352010" lon="-6.9255130">
    <ele>51.4</ele>
    <time>2024-07-02T16:02:13Z</time>
   </trkpt>
   <trkpt lat="52.8352370" lon="-6.9254790">
    <ele>51.5</ele>
    <time>2024-07-02T16:02:14Z</time>
   </trkpt>
   <trkpt lat="52.8352520" lon="-6.9254680">
    <ele>51.5</ele>
    <time>2024-07-02T16:02:15Z</time>
   </trkpt>
   <trkpt lat="52.8352820" lon="-6.9254400">
    <ele>51.5</ele>
    <time>2024-07-02T16:02:16Z</time>
   </trkpt>
   <trkpt lat="52.8353110" lon="-6.9254110">
    <ele>51.5</ele>
    <time>2024-07-02T16:02:17Z</time>
   </trkpt>
   <trkpt lat="52.8353400" lon="-6.9253880">
    <ele>51.5</ele>
    <time>2024-07-02T16:02:18Z</time>
   </trkpt>
   <trkpt lat="52.8353460" lon="-6.9253850">
    <ele>51.6</ele>
    <time>2024-07-02T16:02:19Z</time>
   </trkpt>
   <trkpt lat="52.8353500" lon="-6.9253770">
    <ele>51.6</ele>
    <time>2024-07-02T16:02:20Z</time>
   </trkpt>
   <trkpt lat="52.8353530" lon="-6.9253740">
    <ele>51.6</ele>
    <time>2024-07-02T16:02:21Z</time>
   </trkpt>
   <trkpt lat="52.8353560" lon="-6.9253710">
    <ele>51.6</ele>
    <time>2024-07-02T16:02:22Z</time>
   </trkpt>
   <trkpt lat="52.8353590" lon="-6.9253670">
    <ele>51.6</ele>
    <time>2024-07-02T16:02:23Z</time>
   </trkpt>
   <trkpt lat="52.8353620" lon="-6.9253640">
    <ele>51.6</ele>
    <time>2024-07-02T16:02:24Z</time>
   </trkpt>
   <trkpt lat="52.8353650" lon="-6.9253610">
    <ele>51.6</ele>
    <time>2024-07-02T16:02:25Z</time>
   </trkpt>
   <trkpt lat="52.8353680" lon="-6.9253570">
    <ele>51.6</ele>
    <time>2024-07-02T16:02:26Z</time>
   </trkpt>
   <trkpt lat="52.8353710" lon="-6.9253540">
    <ele>51.6</ele>
    <time>2024-07-02T16:02:27Z</time>
   </trkpt>
   <trkpt lat="52.8353740" lon="-6.9253510">
    <ele>51.6</ele>
    <time>2024-07-02T16:02:28Z</time>
   </trkpt>
   <trkpt lat="52.8353770" lon="-6.9253470">
    <ele>51.6</ele>
    <time>2024-07-02T16:02:29Z</time>
   </trkpt>
   <trkpt lat="52.8353800" lon="-6.9253440">
    <ele>51.6</ele>
    <time>2024-07-02T16:02:30Z</time>
   </trkpt>
   <trkpt lat="52.8353830" lon="-6.9253410">
    <ele>51.6</ele>
    <time>2024-07-02T16:02:31Z</time>
   </trkpt>
   <trkpt lat="52.8353860" lon="-6.9253370">
    <ele>51.6</ele>
    <time>2024-07-02T16:02:32Z</time>
   </trkpt>
   <trkpt lat="52.8353890" lon="-6.9253340">
    <ele>51.6</ele>
    <time>2024-07-02T16:02:33Z</time>
   </trkpt>
   <trkpt lat="52.8353920" lon="-6.9253300">
    <ele>51.6</ele>
    <time>2024-07-02T16:02:34Z</time>
   </trkpt>
   <trkpt lat="52.8354170" lon="-6.9252940">
    <ele>51.6</ele>
    <time>2024-07-02T16:02:35Z</time>
   </trkpt>
   <trkpt lat="52.8354500" lon="-6.9252520">
    <ele>51.6</ele>
    <time>2024-07-02T16:02:36Z</time>
   </trkpt>
   <trkpt lat="52.8354910" lon="-6.9252280">
    <ele>51.7</ele>
    <time>2024-07-02T16:02:37Z</time>
   </trkpt>
   <trkpt lat="52.8355310" lon="-6.9252040">
    <ele>51.7</ele>
    <time>2024-07-02T16:02:38Z</time>
   </trkpt>
   <trkpt lat="52.8355690" lon="-6.9251730">
    <ele>51.7</ele>
    <time>2024-07-02T16:02:39Z</time>
   </trkpt>
   <trkpt lat="52.8356010" lon="-6.9251410">
    <ele>51.7</ele>
    <time>2024-07-02T16:02:40Z</time>
   </trkpt>
   <trkpt lat="52.8356280" lon="-6.9251190">
    <ele>51.8</ele>
    <time>2024-07-02T16:02:41Z</time>
   </trkpt>
   <trkpt lat="52.8356530" lon="-6.9250920">
    <ele>51.8</ele>
    <time>2024-07-02T16:02:42Z</time>
   </trkpt>
   <trkpt lat="52.8356780" lon="-6.9250490">
    <ele>51.8</ele>
    <time>2024-07-02T16:02:43Z</time>
   </trkpt>
   <trkpt lat="52.8356860" lon="-6.9250390">
    <ele>51.8</ele>
    <time>2024-07-02T16:02:44Z</time>
   </trkpt>
   <trkpt lat="52.8356980" lon="-6.9250230">
    <ele>51.8</ele>
    <time>2024-07-02T16:02:45Z</time>
   </trkpt>
   <trkpt lat="52.8356980" lon="-6.9250220">
    <ele>51.8</ele>
    <time>2024-07-02T16:02:46Z</time>
   </trkpt>
   <trkpt lat="52.8356990" lon="-6.9250210">
    <ele>51.8</ele>
    <time>2024-07-02T16:02:47Z</time>
   </trkpt>
   <trkpt lat="52.8357000" lon="-6.9250200">
    <ele>51.8</ele>
    <time>2024-07-02T16:02:48Z</time>
   </trkpt>
   <trkpt lat="52.8357000" lon="-6.9250190">
    <ele>51.8</ele>
    <time>2024-07-02T16:02:49Z</time>
   </trkpt>
   <trkpt lat="52.8357010" lon="-6.9250180">
    <ele>51.8</ele>
    <time>2024-07-02T16:02:50Z</time>
   </trkpt>
   <trkpt lat="52.8357020" lon="-6.9250170">
    <ele>51.8</ele>
    <time>2024-07-02T16:02:51Z</time>
   </trkpt>
   <trkpt lat="52.8357020" lon="-6.9250160">
    <ele>51.8</ele>
    <time>2024-07-02T16:02:52Z</time>
   </trkpt>
   <trkpt lat="52.8357030" lon="-6.9250150">
    <ele>51.8</ele>
    <time>2024-07-02T16:02:53Z</time>
   </trkpt>
   <trkpt lat="52.8357030" lon="-6.9250140">
    <ele>51.9</ele>
    <time>2024-07-02T16:02:54Z</time>
   </trkpt>
   <trkpt lat="52.8357040" lon="-6.9250120">
    <ele>51.9</ele>
    <time>2024-07-02T16:02:55Z</time>
   </trkpt>
   <trkpt lat="52.8357050" lon="-6.9250110">
    <ele>51.9</ele>
    <time>2024-07-02T16:02:56Z</time>
   </trkpt>
   <trkpt lat="52.8357050" lon="-6.9250100">
    <ele>51.9</ele>
    <time>2024-07-02T16:02:57Z</time>
   </trkpt>
   <trkpt lat="52.8357060" lon="-6.9250090">
    <ele>51.9</ele>
    <time>2024-07-02T16:02:58Z</time>
   </trkpt>
   <trkpt lat="52.8357070" lon="-6.9250080">
    <ele>51.9</ele>
    <time>2024-07-02T16:02:59Z</time>
   </trkpt>
   <trkpt lat="52.8357070" lon="-6.9250070">
    <ele>51.9</ele>
    <time>2024-07-02T16:03:00Z</time>
   </trkpt>
   <trkpt lat="52.8357080" lon="-6.9250060">
    <ele>51.9</ele>
    <time>2024-07-02T16:03:01Z</time>
   </trkpt>
   <trkpt lat="52.8357080" lon="-6.9250050">
    <ele>51.9</ele>
    <time>2024-07-02T16:03:02Z</time>
   </trkpt>
   <trkpt lat="52.8357090" lon="-6.9250040">
    <ele>51.9</ele>
    <time>2024-07-02T16:03:03Z</time>
   </trkpt>
   <trkpt lat="52.8357100" lon="-6.9250030">
    <ele>51.9</ele>
    <time>2024-07-02T16:03:04Z</time>
   </trkpt>
   <trkpt lat="52.8357100" lon="-6.9250020">
    <ele>51.9</ele>
    <time>2024-07-02T16:03:05Z</time>
   </trkpt>
   <trkpt lat="52.8357110" lon="-6.9250010">
    <ele>51.9</ele>
    <time>2024-07-02T16:03:06Z</time>
   </trkpt>
   <trkpt lat="52.8357120" lon="-6.9250000">
    <ele>51.9</ele>
    <time>2024-07-02T16:03:07Z</time>
   </trkpt>
   <trkpt lat="52.8357120" lon="-6.9249980">
    <ele>51.9</ele>
    <time>2024-07-02T16:03:08Z</time>
   </trkpt>
   <trkpt lat="52.8357130" lon="-6.9249970">
    <ele>51.9</ele>
    <time>2024-07-02T16:03:09Z</time>
   </trkpt>
   <trkpt lat="52.8357130" lon="-6.9249960">
    <ele>51.9</ele>
    <time>2024-07-02T16:03:10Z</time>
   </trkpt>
   <trkpt lat="52.8357140" lon="-6.9249950">
    <ele>51.9</ele>
    <time>2024-07-02T16:03:11Z</time>
   </trkpt>
   <trkpt lat="52.8357150" lon="-6.9249940">
    <ele>51.9</ele>
    <time>2024-07-02T16:03:12Z</time>
   </trkpt>
   <trkpt lat="52.8357150" lon="-6.9249930">
    <ele>51.9</ele>
    <time>2024-07-02T16:03:13Z</time>
   </trkpt>
   <trkpt lat="52.8357160" lon="-6.9249920">
    <ele>51.9</ele>
    <time>2024-07-02T16:03:14Z</time>
   </trkpt>
   <trkpt lat="52.8357170" lon="-6.9249910">
    <ele>51.9</ele>
    <time>2024-07-02T16:03:15Z</time>
   </trkpt>
   <trkpt lat="52.8357170" lon="-6.9249900">
    <ele>51.9</ele>
    <time>2024-07-02T16:03:16Z</time>
   </trkpt>
   <trkpt lat="52.8357180" lon="-6.9249890">
    <ele>51.9</ele>
    <time>2024-07-02T16:03:17Z</time>
   </trkpt>
   <trkpt lat="52.8357180" lon="-6.9249880">
    <ele>51.9</ele>
    <time>2024-07-02T16:03:18Z</time>
   </trkpt>
   <trkpt lat="52.8357190" lon="-6.9249870">
    <ele>51.9</ele>
    <time>2024-07-02T16:03:19Z</time>
   </trkpt>
   <trkpt lat="52.8357200" lon="-6.9249860">
    <ele>51.9</ele>
    <time>2024-07-02T16:03:20Z</time>
   </trkpt>
   <trkpt lat="52.8357200" lon="-6.9249850">
    <ele>51.9</ele>
    <time>2024-07-02T16:03:21Z</time>
   </trkpt>
   <trkpt lat="52.8357210" lon="-6.9249830">
    <ele>51.9</ele>
    <time>2024-07-02T16:03:22Z</time>
   </trkpt>
   <trkpt lat="52.8357220" lon="-6.9249820">
    <ele>51.9</ele>
    <time>2024-07-02T16:03:23Z</time>
   </trkpt>
   <trkpt lat="52.8357220" lon="-6.9249810">
    <ele>51.9</ele>
    <time>2024-07-02T16:03:24Z</time>
   </trkpt>
   <trkpt lat="52.8357230" lon="-6.9249800">
    <ele>51.9</ele>
    <time>2024-07-02T16:03:25Z</time>
   </trkpt>
   <trkpt lat="52.8357240" lon="-6.9249790">
    <ele>51.9</ele>
    <time>2024-07-02T16:03:26Z</time>
   </trkpt>
   <trkpt lat="52.8357240" lon="-6.9249780">
    <ele>51.9</ele>
    <time>2024-07-02T16:03:27Z</time>
   </trkpt>
   <trkpt lat="52.8357250" lon="-6.9249770">
    <ele>51.9</ele>
    <time>2024-07-02T16:03:28Z</time>
   </trkpt>
   <trkpt lat="52.8357250" lon="-6.9249760">
    <ele>51.9</ele>
    <time>2024-07-02T16:03:29Z</time>
   </trkpt>
   <trkpt lat="52.8357260" lon="-6.9249750">
    <ele>51.9</ele>
    <time>2024-07-02T16:03:30Z</time>
   </trkpt>
   <trkpt lat="52.8357490" lon="-6.9249420">
    <ele>51.9</ele>
    <time>2024-07-02T16:03:31Z</time>
   </trkpt>
   <trkpt lat="52.8357770" lon="-6.9249130">
    <ele>51.9</ele>
    <time>2024-07-02T16:03:32Z</time>
   </trkpt>
   <trkpt lat="52.8358100" lon="-6.9248870">
    <ele>52.0</ele>
    <time>2024-07-02T16:03:33Z</time>
   </trkpt>
   <trkpt lat="52.8358490" lon="-6.9248550">
    <ele>52.0</ele>
    <time>2024-07-02T16:03:34Z</time>
   </trkpt>
   <trkpt lat="52.8358920" lon="-6.9248140">
    <ele>52.1</ele>
    <time>2024-07-02T16:03:35Z</time>
   </trkpt>
   <trkpt lat="52.8359330" lon="-6.9247730">
    <ele>52.2</ele>
    <time>2024-07-02T16:03:36Z</time>
   </trkpt>
   <trkpt lat="52.8359700" lon="-6.9247200">
    <ele>52.3</ele>
    <time>2024-07-02T16:03:37Z</time>
   </trkpt>
   <trkpt lat="52.8360010" lon="-6.9246650">
    <ele>52.4</ele>
    <time>2024-07-02T16:03:38Z</time>
   </trkpt>
   <trkpt lat="52.8360340" lon="-6.9245860">
    <ele>52.5</ele>
    <time>2024-07-02T16:03:39Z</time>
   </trkpt>
   <trkpt lat="52.8360670" lon="-6.9245300">
    <ele>52.6</ele>
    <time>2024-07-02T16:03:40Z</time>
   </trkpt>
   <trkpt lat="52.8360960" lon="-6.9244760">
    <ele>52.6</ele>
    <time>2024-07-02T16:03:41Z</time>
   </trkpt>
   <trkpt lat="52.8361270" lon="-6.9244210">
    <ele>52.7</ele>
    <time>2024-07-02T16:03:42Z</time>
   </trkpt>
   <trkpt lat="52.8361610" lon="-6.9243760">
    <ele>52.7</ele>
    <time>2024-07-02T16:03:43Z</time>
   </trkpt>
   <trkpt lat="52.8361900" lon="-6.9243180">
    <ele>52.8</ele>
    <time>2024-07-02T16:03:44Z</time>
   </trkpt>
   <trkpt lat="52.8362210" lon="-6.9242540">
    <ele>52.8</ele>
    <time>2024-07-02T16:03:45Z</time>
   </trkpt>
   <trkpt lat="52.8362450" lon="-6.9241850">
    <ele>52.8</ele>
    <time>2024-07-02T16:03:46Z</time>
   </trkpt>
   <trkpt lat="52.8362680" lon="-6.9241190">
    <ele>52.9</ele>
    <time>2024-07-02T16:03:47Z</time>
   </trkpt>
   <trkpt lat="52.8363020" lon="-6.9240540">
    <ele>52.9</ele>
    <time>2024-07-02T16:03:48Z</time>
   </trkpt>
   <trkpt lat="52.8363390" lon="-6.9239790">
    <ele>53.0</ele>
    <time>2024-07-02T16:03:49Z</time>
   </trkpt>
   <trkpt lat="52.8363830" lon="-6.9239000">
    <ele>53.0</ele>
    <time>2024-07-02T16:03:50Z</time>
   </trkpt>
   <trkpt lat="52.8364340" lon="-6.9238220">
    <ele>53.1</ele>
    <time>2024-07-02T16:03:51Z</time>
   </trkpt>
   <trkpt lat="52.8364950" lon="-6.9237450">
    <ele>53.1</ele>
    <time>2024-07-02T16:03:52Z</time>
   </trkpt>
   <trkpt lat="52.8365540" lon="-6.9236790">
    <ele>53.2</ele>
    <time>2024-07-02T16:03:53Z</time>
   </trkpt>
   <trkpt lat="52.8366100" lon="-6.9236130">
    <ele>53.2</ele>
    <time>2024-07-02T16:03:54Z</time>
   </trkpt>
   <trkpt lat="52.8366560" lon="-6.9235300">
    <ele>53.3</ele>
    <time>2024-07-02T16:03:55Z</time>
   </trkpt>
   <trkpt lat="52.8366970" lon="-6.9234300">
    <ele>53.3</ele>
    <time>2024-07-02T16:03:56Z</time>
   </trkpt>
   <trkpt lat="52.8367400" lon="-6.9233430">
    <ele>53.4</ele>
    <time>2024-07-02T16:03:57Z</time>
   </trkpt>
   <trkpt lat="52.8367840" lon="-6.9232600">
    <ele>53.4</ele>
    <time>2024-07-02T16:03:58Z</time>
   </trkpt>
   <trkpt lat="52.8368280" lon="-6.9231700">
    <ele>53.5</ele>
    <time>2024-07-02T16:03:59Z</time>
   </trkpt>
   <trkpt lat="52.8368700" lon="-6.9230840">
    <ele>53.5</ele>
    <time>2024-07-02T16:04:00Z</time>
   </trkpt>
   <trkpt lat="52.8369160" lon="-6.9229910">
    <ele>53.6</ele>
    <time>2024-07-02T16:04:01Z</time>
   </trkpt>
   <trkpt lat="52.8369680" lon="-6.9228940">
    <ele>53.6</ele>
    <time>2024-07-02T16:04:02Z</time>
   </trkpt>
   <trkpt lat="52.8370180" lon="-6.9228060">
    <ele>53.6</ele>
    <time>2024-07-02T16:04:03Z</time>
   </trkpt>
   <trkpt lat="52.8370680" lon="-6.9227180">
    <ele>53.7</ele>
    <time>2024-07-02T16:04:04Z</time>
   </trkpt>
   <trkpt lat="52.8371150" lon="-6.9226470">
    <ele>53.7</ele>
    <time>2024-07-02T16:04:05Z</time>
   </trkpt>
   <trkpt lat="52.8371520" lon="-6.9225870">
    <ele>53.7</ele>
    <time>2024-07-02T16:04:06Z</time>
   </trkpt>
   <trkpt lat="52.8371820" lon="-6.9225330">
    <ele>53.7</ele>
    <time>2024-07-02T16:04:07Z</time>
   </trkpt>
   <trkpt lat="52.8372130" lon="-6.9224880">
    <ele>53.7</ele>
    <time>2024-07-02T16:04:08Z</time>
   </trkpt>
   <trkpt lat="52.8372410" lon="-6.9224470">
    <ele>53.7</ele>
    <time>2024-07-02T16:04:09Z</time>
   </trkpt>
   <trkpt lat="52.8372670" lon="-6.9224110">
    <ele>53.7</ele>
    <time>2024-07-02T16:04:10Z</time>
   </trkpt>
   <trkpt lat="52.8372910" lon="-6.9223650">
    <ele>53.6</ele>
    <time>2024-07-02T16:04:11Z</time>
   </trkpt>
   <trkpt lat="52.8373100" lon="-6.9223300">
    <ele>53.6</ele>
    <time>2024-07-02T16:04:12Z</time>
   </trkpt>
   <trkpt lat="52.8373300" lon="-6.9222890">
    <ele>53.6</ele>
    <time>2024-07-02T16:04:13Z</time>
   </trkpt>
   <trkpt lat="52.8373390" lon="-6.9222770">
    <ele>53.6</ele>
    <time>2024-07-02T16:04:14Z</time>
   </trkpt>
   <trkpt lat="52.8373630" lon="-6.9222370">
    <ele>53.5</ele>
    <time>2024-07-02T16:04:15Z</time>
   </trkpt>
   <trkpt lat="52.8373700" lon="-6.9222260">
    <ele>53.5</ele>
    <time>2024-07-02T16:04:16Z</time>
   </trkpt>
   <trkpt lat="52.8373820" lon="-6.9222070">
    <ele>53.5</ele>
    <time>2024-07-02T16:04:17Z</time>
   </trkpt>
   <trkpt lat="52.8373890" lon="-6.9221920">
    <ele>53.5</ele>
    <time>2024-07-02T16:04:18Z</time>
   </trkpt>
   <trkpt lat="52.8373960" lon="-6.9221810">
    <ele>53.4</ele>
    <time>2024-07-02T16:04:19Z</time>
   </trkpt>
   <trkpt lat="52.8373970" lon="-6.9221760">
    <ele>53.4</ele>
    <time>2024-07-02T16:04:20Z</time>
   </trkpt>
   <trkpt lat="52.8373990" lon="-6.9221720">
    <ele>53.4</ele>
    <time>2024-07-02T16:04:21Z</time>
   </trkpt>
   <trkpt lat="52.8374010" lon="-6.9221680">
    <ele>53.4</ele>
    <time>2024-07-02T16:04:22Z</time>
   </trkpt>
   <trkpt lat="52.8374030" lon="-6.9221640">
    <ele>53.4</ele>
    <time>2024-07-02T16:04:23Z</time>
   </trkpt>
   <trkpt lat="52.8374040" lon="-6.9221600">
    <ele>53.4</ele>
    <time>2024-07-02T16:04:24Z</time>
   </trkpt>
   <trkpt lat="52.8374060" lon="-6.9221560">
    <ele>53.4</ele>
    <time>2024-07-02T16:04:25Z</time>
   </trkpt>
   <trkpt lat="52.8374080" lon="-6.9221520">
    <ele>53.4</ele>
    <time>2024-07-02T16:04:26Z</time>
   </trkpt>
   <trkpt lat="52.8374100" lon="-6.9221470">
    <ele>53.4</ele>
    <time>2024-07-02T16:04:27Z</time>
   </trkpt>
   <trkpt lat="52.8374110" lon="-6.9221430">
    <ele>53.4</ele>
    <time>2024-07-02T16:04:28Z</time>
   </trkpt>
   <trkpt lat="52.8374130" lon="-6.9221390">
    <ele>53.4</ele>
    <time>2024-07-02T16:04:29Z</time>
   </trkpt>
   <trkpt lat="52.8374150" lon="-6.9221350">
    <ele>53.4</ele>
    <time>2024-07-02T16:04:30Z</time>
   </trkpt>
   <trkpt lat="52.8374170" lon="-6.9221310">
    <ele>53.4</ele>
    <time>2024-07-02T16:04:31Z</time>
   </trkpt>
   <trkpt lat="52.8374180" lon="-6.9221270">
    <ele>53.4</ele>
    <time>2024-07-02T16:04:32Z</time>
   </trkpt>
   <trkpt lat="52.8374200" lon="-6.9221230">
    <ele>53.4</ele>
    <time>2024-07-02T16:04:33Z</time>
   </trkpt>
   <trkpt lat="52.8374220" lon="-6.9221180">
    <ele>53.4</ele>
    <time>2024-07-02T16:04:34Z</time>
   </trkpt>
   <trkpt lat="52.8374240" lon="-6.9221140">
    <ele>53.4</ele>
    <time>2024-07-02T16:04:35Z</time>
   </trkpt>
   <trkpt lat="52.8374250" lon="-6.9221100">
    <ele>53.4</ele>
    <time>2024-07-02T16:04:36Z</time>
   </trkpt>
   <trkpt lat="52.8374460" lon="-6.9220640">
    <ele>53.3</ele>
    <time>2024-07-02T16:04:37Z</time>
   </trkpt>
   <trkpt lat="52.8374520" lon="-6.9220500">
    <ele>53.3</ele>
    <time>2024-07-02T16:04:38Z</time>
   </trkpt>
   <trkpt lat="52.8374780" lon="-6.9220040">
    <ele>53.2</ele>
    <time>2024-07-02T16:04:39Z</time>
   </trkpt>
   <trkpt lat="52.8374860" lon="-6.9219880">
    <ele>53.2</ele>
    <time>2024-07-02T16:04:40Z</time>
   </trkpt>
   <trkpt lat="52.8374930" lon="-6.9219400">
    <ele>53.2</ele>
    <time>2024-07-02T16:04:41Z</time>
   </trkpt>
   <trkpt lat="52.8374910" lon="-6.9219210">
    <ele>53.2</ele>
    <time>2024-07-02T16:04:42Z</time>
   </trkpt>
   <trkpt lat="52.8374740" lon="-6.9218860">
    <ele>53.2</ele>
    <time>2024-07-02T16:04:43Z</time>
   </trkpt>
   <trkpt lat="52.8374480" lon="-6.9218650">
    <ele>53.2</ele>
    <time>2024-07-02T16:04:44Z</time>
   </trkpt>
   <trkpt lat="52.8374180" lon="-6.9218450">
    <ele>53.3</ele>
    <time>2024-07-02T16:04:45Z</time>
   </trkpt>
   <trkpt lat="52.8373800" lon="-6.9218380">
    <ele>53.3</ele>
    <time>2024-07-02T16:04:46Z</time>
   </trkpt>
   <trkpt lat="52.8373350" lon="-6.9218250">
    <ele>53.4</ele>
    <time>2024-07-02T16:04:47Z</time>
   </trkpt>
   <trkpt lat="52.8372800" lon="-6.9218140">
    <ele>53.5</ele>
    <time>2024-07-02T16:04:48Z</time>
   </trkpt>
   <trkpt lat="52.8372180" lon="-6.9218020">
    <ele>53.5</ele>
    <time>2024-07-02T16:04:49Z</time>
   </trkpt>
   <trkpt lat="52.8371450" lon="-6.9217920">
    <ele>53.6</ele>
    <time>2024-07-02T16:04:50Z</time>
   </trkpt>
   <trkpt lat="52.8370740" lon="-6.9217760">
    <ele>53.6</ele>
    <time>2024-07-02T16:04:51Z</time>
   </trkpt>
   <trkpt lat="52.8370040" lon="-6.9217600">
    <ele>53.6</ele>
    <time>2024-07-02T16:04:52Z</time>
   </trkpt>
   <trkpt lat="52.8369380" lon="-6.9217500">
    <ele>53.6</ele>
    <time>2024-07-02T16:04:53Z</time>
   </trkpt>
   <trkpt lat="52.8368820" lon="-6.9217420">
    <ele>53.6</ele>
    <time>2024-07-02T16:04:54Z</time>
   </trkpt>
   <trkpt lat="52.8368400" lon="-6.9217360">
    <ele>53.6</ele>
    <time>2024-07-02T16:04:55Z</time>
   </trkpt>
   <trkpt lat="52.8367990" lon="-6.9217270">
    <ele>53.6</ele>
    <time>2024-07-02T16:04:56Z</time>
   </trkpt>
   <trkpt lat="52.8367670" lon="-6.9217130">
    <ele>53.6</ele>
    <time>2024-07-02T16:04:57Z</time>
   </trkpt>
   <trkpt lat="52.8367330" lon="-6.9217020">
    <ele>53.6</ele>
    <time>2024-07-02T16:04:58Z</time>
   </trkpt>
   <trkpt lat="52.8367040" lon="-6.9216860">
    <ele>53.6</ele>
    <time>2024-07-02T16:04:59Z</time>
   </trkpt>
   <trkpt lat="52.8366760" lon="-6.9216660">
    <ele>53.5</ele>
    <time>2024-07-02T16:05:00Z</time>
   </trkpt>
   <trkpt lat="52.8366690" lon="-6.9216630">
    <ele>53.5</ele>
    <time>2024-07-02T16:05:01Z</time>
   </trkpt>
   <trkpt lat="52.8366440" lon="-6.9216410">
    <ele>53.5</ele>
    <time>2024-07-02T16:05:02Z</time>
   </trkpt>
   <trkpt lat="52.8366350" lon="-6.9216340">
    <ele>53.5</ele>
    <time>2024-07-02T16:05:03Z</time>
   </trkpt>
   <trkpt lat="52.8366110" lon="-6.9216080">
    <ele>53.4</ele>
    <time>2024-07-02T16:05:04Z</time>
   </trkpt>
   <trkpt lat="52.8365900" lon="-6.9215640">
    <ele>53.4</ele>
    <time>2024-07-02T16:05:05Z</time>
   </trkpt>
   <trkpt lat="52.8365720" lon="-6.9214980">
    <ele>53.3</ele>
    <time>2024-07-02T16:05:06Z</time>
   </trkpt>
   <trkpt lat="52.8365580" lon="-6.9214070">
    <ele>53.2</ele>
    <time>2024-07-02T16:05:07Z</time>
   </trkpt>
   <trkpt lat="52.8365580" lon="-6.9213000">
    <ele>53.2</ele>
    <time>2024-07-02T16:05:08Z</time>
   </trkpt>
   <trkpt lat="52.8365670" lon="-6.9211800">
    <ele>53.1</ele>
    <time>2024-07-02T16:05:09Z</time>
   </trkpt>
   <trkpt lat="52.8365720" lon="-6.9210590">
    <ele>53.1</ele>
    <time>2024-07-02T16:05:10Z</time>
   </trkpt>
   <trkpt lat="52.8365700" lon="-6.9209370">
    <ele>53.1</ele>
    <time>2024-07-02T16:05:11Z</time>
   </trkpt>
   <trkpt lat="52.8365740" lon="-6.9208200">
    <ele>53.2</ele>
    <time>2024-07-02T16:05:12Z</time>
   </trkpt>
   <trkpt lat="52.8365820" lon="-6.9207130">
    <ele>53.4</ele>
    <time>2024-07-02T16:05:13Z</time>
   </trkpt>
   <trkpt lat="52.8365910" lon="-6.9206050">
    <ele>53.5</ele>
    <time>2024-07-02T16:05:14Z</time>
   </trkpt>
   <trkpt lat="52.8366040" lon="-6.9204990">
    <ele>53.7</ele>
    <time>2024-07-02T16:05:15Z</time>
   </trkpt>
   <trkpt lat="52.8366130" lon="-6.9203910">
    <ele>53.9</ele>
    <time>2024-07-02T16:05:16Z</time>
   </trkpt>
   <trkpt lat="52.8366300" lon="-6.9202690">
    <ele>54.1</ele>
    <time>2024-07-02T16:05:17Z</time>
   </trkpt>
   <trkpt lat="52.8366490" lon="-6.9201480">
    <ele>54.3</ele>
    <time>2024-07-02T16:05:18Z</time>
   </trkpt>
   <trkpt lat="52.8366660" lon="-6.9200260">
    <ele>54.4</ele>
    <time>2024-07-02T16:05:19Z</time>
   </trkpt>
   <trkpt lat="52.8366790" lon="-6.9199120">
    <ele>54.5</ele>
    <time>2024-07-02T16:05:20Z</time>
   </trkpt>
   <trkpt lat="52.8366970" lon="-6.9197950">
    <ele>54.6</ele>
    <time>2024-07-02T16:05:21Z</time>
   </trkpt>
   <trkpt lat="52.8367100" lon="-6.9196750">
    <ele>54.7</ele>
    <time>2024-07-02T16:05:22Z</time>
   </trkpt>
   <trkpt lat="52.8367220" lon="-6.9195570">
    <ele>54.8</ele>
    <time>2024-07-02T16:05:23Z</time>
   </trkpt>
   <trkpt lat="52.8367330" lon="-6.9194400">
    <ele>54.9</ele>
    <time>2024-07-02T16:05:24Z</time>
   </trkpt>
   <trkpt lat="52.8367470" lon="-6.9193170">
    <ele>55.0</ele>
    <time>2024-07-02T16:05:25Z</time>
   </trkpt>
   <trkpt lat="52.8367550" lon="-6.9192030">
    <ele>55.1</ele>
    <time>2024-07-02T16:05:26Z</time>
   </trkpt>
   <trkpt lat="52.8367640" lon="-6.9190990">
    <ele>55.1</ele>
    <time>2024-07-02T16:05:27Z</time>
   </trkpt>
   <trkpt lat="52.8367700" lon="-6.9190020">
    <ele>55.1</ele>
    <time>2024-07-02T16:05:28Z</time>
   </trkpt>
   <trkpt lat="52.8367770" lon="-6.9189300">
    <ele>55.2</ele>
    <time>2024-07-02T16:05:29Z</time>
   </trkpt>
   <trkpt lat="52.8367820" lon="-6.9188850">
    <ele>55.2</ele>
    <time>2024-07-02T16:05:30Z</time>
   </trkpt>
   <trkpt lat="52.8367850" lon="-6.9188630">
    <ele>55.2</ele>
    <time>2024-07-02T16:05:31Z</time>
   </trkpt>
   <trkpt lat="52.8367880" lon="-6.9188570">
    <ele>55.2</ele>
    <time>2024-07-02T16:05:32Z</time>
   </trkpt>
   <trkpt lat="52.8367880" lon="-6.9188540">
    <ele>55.2</ele>
    <time>2024-07-02T16:05:33Z</time>
   </trkpt>
   <trkpt lat="52.8367880" lon="-6.9188410">
    <ele>55.2</ele>
    <time>2024-07-02T16:05:34Z</time>
   </trkpt>
   <trkpt lat="52.8367920" lon="-6.9188270">
    <ele>55.2</ele>
    <time>2024-07-02T16:05:35Z</time>
   </trkpt>
   <trkpt lat="52.8368000" lon="-6.9188000">
    <ele>55.2</ele>
    <time>2024-07-02T16:05:36Z</time>
   </trkpt>
   <trkpt lat="52.8368160" lon="-6.9187480">
    <ele>55.2</ele>
    <time>2024-07-02T16:05:37Z</time>
   </trkpt>
   <trkpt lat="52.8368200" lon="-6.9187340">
    <ele>55.2</ele>
    <time>2024-07-02T16:05:38Z</time>
   </trkpt>
   <trkpt lat="52.8368250" lon="-6.9187140">
    <ele>55.2</ele>
    <time>2024-07-02T16:05:39Z</time>
   </trkpt>
   <trkpt lat="52.8368250" lon="-6.9187120">
    <ele>55.2</ele>
    <time>2024-07-02T16:05:40Z</time>
   </trkpt>
   <trkpt lat="52.8368250" lon="-6.9187110">
    <ele>55.2</ele>
    <time>2024-07-02T16:05:41Z</time>
   </trkpt>
   <trkpt lat="52.8368250" lon="-6.9187090">
    <ele>55.2</ele>
    <time>2024-07-02T16:05:42Z</time>
   </trkpt>
   <trkpt lat="52.8368250" lon="-6.9187080">
    <ele>55.2</ele>
    <time>2024-07-02T16:05:43Z</time>
   </trkpt>
   <trkpt lat="52.8368250" lon="-6.9187060">
    <ele>55.2</ele>
    <time>2024-07-02T16:05:44Z</time>
   </trkpt>
   <trkpt lat="52.8368250" lon="-6.9187050">
    <ele>55.2</ele>
    <time>2024-07-02T16:05:45Z</time>
   </trkpt>
   <trkpt lat="52.8368250" lon="-6.9187030">
    <ele>55.2</ele>
    <time>2024-07-02T16:05:46Z</time>
   </trkpt>
   <trkpt lat="52.8368250" lon="-6.9187020">
    <ele>55.2</ele>
    <time>2024-07-02T16:05:47Z</time>
   </trkpt>
   <trkpt lat="52.8368250" lon="-6.9187010">
    <ele>55.2</ele>
    <time>2024-07-02T16:05:48Z</time>
   </trkpt>
   <trkpt lat="52.8368250" lon="-6.9186990">
    <ele>55.2</ele>
    <time>2024-07-02T16:05:49Z</time>
   </trkpt>
   <trkpt lat="52.8368250" lon="-6.9186980">
    <ele>55.2</ele>
    <time>2024-07-02T16:05:50Z</time>
   </trkpt>
   <trkpt lat="52.8368250" lon="-6.9186960">
    <ele>55.2</ele>
    <time>2024-07-02T16:05:51Z</time>
   </trkpt>
   <trkpt lat="52.8368250" lon="-6.9186950">
    <ele>55.2</ele>
    <time>2024-07-02T16:05:52Z</time>
   </trkpt>
   <trkpt lat="52.8368250" lon="-6.9186930">
    <ele>55.3</ele>
    <time>2024-07-02T16:05:53Z</time>
   </trkpt>
   <trkpt lat="52.8368250" lon="-6.9186920">
    <ele>55.3</ele>
    <time>2024-07-02T16:05:54Z</time>
   </trkpt>
   <trkpt lat="52.8368250" lon="-6.9186900">
    <ele>55.3</ele>
    <time>2024-07-02T16:05:55Z</time>
   </trkpt>
   <trkpt lat="52.8368250" lon="-6.9186890">
    <ele>55.3</ele>
    <time>2024-07-02T16:05:56Z</time>
   </trkpt>
   <trkpt lat="52.8368250" lon="-6.9186870">
    <ele>55.3</ele>
    <time>2024-07-02T16:05:57Z</time>
   </trkpt>
   <trkpt lat="52.8368250" lon="-6.9186860">
    <ele>55.3</ele>
    <time>2024-07-02T16:05:58Z</time>
   </trkpt>
   <trkpt lat="52.8368250" lon="-6.9186850">
    <ele>55.3</ele>
    <time>2024-07-02T16:05:59Z</time>
   </trkpt>
   <trkpt lat="52.8368250" lon="-6.9186830">
    <ele>55.3</ele>
    <time>2024-07-02T16:06:00Z</time>
   </trkpt>
   <trkpt lat="52.8368250" lon="-6.9186820">
    <ele>55.3</ele>
    <time>2024-07-02T16:06:01Z</time>
   </trkpt>
   <trkpt lat="52.8368250" lon="-6.9186800">
    <ele>55.3</ele>
    <time>2024-07-02T16:06:02Z</time>
   </trkpt>
   <trkpt lat="52.8368250" lon="-6.9186790">
    <ele>55.3</ele>
    <time>2024-07-02T16:06:03Z</time>
   </trkpt>
   <trkpt lat="52.8368250" lon="-6.9186770">
    <ele>55.3</ele>
    <time>2024-07-02T16:06:04Z</time>
   </trkpt>
   <trkpt lat="52.8368250" lon="-6.9186760">
    <ele>55.3</ele>
    <time>2024-07-02T16:06:05Z</time>
   </trkpt>
   <trkpt lat="52.8368250" lon="-6.9186740">
    <ele>55.3</ele>
    <time>2024-07-02T16:06:06Z</time>
   </trkpt>
   <trkpt lat="52.8368250" lon="-6.9186730">
    <ele>55.3</ele>
    <time>2024-07-02T16:06:07Z</time>
   </trkpt>
   <trkpt lat="52.8368250" lon="-6.9186710">
    <ele>55.3</ele>
    <time>2024-07-02T16:06:08Z</time>
   </trkpt>
   <trkpt lat="52.8368250" lon="-6.9186700">
    <ele>55.3</ele>
    <time>2024-07-02T16:06:09Z</time>
   </trkpt>
   <trkpt lat="52.8368250" lon="-6.9186680">
    <ele>55.3</ele>
    <time>2024-07-02T16:06:10Z</time>
   </trkpt>
   <trkpt lat="52.8368250" lon="-6.9186670">
    <ele>55.3</ele>
    <time>2024-07-02T16:06:11Z</time>
   </trkpt>
   <trkpt lat="52.8368250" lon="-6.9186660">
    <ele>55.3</ele>
    <time>2024-07-02T16:06:12Z</time>
   </trkpt>
   <trkpt lat="52.8368250" lon="-6.9186640">
    <ele>55.3</ele>
    <time>2024-07-02T16:06:13Z</time>
   </trkpt>
   <trkpt lat="52.8368250" lon="-6.9186630">
    <ele>55.3</ele>
    <time>2024-07-02T16:06:14Z</time>
   </trkpt>
   <trkpt lat="52.8368250" lon="-6.9186610">
    <ele>55.3</ele>
    <time>2024-07-02T16:06:15Z</time>
   </trkpt>
   <trkpt lat="52.8368250" lon="-6.9186600">
    <ele>55.3</ele>
    <time>2024-07-02T16:06:16Z</time>
   </trkpt>
   <trkpt lat="52.8368260" lon="-6.9186580">
    <ele>55.3</ele>
    <time>2024-07-02T16:06:17Z</time>
   </trkpt>
   <trkpt lat="52.8368260" lon="-6.9186570">
    <ele>55.3</ele>
    <time>2024-07-02T16:06:18Z</time>
   </trkpt>
   <trkpt lat="52.8368260" lon="-6.9186550">
    <ele>55.3</ele>
    <time>2024-07-02T16:06:19Z</time>
   </trkpt>
   <trkpt lat="52.8368260" lon="-6.9186540">
    <ele>55.3</ele>
    <time>2024-07-02T16:06:20Z</time>
   </trkpt>
   <trkpt lat="52.8368260" lon="-6.9186520">
    <ele>55.3</ele>
    <time>2024-07-02T16:06:21Z</time>
   </trkpt>
   <trkpt lat="52.8368260" lon="-6.9186510">
    <ele>55.3</ele>
    <time>2024-07-02T16:06:22Z</time>
   </trkpt>
   <trkpt lat="52.8368260" lon="-6.9186490">
    <ele>55.3</ele>
    <time>2024-07-02T16:06:23Z</time>
   </trkpt>
   <trkpt lat="52.8368260" lon="-6.9186480">
    <ele>55.3</ele>
    <time>2024-07-02T16:06:24Z</time>
   </trkpt>
   <trkpt lat="52.8368260" lon="-6.9186470">
    <ele>55.3</ele>
    <time>2024-07-02T16:06:25Z</time>
   </trkpt>
   <trkpt lat="52.8368260" lon="-6.9186450">
    <ele>55.3</ele>
    <time>2024-07-02T16:06:26Z</time>
   </trkpt>
   <trkpt lat="52.8368260" lon="-6.9186440">
    <ele>55.3</ele>
    <time>2024-07-02T16:06:27Z</time>
   </trkpt>
   <trkpt lat="52.8368260" lon="-6.9186420">
    <ele>55.3</ele>
    <time>2024-07-02T16:06:28Z</time>
   </trkpt>
   <trkpt lat="52.8368260" lon="-6.9186410">
    <ele>55.3</ele>
    <time>2024-07-02T16:06:29Z</time>
   </trkpt>
   <trkpt lat="52.8368320" lon="-6.9185820">
    <ele>55.3</ele>
    <time>2024-07-02T16:06:30Z</time>
   </trkpt>
   <trkpt lat="52.8368380" lon="-6.9185050">
    <ele>55.3</ele>
    <time>2024-07-02T16:06:31Z</time>
   </trkpt>
   <trkpt lat="52.8368450" lon="-6.9184250">
    <ele>55.3</ele>
    <time>2024-07-02T16:06:32Z</time>
   </trkpt>
   <trkpt lat="52.8368470" lon="-6.9183470">
    <ele>55.4</ele>
    <time>2024-07-02T16:06:33Z</time>
   </trkpt>
   <trkpt lat="52.8368500" lon="-6.9182840">
    <ele>55.4</ele>
    <time>2024-07-02T16:06:34Z</time>
   </trkpt>
   <trkpt lat="52.8368490" lon="-6.9182240">
    <ele>55.4</ele>
    <time>2024-07-02T16:06:35Z</time>
   </trkpt>
   <trkpt lat="52.8368550" lon="-6.9181700">
    <ele>55.4</ele>
    <time>2024-07-02T16:06:36Z</time>
   </trkpt>
   <trkpt lat="52.8368610" lon="-6.9181000">
    <ele>55.4</ele>
    <time>2024-07-02T16:06:37Z</time>
   </trkpt>
   <trkpt lat="52.8368620" lon="-6.9180710">
    <ele>55.4</ele>
    <time>2024-07-02T16:06:38Z</time>
   </trkpt>
   <trkpt lat="52.8368620" lon="-6.9179940">
    <ele>55.4</ele>
    <time>2024-07-02T16:06:39Z</time>
   </trkpt>
   <trkpt lat="52.8368650" lon="-6.9179100">
    <ele>55.5</ele>
    <time>2024-07-02T16:06:40Z</time>
   </trkpt>
   <trkpt lat="52.8368760" lon="-6.9178190">
    <ele>55.5</ele>
    <time>2024-07-02T16:06:41Z</time>
   </trkpt>
   <trkpt lat="52.8368830" lon="-6.9177210">
    <ele>55.5</ele>
    <time>2024-07-02T16:06:42Z</time>
   </trkpt>
   <trkpt lat="52.8368960" lon="-6.9175960">
    <ele>55.5</ele>
    <time>2024-07-02T16:06:43Z</time>
   </trkpt>
   <trkpt lat="52.8369150" lon="-6.9174460">
    <ele>55.5</ele>
    <time>2024-07-02T16:06:44Z</time>
   </trkpt>
   <trkpt lat="52.8369290" lon="-6.9172970">
    <ele>55.4</ele>
    <time>2024-07-02T16:06:45Z</time>
   </trkpt>
   <trkpt lat="52.8369370" lon="-6.9171670">
    <ele>55.4</ele>
    <time>2024-07-02T16:06:46Z</time>
   </trkpt>
   <trkpt lat="52.8369380" lon="-6.9170440">
    <ele>55.5</ele>
    <time>2024-07-02T16:06:47Z</time>
   </trkpt>
   <trkpt lat="52.8369480" lon="-6.9169210">
    <ele>55.5</ele>
    <time>2024-07-02T16:06:48Z</time>
   </trkpt>
   <trkpt lat="52.8369510" lon="-6.9168030">
    <ele>55.5</ele>
    <time>2024-07-02T16:06:49Z</time>
   </trkpt>
   <trkpt lat="52.8369570" lon="-6.9166900">
    <ele>55.5</ele>
    <time>2024-07-02T16:06:50Z</time>
   </trkpt>
   <trkpt lat="52.8369630" lon="-6.9165740">
    <ele>55.5</ele>
    <time>2024-07-02T16:06:51Z</time>
   </trkpt>
   <trkpt lat="52.8369670" lon="-6.9164480">
    <ele>55.5</ele>
    <time>2024-07-02T16:06:52Z</time>
   </trkpt>
   <trkpt lat="52.8369720" lon="-6.9163140">
    <ele>55.5</ele>
    <time>2024-07-02T16:06:53Z</time>
   </trkpt>
   <trkpt lat="52.8369830" lon="-6.9161800">
    <ele>55.5</ele>
    <time>2024-07-02T16:06:54Z</time>
   </trkpt>
   <trkpt lat="52.8369920" lon="-6.9160390">
    <ele>55.5</ele>
    <time>2024-07-02T16:06:55Z</time>
   </trkpt>
   <trkpt lat="52.8370050" lon="-6.9159000">
    <ele>55.5</ele>
    <time>2024-07-02T16:06:56Z</time>
   </trkpt>
   <trkpt lat="52.8370180" lon="-6.9157530">
    <ele>55.5</ele>
    <time>2024-07-02T16:06:57Z</time>
   </trkpt>
   <trkpt lat="52.8370260" lon="-6.9156030">
    <ele>55.5</ele>
    <time>2024-07-02T16:06:58Z</time>
   </trkpt>
   <trkpt lat="52.8370400" lon="-6.9154560">
    <ele>55.6</ele>
    <time>2024-07-02T16:06:59Z</time>
   </trkpt>
   <trkpt lat="52.8370590" lon="-6.9153200">
    <ele>55.6</ele>
    <time>2024-07-02T16:07:00Z</time>
   </trkpt>
   <trkpt lat="52.8370780" lon="-6.9151790">
    <ele>55.6</ele>
    <time>2024-07-02T16:07:01Z</time>
   </trkpt>
   <trkpt lat="52.8371010" lon="-6.9150430">
    <ele>55.7</ele>
    <time>2024-07-02T16:07:02Z</time>
   </trkpt>
   <trkpt lat="52.8371220" lon="-6.9149220">
    <ele>55.7</ele>
    <time>2024-07-02T16:07:03Z</time>
   </trkpt>
   <trkpt lat="52.8371480" lon="-6.9147950">
    <ele>55.7</ele>
    <time>2024-07-02T16:07:04Z</time>
   </trkpt>
   <trkpt lat="52.8371770" lon="-6.9146720">
    <ele>55.7</ele>
    <time>2024-07-02T16:07:05Z</time>
   </trkpt>
   <trkpt lat="52.8372030" lon="-6.9145530">
    <ele>55.7</ele>
    <time>2024-07-02T16:07:06Z</time>
   </trkpt>
   <trkpt lat="52.8372390" lon="-6.9144400">
    <ele>55.7</ele>
    <time>2024-07-02T16:07:07Z</time>
   </trkpt>
   <trkpt lat="52.8372760" lon="-6.9143310">
    <ele>55.6</ele>
    <time>2024-07-02T16:07:08Z</time>
   </trkpt>
   <trkpt lat="52.8373050" lon="-6.9142220">
    <ele>55.5</ele>
    <time>2024-07-02T16:07:09Z</time>
   </trkpt>
   <trkpt lat="52.8373350" lon="-6.9141210">
    <ele>55.5</ele>
    <time>2024-07-02T16:07:10Z</time>
   </trkpt>
   <trkpt lat="52.8373580" lon="-6.9140320">
    <ele>55.5</ele>
    <time>2024-07-02T16:07:11Z</time>
   </trkpt>
   <trkpt lat="52.8373780" lon="-6.9139560">
    <ele>55.4</ele>
    <time>2024-07-02T16:07:12Z</time>
   </trkpt>
   <trkpt lat="52.8373970" lon="-6.9138980">
    <ele>55.4</ele>
    <time>2024-07-02T16:07:13Z</time>
   </trkpt>
   <trkpt lat="52.8374230" lon="-6.9138420">
    <ele>55.4</ele>
    <time>2024-07-02T16:07:14Z</time>
   </trkpt>
   <trkpt lat="52.8374480" lon="-6.9137780">
    <ele>55.3</ele>
    <time>2024-07-02T16:07:15Z</time>
   </trkpt>
   <trkpt lat="52.8374780" lon="-6.9137110">
    <ele>55.3</ele>
    <time>2024-07-02T16:07:16Z</time>
   </trkpt>
   <trkpt lat="52.8375120" lon="-6.9136280">
    <ele>55.3</ele>
    <time>2024-07-02T16:07:17Z</time>
   </trkpt>
   <trkpt lat="52.8375540" lon="-6.9135360">
    <ele>55.2</ele>
    <time>2024-07-02T16:07:18Z</time>
   </trkpt>
   <trkpt lat="52.8375980" lon="-6.9134330">
    <ele>55.2</ele>
    <time>2024-07-02T16:07:19Z</time>
   </trkpt>
   <trkpt lat="52.8376420" lon="-6.9133240">
    <ele>55.2</ele>
    <time>2024-07-02T16:07:20Z</time>
   </trkpt>
   <trkpt lat="52.8376840" lon="-6.9132020">
    <ele>55.2</ele>
    <time>2024-07-02T16:07:21Z</time>
   </trkpt>
   <trkpt lat="52.8377330" lon="-6.9130850">
    <ele>55.2</ele>
    <time>2024-07-02T16:07:22Z</time>
   </trkpt>
   <trkpt lat="52.8377840" lon="-6.9129650">
    <ele>55.2</ele>
    <time>2024-07-02T16:07:23Z</time>
   </trkpt>
   <trkpt lat="52.8378360" lon="-6.9128400">
    <ele>55.2</ele>
    <time>2024-07-02T16:07:24Z</time>
   </trkpt>
   <trkpt lat="52.8379020" lon="-6.9127180">
    <ele>55.3</ele>
    <time>2024-07-02T16:07:25Z</time>
   </trkpt>
   <trkpt lat="52.8379690" lon="-6.9125920">
    <ele>55.3</ele>
    <time>2024-07-02T16:07:26Z</time>
   </trkpt>
   <trkpt lat="52.8380380" lon="-6.9124730">
    <ele>55.3</ele>
    <time>2024-07-02T16:07:27Z</time>
   </trkpt>
   <trkpt lat="52.8381140" lon="-6.9123550">
    <ele>55.4</ele>
    <time>2024-07-02T16:07:28Z</time>
   </trkpt>
   <trkpt lat="52.8381890" lon="-6.9122390">
    <ele>55.4</ele>
    <time>2024-07-02T16:07:29Z</time>
   </trkpt>
   <trkpt lat="52.8382720" lon="-6.9121250">
    <ele>55.5</ele>
    <time>2024-07-02T16:07:30Z</time>
   </trkpt>
   <trkpt lat="52.8383460" lon="-6.9120330">
    <ele>55.5</ele>
    <time>2024-07-02T16:07:31Z</time>
   </trkpt>
   <trkpt lat="52.8384170" lon="-6.9119030">
    <ele>55.5</ele>
    <time>2024-07-02T16:07:32Z</time>
   </trkpt>
   <trkpt lat="52.8384760" lon="-6.9117600">
    <ele>55.5</ele>
    <time>2024-07-02T16:07:33Z</time>
   </trkpt>
   <trkpt lat="52.8385330" lon="-6.9116270">
    <ele>55.5</ele>
    <time>2024-07-02T16:07:34Z</time>
   </trkpt>
   <trkpt lat="52.8385800" lon="-6.9114920">
    <ele>55.5</ele>
    <time>2024-07-02T16:07:35Z</time>
   </trkpt>
   <trkpt lat="52.8386260" lon="-6.9113510">
    <ele>55.5</ele>
    <time>2024-07-02T16:07:36Z</time>
   </trkpt>
   <trkpt lat="52.8386710" lon="-6.9112230">
    <ele>55.5</ele>
    <time>2024-07-02T16:07:37Z</time>
   </trkpt>
   <trkpt lat="52.8387060" lon="-6.9110970">
    <ele>55.5</ele>
    <time>2024-07-02T16:07:38Z</time>
   </trkpt>
   <trkpt lat="52.8387420" lon="-6.9109800">
    <ele>55.5</ele>
    <time>2024-07-02T16:07:39Z</time>
   </trkpt>
   <trkpt lat="52.8387780" lon="-6.9108590">
    <ele>55.5</ele>
    <time>2024-07-02T16:07:40Z</time>
   </trkpt>
   <trkpt lat="52.8388120" lon="-6.9107470">
    <ele>55.5</ele>
    <time>2024-07-02T16:07:41Z</time>
   </trkpt>
   <trkpt lat="52.8388510" lon="-6.9106430">
    <ele>55.5</ele>
    <time>2024-07-02T16:07:42Z</time>
   </trkpt>
   <trkpt lat="52.8388910" lon="-6.9105330">
    <ele>55.5</ele>
    <time>2024-07-02T16:07:43Z</time>
   </trkpt>
   <trkpt lat="52.8389320" lon="-6.9104180">
    <ele>55.5</ele>
    <time>2024-07-02T16:07:44Z</time>
   </trkpt>
   <trkpt lat="52.8389690" lon="-6.9102930">
    <ele>55.4</ele>
    <time>2024-07-02T16:07:45Z</time>
   </trkpt>
   <trkpt lat="52.8390000" lon="-6.9101720">
    <ele>55.4</ele>
    <time>2024-07-02T16:07:46Z</time>
   </trkpt>
   <trkpt lat="52.8390330" lon="-6.9100540">
    <ele>55.4</ele>
    <time>2024-07-02T16:07:47Z</time>
   </trkpt>
   <trkpt lat="52.8390620" lon="-6.9099380">
    <ele>55.4</ele>
    <time>2024-07-02T16:07:48Z</time>
   </trkpt>
   <trkpt lat="52.8390870" lon="-6.9098260">
    <ele>55.4</ele>
    <time>2024-07-02T16:07:49Z</time>
   </trkpt>
   <trkpt lat="52.8391080" lon="-6.9097270">
    <ele>55.4</ele>
    <time>2024-07-02T16:07:50Z</time>
   </trkpt>
   <trkpt lat="52.8391240" lon="-6.9096440">
    <ele>55.4</ele>
    <time>2024-07-02T16:07:51Z</time>
   </trkpt>
   <trkpt lat="52.8391370" lon="-6.9095740">
    <ele>55.3</ele>
    <time>2024-07-02T16:07:52Z</time>
   </trkpt>
   <trkpt lat="52.8391490" lon="-6.9095180">
    <ele>55.3</ele>
    <time>2024-07-02T16:07:53Z</time>
   </trkpt>
   <trkpt lat="52.8391620" lon="-6.9094770">
    <ele>55.3</ele>
    <time>2024-07-02T16:07:54Z</time>
   </trkpt>
   <trkpt lat="52.8391780" lon="-6.9094320">
    <ele>55.3</ele>
    <time>2024-07-02T16:07:55Z</time>
   </trkpt>
   <trkpt lat="52.8391830" lon="-6.9094150">
    <ele>55.3</ele>
    <time>2024-07-02T16:07:56Z</time>
   </trkpt>
   <trkpt lat="52.8392020" lon="-6.9093750">
    <ele>55.3</ele>
    <time>2024-07-02T16:07:57Z</time>
   </trkpt>
   <trkpt lat="52.8392240" lon="-6.9093180">
    <ele>55.3</ele>
    <time>2024-07-02T16:07:58Z</time>
   </trkpt>
   <trkpt lat="52.8392480" lon="-6.9092540">
    <ele>55.3</ele>
    <time>2024-07-02T16:07:59Z</time>
   </trkpt>
   <trkpt lat="52.8392840" lon="-6.9091860">
    <ele>55.4</ele>
    <time>2024-07-02T16:08:00Z</time>
   </trkpt>
   <trkpt lat="52.8393200" lon="-6.9091180">
    <ele>55.4</ele>
    <time>2024-07-02T16:08:01Z</time>
   </trkpt>
   <trkpt lat="52.8393460" lon="-6.9090480">
    <ele>55.3</ele>
    <time>2024-07-02T16:08:02Z</time>
   </trkpt>
   <trkpt lat="52.8393600" lon="-6.9089690">
    <ele>55.3</ele>
    <time>2024-07-02T16:08:03Z</time>
   </trkpt>
   <trkpt lat="52.8393510" lon="-6.9088800">
    <ele>55.3</ele>
    <time>2024-07-02T16:08:04Z</time>
   </trkpt>
   <trkpt lat="52.8393230" lon="-6.9088030">
    <ele>55.2</ele>
    <time>2024-07-02T16:08:05Z</time>
   </trkpt>
   <trkpt lat="52.8392800" lon="-6.9087540">
    <ele>55.2</ele>
    <time>2024-07-02T16:08:06Z</time>
   </trkpt>
   <trkpt lat="52.8392240" lon="-6.9087230">
    <ele>55.2</ele>
    <time>2024-07-02T16:08:07Z</time>
   </trkpt>
   <trkpt lat="52.8391620" lon="-6.9087410">
    <ele>55.2</ele>
    <time>2024-07-02T16:08:08Z</time>
   </trkpt>
   <trkpt lat="52.8390920" lon="-6.9087920">
    <ele>55.1</ele>
    <time>2024-07-02T16:08:09Z</time>
   </trkpt>
   <trkpt lat="52.8390200" lon="-6.9088590">
    <ele>55.1</ele>
    <time>2024-07-02T16:08:10Z</time>
   </trkpt>
   <trkpt lat="52.8389430" lon="-6.9089280">
    <ele>55.1</ele>
    <time>2024-07-02T16:08:11Z</time>
   </trkpt>
   <trkpt lat="52.8388630" lon="-6.9089950">
    <ele>55.2</ele>
    <time>2024-07-02T16:08:12Z</time>
   </trkpt>
   <trkpt lat="52.8387730" lon="-6.9090650">
    <ele>55.2</ele>
    <time>2024-07-02T16:08:13Z</time>
   </trkpt>
   <trkpt lat="52.8386810" lon="-6.9091270">
    <ele>55.3</ele>
    <time>2024-07-02T16:08:14Z</time>
   </trkpt>
   <trkpt lat="52.8385900" lon="-6.9091810">
    <ele>55.4</ele>
    <time>2024-07-02T16:08:15Z</time>
   </trkpt>
   <trkpt lat="52.8384880" lon="-6.9092290">
    <ele>55.4</ele>
    <time>2024-07-02T16:08:16Z</time>
   </trkpt>
   <trkpt lat="52.8383900" lon="-6.9092720">
    <ele>55.5</ele>
    <time>2024-07-02T16:08:17Z</time>
   </trkpt>
   <trkpt lat="52.8382920" lon="-6.9093180">
    <ele>55.6</ele>
    <time>2024-07-02T16:08:18Z</time>
   </trkpt>
   <trkpt lat="52.8381920" lon="-6.9093710">
    <ele>55.6</ele>
    <time>2024-07-02T16:08:19Z</time>
   </trkpt>
   <trkpt lat="52.8380960" lon="-6.9094130">
    <ele>55.7</ele>
    <time>2024-07-02T16:08:20Z</time>
   </trkpt>
   <trkpt lat="52.8380000" lon="-6.9094620">
    <ele>55.8</ele>
    <time>2024-07-02T16:08:21Z</time>
   </trkpt>
   <trkpt lat="52.8379040" lon="-6.9095110">
    <ele>55.8</ele>
    <time>2024-07-02T16:08:22Z</time>
   </trkpt>
   <trkpt lat="52.8378050" lon="-6.9095540">
    <ele>55.9</ele>
    <time>2024-07-02T16:08:23Z</time>
   </trkpt>
   <trkpt lat="52.8377070" lon="-6.9096020">
    <ele>56.0</ele>
    <time>2024-07-02T16:08:24Z</time>
   </trkpt>
   <trkpt lat="52.8376100" lon="-6.9096510">
    <ele>56.1</ele>
    <time>2024-07-02T16:08:25Z</time>
   </trkpt>
   <trkpt lat="52.8375170" lon="-6.9096970">
    <ele>56.2</ele>
    <time>2024-07-02T16:08:26Z</time>
   </trkpt>
   <trkpt lat="52.8374240" lon="-6.9097420">
    <ele>56.3</ele>
    <time>2024-07-02T16:08:27Z</time>
   </trkpt>
   <trkpt lat="52.8373320" lon="-6.9097800">
    <ele>56.4</ele>
    <time>2024-07-02T16:08:28Z</time>
   </trkpt>
   <trkpt lat="52.8372430" lon="-6.9098080">
    <ele>56.5</ele>
    <time>2024-07-02T16:08:29Z</time>
   </trkpt>
   <trkpt lat="52.8371550" lon="-6.9098450">
    <ele>56.6</ele>
    <time>2024-07-02T16:08:30Z</time>
   </trkpt>
   <trkpt lat="52.8370690" lon="-6.9098800">
    <ele>56.7</ele>
    <time>2024-07-02T16:08:31Z</time>
   </trkpt>
   <trkpt lat="52.8369840" lon="-6.9099130">
    <ele>56.8</ele>
    <time>2024-07-02T16:08:32Z</time>
   </trkpt>
   <trkpt lat="52.8369000" lon="-6.9099450">
    <ele>56.9</ele>
    <time>2024-07-02T16:08:33Z</time>
   </trkpt>
   <trkpt lat="52.8368230" lon="-6.9099780">
    <ele>57.0</ele>
    <time>2024-07-02T16:08:34Z</time>
   </trkpt>
   <trkpt lat="52.8367480" lon="-6.9100180">
    <ele>57.0</ele>
    <time>2024-07-02T16:08:35Z</time>
   </trkpt>
   <trkpt lat="52.8366720" lon="-6.9100540">
    <ele>57.0</ele>
    <time>2024-07-02T16:08:36Z</time>
   </trkpt>
   <trkpt lat="52.8366010" lon="-6.9100870">
    <ele>57.0</ele>
    <time>2024-07-02T16:08:37Z</time>
   </trkpt>
   <trkpt lat="52.8365300" lon="-6.9101250">
    <ele>57.0</ele>
    <time>2024-07-02T16:08:38Z</time>
   </trkpt>
   <trkpt lat="52.8364720" lon="-6.9101500">
    <ele>57.1</ele>
    <time>2024-07-02T16:08:39Z</time>
   </trkpt>
   <trkpt lat="52.8364100" lon="-6.9101700">
    <ele>57.2</ele>
    <time>2024-07-02T16:08:40Z</time>
   </trkpt>
   <trkpt lat="52.8363550" lon="-6.9101870">
    <ele>57.3</ele>
    <time>2024-07-02T16:08:41Z</time>
   </trkpt>
   <trkpt lat="52.8363070" lon="-6.9102050">
    <ele>57.3</ele>
    <time>2024-07-02T16:08:42Z</time>
   </trkpt>
   <trkpt lat="52.8362690" lon="-6.9102320">
    <ele>57.4</ele>
    <time>2024-07-02T16:08:43Z</time>
   </trkpt>
   <trkpt lat="52.8362350" lon="-6.9102490">
    <ele>57.4</ele>
    <time>2024-07-02T16:08:44Z</time>
   </trkpt>
   <trkpt lat="52.8362190" lon="-6.9102610">
    <ele>57.5</ele>
    <time>2024-07-02T16:08:45Z</time>
   </trkpt>
   <trkpt lat="52.8362060" lon="-6.9102640">
    <ele>57.5</ele>
    <time>2024-07-02T16:08:46Z</time>
   </trkpt>
   <trkpt lat="52.8361980" lon="-6.9102680">
    <ele>57.5</ele>
    <time>2024-07-02T16:08:47Z</time>
   </trkpt>
   <trkpt lat="52.8361930" lon="-6.9102720">
    <ele>57.5</ele>
    <time>2024-07-02T16:08:48Z</time>
   </trkpt>
   <trkpt lat="52.8361880" lon="-6.9102750">
    <ele>57.5</ele>
    <time>2024-07-02T16:08:49Z</time>
   </trkpt>
   <trkpt lat="52.8361830" lon="-6.9102790">
    <ele>57.5</ele>
    <time>2024-07-02T16:08:50Z</time>
   </trkpt>
   <trkpt lat="52.8361780" lon="-6.9102820">
    <ele>57.5</ele>
    <time>2024-07-02T16:08:51Z</time>
   </trkpt>
   <trkpt lat="52.8361720" lon="-6.9102860">
    <ele>57.5</ele>
    <time>2024-07-02T16:08:52Z</time>
   </trkpt>
   <trkpt lat="52.8361360" lon="-6.9103010">
    <ele>57.6</ele>
    <time>2024-07-02T16:08:53Z</time>
   </trkpt>
   <trkpt lat="52.8361240" lon="-6.9103080">
    <ele>57.6</ele>
    <time>2024-07-02T16:08:54Z</time>
   </trkpt>
   <trkpt lat="52.8361080" lon="-6.9103190">
    <ele>57.6</ele>
    <time>2024-07-02T16:08:55Z</time>
   </trkpt>
   <trkpt lat="52.8360960" lon="-6.9103310">
    <ele>57.6</ele>
    <time>2024-07-02T16:08:56Z</time>
   </trkpt>
   <trkpt lat="52.8360900" lon="-6.9103370">
    <ele>57.6</ele>
    <time>2024-07-02T16:08:57Z</time>
   </trkpt>
   <trkpt lat="52.8360880" lon="-6.9103380">
    <ele>57.7</ele>
    <time>2024-07-02T16:08:58Z</time>
   </trkpt>
   <trkpt lat="52.8360850" lon="-6.9103380">
    <ele>57.7</ele>
    <time>2024-07-02T16:08:59Z</time>
   </trkpt>
   <trkpt lat="52.8360830" lon="-6.9103390">
    <ele>57.7</ele>
    <time>2024-07-02T16:09:00Z</time>
   </trkpt>
   <trkpt lat="52.8360810" lon="-6.9103390">
    <ele>57.7</ele>
    <time>2024-07-02T16:09:01Z</time>
   </trkpt>
   <trkpt lat="52.8360790" lon="-6.9103400">
    <ele>57.7</ele>
    <time>2024-07-02T16:09:02Z</time>
   </trkpt>
   <trkpt lat="52.8360760" lon="-6.9103400">
    <ele>57.7</ele>
    <time>2024-07-02T16:09:03Z</time>
   </trkpt>
   <trkpt lat="52.8360740" lon="-6.9103410">
    <ele>57.7</ele>
    <time>2024-07-02T16:09:04Z</time>
   </trkpt>
   <trkpt lat="52.8360720" lon="-6.9103420">
    <ele>57.7</ele>
    <time>2024-07-02T16:09:05Z</time>
   </trkpt>
   <trkpt lat="52.8360700" lon="-6.9103420">
    <ele>57.7</ele>
    <time>2024-07-02T16:09:06Z</time>
   </trkpt>
   <trkpt lat="52.8360670" lon="-6.9103430">
    <ele>57.7</ele>
    <time>2024-07-02T16:09:07Z</time>
   </trkpt>
   <trkpt lat="52.8360650" lon="-6.9103430">
    <ele>57.7</ele>
    <time>2024-07-02T16:09:08Z</time>
   </trkpt>
   <trkpt lat="52.8360630" lon="-6.9103440">
    <ele>57.7</ele>
    <time>2024-07-02T16:09:10Z</time>
   </trkpt>
   <trkpt lat="52.8360610" lon="-6.9103440">
    <ele>57.7</ele>
    <time>2024-07-02T16:09:11Z</time>
   </trkpt>
   <trkpt lat="52.8360580" lon="-6.9103450">
    <ele>57.7</ele>
    <time>2024-07-02T16:09:12Z</time>
   </trkpt>
   <trkpt lat="52.8360560" lon="-6.9103460">
    <ele>57.7</ele>
    <time>2024-07-02T16:09:13Z</time>
   </trkpt>
   <trkpt lat="52.8360540" lon="-6.9103460">
    <ele>57.7</ele>
    <time>2024-07-02T16:09:14Z</time>
   </trkpt>
   <trkpt lat="52.8360520" lon="-6.9103470">
    <ele>57.7</ele>
    <time>2024-07-02T16:09:15Z</time>
   </trkpt>
   <trkpt lat="52.8360490" lon="-6.9103470">
    <ele>57.7</ele>
    <time>2024-07-02T16:09:16Z</time>
   </trkpt>
   <trkpt lat="52.8360470" lon="-6.9103480">
    <ele>57.7</ele>
    <time>2024-07-02T16:09:17Z</time>
   </trkpt>
   <trkpt lat="52.8360450" lon="-6.9103480">
    <ele>57.7</ele>
    <time>2024-07-02T16:09:18Z</time>
   </trkpt>
   <trkpt lat="52.8360430" lon="-6.9103490">
    <ele>57.7</ele>
    <time>2024-07-02T16:09:19Z</time>
   </trkpt>
   <trkpt lat="52.8360400" lon="-6.9103500">
    <ele>57.7</ele>
    <time>2024-07-02T16:09:20Z</time>
   </trkpt>
   <trkpt lat="52.8360380" lon="-6.9103500">
    <ele>57.7</ele>
    <time>2024-07-02T16:09:21Z</time>
   </trkpt>
   <trkpt lat="52.8360360" lon="-6.9103510">
    <ele>57.7</ele>
    <time>2024-07-02T16:09:22Z</time>
   </trkpt>
   <trkpt lat="52.8360340" lon="-6.9103510">
    <ele>57.7</ele>
    <time>2024-07-02T16:09:23Z</time>
   </trkpt>
   <trkpt lat="52.8360310" lon="-6.9103520">
    <ele>57.7</ele>
    <time>2024-07-02T16:09:24Z</time>
   </trkpt>
   <trkpt lat="52.8360290" lon="-6.9103520">
    <ele>57.7</ele>
    <time>2024-07-02T16:09:25Z</time>
   </trkpt>
   <trkpt lat="52.8360270" lon="-6.9103530">
    <ele>57.7</ele>
    <time>2024-07-02T16:09:26Z</time>
   </trkpt>
   <trkpt lat="52.8360250" lon="-6.9103540">
    <ele>57.7</ele>
    <time>2024-07-02T16:09:27Z</time>
   </trkpt>
   <trkpt lat="52.8360220" lon="-6.9103540">
    <ele>57.7</ele>
    <time>2024-07-02T16:09:28Z</time>
   </trkpt>
   <trkpt lat="52.8360200" lon="-6.9103550">
    <ele>57.7</ele>
    <time>2024-07-02T16:09:29Z</time>
   </trkpt>
   <trkpt lat="52.8360180" lon="-6.9103550">
    <ele>57.7</ele>
    <time>2024-07-02T16:09:30Z</time>
   </trkpt>
   <trkpt lat="52.8360160" lon="-6.9103560">
    <ele>57.7</ele>
    <time>2024-07-02T16:09:31Z</time>
   </trkpt>
   <trkpt lat="52.8360130" lon="-6.9103570">
    <ele>57.7</ele>
    <time>2024-07-02T16:09:32Z</time>
   </trkpt>
   <trkpt lat="52.8360110" lon="-6.9103570">
    <ele>57.7</ele>
    <time>2024-07-02T16:09:33Z</time>
   </trkpt>
   <trkpt lat="52.8360090" lon="-6.9103580">
    <ele>57.7</ele>
    <time>2024-07-02T16:09:34Z</time>
   </trkpt>
   <trkpt lat="52.8360070" lon="-6.9103580">
    <ele>57.7</ele>
    <time>2024-07-02T16:09:35Z</time>
   </trkpt>
   <trkpt lat="52.8359710" lon="-6.9103700">
    <ele>57.8</ele>
    <time>2024-07-02T16:09:36Z</time>
   </trkpt>
   <trkpt lat="52.8359620" lon="-6.9103730">
    <ele>57.8</ele>
    <time>2024-07-02T16:09:37Z</time>
   </trkpt>
   <trkpt lat="52.8359310" lon="-6.9103930">
    <ele>57.8</ele>
    <time>2024-07-02T16:09:38Z</time>
   </trkpt>
   <trkpt lat="52.8359220" lon="-6.9104010">
    <ele>57.8</ele>
    <time>2024-07-02T16:09:39Z</time>
   </trkpt>
   <trkpt lat="52.8359060" lon="-6.9104090">
    <ele>57.9</ele>
    <time>2024-07-02T16:09:40Z</time>
   </trkpt>
   <trkpt lat="52.8359010" lon="-6.9104170">
    <ele>57.9</ele>
    <time>2024-07-02T16:09:41Z</time>
   </trkpt>
   <trkpt lat="52.8358990" lon="-6.9104220">
    <ele>57.9</ele>
    <time>2024-07-02T16:09:42Z</time>
   </trkpt>
   <trkpt lat="52.8358950" lon="-6.9104230">
    <ele>57.9</ele>
    <time>2024-07-02T16:09:43Z</time>
   </trkpt>
   <trkpt lat="52.8358830" lon="-6.9104330">
    <ele>57.9</ele>
    <time>2024-07-02T16:09:44Z</time>
   </trkpt>
   <trkpt lat="52.8358700" lon="-6.9104420">
    <ele>57.9</ele>
    <time>2024-07-02T16:09:45Z</time>
   </trkpt>
   <trkpt lat="52.8358580" lon="-6.9104510">
    <ele>57.9</ele>
    <time>2024-07-02T16:09:46Z</time>
   </trkpt>
   <trkpt lat="52.8358290" lon="-6.9104800">
    <ele>57.9</ele>
    <time>2024-07-02T16:09:47Z</time>
   </trkpt>
   <trkpt lat="52.8358040" lon="-6.9105040">
    <ele>58.0</ele>
    <time>2024-07-02T16:09:48Z</time>
   </trkpt>
   <trkpt lat="52.8357730" lon="-6.9105250">
    <ele>58.0</ele>
    <time>2024-07-02T16:09:49Z</time>
   </trkpt>
   <trkpt lat="52.8357430" lon="-6.9105390">
    <ele>58.0</ele>
    <time>2024-07-02T16:09:50Z</time>
   </trkpt>
   <trkpt lat="52.8357160" lon="-6.9105570">
    <ele>58.0</ele>
    <time>2024-07-02T16:09:51Z</time>
   </trkpt>
   <trkpt lat="52.8356850" lon="-6.9105800">
    <ele>58.0</ele>
    <time>2024-07-02T16:09:52Z</time>
   </trkpt>
   <trkpt lat="52.8356530" lon="-6.9106050">
    <ele>58.0</ele>
    <time>2024-07-02T16:09:53Z</time>
   </trkpt>
   <trkpt lat="52.8356170" lon="-6.9106300">
    <ele>58.0</ele>
    <time>2024-07-02T16:09:54Z</time>
   </trkpt>
   <trkpt lat="52.8355820" lon="-6.9106590">
    <ele>58.1</ele>
    <time>2024-07-02T16:09:55Z</time>
   </trkpt>
   <trkpt lat="52.8355440" lon="-6.9106870">
    <ele>58.1</ele>
    <time>2024-07-02T16:09:56Z</time>
   </trkpt>
   <trkpt lat="52.8355000" lon="-6.9107120">
    <ele>58.1</ele>
    <time>2024-07-02T16:09:57Z</time>
   </trkpt>
   <trkpt lat="52.8354570" lon="-6.9107420">
    <ele>58.1</ele>
    <time>2024-07-02T16:09:58Z</time>
   </trkpt>
   <trkpt lat="52.8354070" lon="-6.9107790">
    <ele>58.1</ele>
    <time>2024-07-02T16:09:59Z</time>
   </trkpt>
   <trkpt lat="52.8353540" lon="-6.9108180">
    <ele>58.2</ele>
    <time>2024-07-02T16:10:00Z</time>
   </trkpt>
   <trkpt lat="52.8353040" lon="-6.9108550">
    <ele>58.2</ele>
    <time>2024-07-02T16:10:01Z</time>
   </trkpt>
   <trkpt lat="52.8352560" lon="-6.9108980">
    <ele>58.2</ele>
    <time>2024-07-02T16:10:02Z</time>
   </trkpt>
   <trkpt lat="52.8352170" lon="-6.9109410">
    <ele>58.2</ele>
    <time>2024-07-02T16:10:03Z</time>
   </trkpt>
   <trkpt lat="52.8351870" lon="-6.9109750">
    <ele>58.2</ele>
    <time>2024-07-02T16:10:04Z</time>
   </trkpt>
   <trkpt lat="52.8351570" lon="-6.9110050">
    <ele>58.2</ele>
    <time>2024-07-02T16:10:05Z</time>
   </trkpt>
   <trkpt lat="52.8351480" lon="-6.9110140">
    <ele>58.2</ele>
    <time>2024-07-02T16:10:06Z</time>
   </trkpt>
   <trkpt lat="52.8351210" lon="-6.9110260">
    <ele>58.3</ele>
    <time>2024-07-02T16:10:07Z</time>
   </trkpt>
   <trkpt lat="52.8351110" lon="-6.9110270">
    <ele>58.3</ele>
    <time>2024-07-02T16:10:08Z</time>
   </trkpt>
   <trkpt lat="52.8350970" lon="-6.9110390">
    <ele>58.3</ele>
    <time>2024-07-02T16:10:09Z</time>
   </trkpt>
   <trkpt lat="52.8350960" lon="-6.9110420">
    <ele>58.3</ele>
    <time>2024-07-02T16:10:10Z</time>
   </trkpt>
   <trkpt lat="52.8350950" lon="-6.9110460">
    <ele>58.3</ele>
    <time>2024-07-02T16:10:11Z</time>
   </trkpt>
   <trkpt lat="52.8350950" lon="-6.9110490">
    <ele>58.3</ele>
    <time>2024-07-02T16:10:12Z</time>
   </trkpt>
   <trkpt lat="52.8350940" lon="-6.9110520">
    <ele>58.3</ele>
    <time>2024-07-02T16:10:13Z</time>
   </trkpt>
   <trkpt lat="52.8350930" lon="-6.9110560">
    <ele>58.3</ele>
    <time>2024-07-02T16:10:14Z</time>
   </trkpt>
   <trkpt lat="52.8350920" lon="-6.9110590">
    <ele>58.3</ele>
    <time>2024-07-02T16:10:15Z</time>
   </trkpt>
   <trkpt lat="52.8350910" lon="-6.9110620">
    <ele>58.3</ele>
    <time>2024-07-02T16:10:16Z</time>
   </trkpt>
   <trkpt lat="52.8350910" lon="-6.9110660">
    <ele>58.3</ele>
    <time>2024-07-02T16:10:17Z</time>
   </trkpt>
   <trkpt lat="52.8350900" lon="-6.9110690">
    <ele>58.3</ele>
    <time>2024-07-02T16:10:18Z</time>
   </trkpt>
   <trkpt lat="52.8350890" lon="-6.9110720">
    <ele>58.3</ele>
    <time>2024-07-02T16:10:19Z</time>
   </trkpt>
   <trkpt lat="52.8350880" lon="-6.9110760">
    <ele>58.3</ele>
    <time>2024-07-02T16:10:20Z</time>
   </trkpt>
   <trkpt lat="52.8350880" lon="-6.9110790">
    <ele>58.3</ele>
    <time>2024-07-02T16:10:21Z</time>
   </trkpt>
   <trkpt lat="52.8350870" lon="-6.9110820">
    <ele>58.3</ele>
    <time>2024-07-02T16:10:22Z</time>
   </trkpt>
   <trkpt lat="52.8350860" lon="-6.9110860">
    <ele>58.3</ele>
    <time>2024-07-02T16:10:23Z</time>
   </trkpt>
   <trkpt lat="52.8350850" lon="-6.9110890">
    <ele>58.3</ele>
    <time>2024-07-02T16:10:24Z</time>
   </trkpt>
   <trkpt lat="52.8350850" lon="-6.9110920">
    <ele>58.3</ele>
    <time>2024-07-02T16:10:25Z</time>
   </trkpt>
   <trkpt lat="52.8350840" lon="-6.9110960">
    <ele>58.3</ele>
    <time>2024-07-02T16:10:26Z</time>
   </trkpt>
   <trkpt lat="52.8350830" lon="-6.9110990">
    <ele>58.3</ele>
    <time>2024-07-02T16:10:27Z</time>
   </trkpt>
   <trkpt lat="52.8350820" lon="-6.9111030">
    <ele>58.3</ele>
    <time>2024-07-02T16:10:28Z</time>
   </trkpt>
   <trkpt lat="52.8350810" lon="-6.9111060">
    <ele>58.3</ele>
    <time>2024-07-02T16:10:29Z</time>
   </trkpt>
   <trkpt lat="52.8350810" lon="-6.9111090">
    <ele>58.3</ele>
    <time>2024-07-02T16:10:30Z</time>
   </trkpt>
   <trkpt lat="52.8350800" lon="-6.9111130">
    <ele>58.3</ele>
    <time>2024-07-02T16:10:31Z</time>
   </trkpt>
   <trkpt lat="52.8350790" lon="-6.9111160">
    <ele>58.3</ele>
    <time>2024-07-02T16:10:32Z</time>
   </trkpt>
   <trkpt lat="52.8350550" lon="-6.9111470">
    <ele>58.3</ele>
    <time>2024-07-02T16:10:33Z</time>
   </trkpt>
   <trkpt lat="52.8350470" lon="-6.9111520">
    <ele>58.3</ele>
    <time>2024-07-02T16:10:34Z</time>
   </trkpt>
   <trkpt lat="52.8350350" lon="-6.9111560">
    <ele>58.3</ele>
    <time>2024-07-02T16:10:35Z</time>
   </trkpt>
   <trkpt lat="52.8350340" lon="-6.9111570">
    <ele>58.3</ele>
    <time>2024-07-02T16:10:36Z</time>
   </trkpt>
   <trkpt lat="52.8350330" lon="-6.9111580">
    <ele>58.3</ele>
    <time>2024-07-02T16:10:37Z</time>
   </trkpt>
   <trkpt lat="52.8350320" lon="-6.9111580">
    <ele>58.3</ele>
    <time>2024-07-02T16:10:38Z</time>
   </trkpt>
   <trkpt lat="52.8350310" lon="-6.9111590">
    <ele>58.3</ele>
    <time>2024-07-02T16:10:39Z</time>
   </trkpt>
   <trkpt lat="52.8350300" lon="-6.9111600">
    <ele>58.3</ele>
    <time>2024-07-02T16:10:40Z</time>
   </trkpt>
   <trkpt lat="52.8350290" lon="-6.9111610">
    <ele>58.3</ele>
    <time>2024-07-02T16:10:41Z</time>
   </trkpt>
   <trkpt lat="52.8350280" lon="-6.9111620">
    <ele>58.3</ele>
    <time>2024-07-02T16:10:42Z</time>
   </trkpt>
   <trkpt lat="52.8350270" lon="-6.9111630">
    <ele>58.3</ele>
    <time>2024-07-02T16:10:43Z</time>
   </trkpt>
   <trkpt lat="52.8350260" lon="-6.9111640">
    <ele>58.3</ele>
    <time>2024-07-02T16:10:44Z</time>
   </trkpt>
   <trkpt lat="52.8350240" lon="-6.9111650">
    <ele>58.3</ele>
    <time>2024-07-02T16:10:45Z</time>
   </trkpt>
   <trkpt lat="52.8350230" lon="-6.9111660">
    <ele>58.3</ele>
    <time>2024-07-02T16:10:46Z</time>
   </trkpt>
   <trkpt lat="52.8350220" lon="-6.9111670">
    <ele>58.3</ele>
    <time>2024-07-02T16:10:47Z</time>
   </trkpt>
   <trkpt lat="52.8350210" lon="-6.9111680">
    <ele>58.3</ele>
    <time>2024-07-02T16:10:48Z</time>
   </trkpt>
   <trkpt lat="52.8350200" lon="-6.9111690">
    <ele>58.3</ele>
    <time>2024-07-02T16:10:49Z</time>
   </trkpt>
   <trkpt lat="52.8350190" lon="-6.9111700">
    <ele>58.3</ele>
    <time>2024-07-02T16:10:50Z</time>
   </trkpt>
   <trkpt lat="52.8350180" lon="-6.9111710">
    <ele>58.3</ele>
    <time>2024-07-02T16:10:51Z</time>
   </trkpt>
   <trkpt lat="52.8350170" lon="-6.9111720">
    <ele>58.3</ele>
    <time>2024-07-02T16:10:52Z</time>
   </trkpt>
   <trkpt lat="52.8350160" lon="-6.9111730">
    <ele>58.3</ele>
    <time>2024-07-02T16:10:53Z</time>
   </trkpt>
   <trkpt lat="52.8350150" lon="-6.9111740">
    <ele>58.3</ele>
    <time>2024-07-02T16:10:54Z</time>
   </trkpt>
   <trkpt lat="52.8350130" lon="-6.9111750">
    <ele>58.3</ele>
    <time>2024-07-02T16:10:55Z</time>
   </trkpt>
   <trkpt lat="52.8350120" lon="-6.9111760">
    <ele>58.3</ele>
    <time>2024-07-02T16:10:56Z</time>
   </trkpt>
   <trkpt lat="52.8350110" lon="-6.9111770">
    <ele>58.3</ele>
    <time>2024-07-02T16:10:57Z</time>
   </trkpt>
   <trkpt lat="52.8350100" lon="-6.9111770">
    <ele>58.3</ele>
    <time>2024-07-02T16:10:58Z</time>
   </trkpt>
   <trkpt lat="52.8349810" lon="-6.9111980">
    <ele>58.3</ele>
    <time>2024-07-02T16:10:59Z</time>
   </trkpt>
   <trkpt lat="52.8349730" lon="-6.9112040">
    <ele>58.3</ele>
    <time>2024-07-02T16:11:00Z</time>
   </trkpt>
   <trkpt lat="52.8349510" lon="-6.9112400">
    <ele>58.2</ele>
    <time>2024-07-02T16:11:01Z</time>
   </trkpt>
   <trkpt lat="52.8349440" lon="-6.9112480">
    <ele>58.2</ele>
    <time>2024-07-02T16:11:02Z</time>
   </trkpt>
   <trkpt lat="52.8349320" lon="-6.9112660">
    <ele>58.2</ele>
    <time>2024-07-02T16:11:03Z</time>
   </trkpt>
   <trkpt lat="52.8349290" lon="-6.9112720">
    <ele>58.2</ele>
    <time>2024-07-02T16:11:04Z</time>
   </trkpt>
   <trkpt lat="52.8349260" lon="-6.9112780">
    <ele>58.2</ele>
    <time>2024-07-02T16:11:05Z</time>
   </trkpt>
   <trkpt lat="52.8349220" lon="-6.9112840">
    <ele>58.2</ele>
    <time>2024-07-02T16:11:06Z</time>
   </trkpt>
   <trkpt lat="52.8349190" lon="-6.9112900">
    <ele>58.2</ele>
    <time>2024-07-02T16:11:07Z</time>
   </trkpt>
   <trkpt lat="52.8349150" lon="-6.9112960">
    <ele>58.2</ele>
    <time>2024-07-02T16:11:08Z</time>
   </trkpt>
   <trkpt lat="52.8348900" lon="-6.9113260">
    <ele>58.2</ele>
    <time>2024-07-02T16:11:09Z</time>
   </trkpt>
   <trkpt lat="52.8348590" lon="-6.9113670">
    <ele>58.1</ele>
    <time>2024-07-02T16:11:10Z</time>
   </trkpt>
   <trkpt lat="52.8348290" lon="-6.9114170">
    <ele>58.0</ele>
    <time>2024-07-02T16:11:11Z</time>
   </trkpt>
   <trkpt lat="52.8347940" lon="-6.9114710">
    <ele>58.0</ele>
    <time>2024-07-02T16:11:12Z</time>
   </trkpt>
   <trkpt lat="52.8347480" lon="-6.9115200">
    <ele>57.9</ele>
    <time>2024-07-02T16:11:13Z</time>
   </trkpt>
   <trkpt lat="52.8346930" lon="-6.9115690">
    <ele>57.8</ele>
    <time>2024-07-02T16:11:14Z</time>
   </trkpt>
   <trkpt lat="52.8346370" lon="-6.9116180">
    <ele>57.7</ele>
    <time>2024-07-02T16:11:15Z</time>
   </trkpt>
   <trkpt lat="52.8345810" lon="-6.9116750">
    <ele>57.6</ele>
    <time>2024-07-02T16:11:16Z</time>
   </trkpt>
   <trkpt lat="52.8345280" lon="-6.9117220">
    <ele>57.5</ele>
    <time>2024-07-02T16:11:17Z</time>
   </trkpt>
   <trkpt lat="52.8344750" lon="-6.9117730">
    <ele>57.4</ele>
    <time>2024-07-02T16:11:18Z</time>
   </trkpt>
   <trkpt lat="52.8344270" lon="-6.9118220">
    <ele>57.4</ele>
    <time>2024-07-02T16:11:19Z</time>
   </trkpt>
   <trkpt lat="52.8343800" lon="-6.9118710">
    <ele>57.3</ele>
    <time>2024-07-02T16:11:20Z</time>
   </trkpt>
   <trkpt lat="52.8343380" lon="-6.9119200">
    <ele>57.2</ele>
    <time>2024-07-02T16:11:21Z</time>
   </trkpt>
   <trkpt lat="52.8343010" lon="-6.9119600">
    <ele>57.1</ele>
    <time>2024-07-02T16:11:22Z</time>
   </trkpt>
   <trkpt lat="52.8342710" lon="-6.9119970">
    <ele>57.1</ele>
    <time>2024-07-02T16:11:23Z</time>
   </trkpt>
   <trkpt lat="52.8342380" lon="-6.9120340">
    <ele>57.0</ele>
    <time>2024-07-02T16:11:24Z</time>
   </trkpt>
   <trkpt lat="52.8342080" lon="-6.9120760">
    <ele>56.9</ele>
    <time>2024-07-02T16:11:25Z</time>
   </trkpt>
   <trkpt lat="52.8341780" lon="-6.9120990">
    <ele>56.9</ele>
    <time>2024-07-02T16:11:26Z</time>
   </trkpt>
   <trkpt lat="52.8341480" lon="-6.9121180">
    <ele>56.8</ele>
    <time>2024-07-02T16:11:27Z</time>
   </trkpt>
   <trkpt lat="52.8341150" lon="-6.9121260">
    <ele>56.8</ele>
    <time>2024-07-02T16:11:28Z</time>
   </trkpt>
   <trkpt lat="52.8340850" lon="-6.9121380">
    <ele>56.8</ele>
    <time>2024-07-02T16:11:29Z</time>
   </trkpt>
   <trkpt lat="52.8340770" lon="-6.9121420">
    <ele>56.8</ele>
    <time>2024-07-02T16:11:30Z</time>
   </trkpt>
   <trkpt lat="52.8340620" lon="-6.9121500">
    <ele>56.8</ele>
    <time>2024-07-02T16:11:31Z</time>
   </trkpt>
   <trkpt lat="52.8340530" lon="-6.9121570">
    <ele>56.8</ele>
    <time>2024-07-02T16:11:32Z</time>
   </trkpt>
   <trkpt lat="52.8340490" lon="-6.9121570">
    <ele>56.8</ele>
    <time>2024-07-02T16:11:33Z</time>
   </trkpt>
   <trkpt lat="52.8340430" lon="-6.9121510">
    <ele>56.7</ele>
    <time>2024-07-02T16:11:34Z</time>
   </trkpt>
   <trkpt lat="52.8340420" lon="-6.9121500">
    <ele>56.7</ele>
    <time>2024-07-02T16:11:35Z</time>
   </trkpt>
   <trkpt lat="52.8340190" lon="-6.9121510">
    <ele>56.7</ele>
    <time>2024-07-02T16:11:36Z</time>
   </trkpt>
   <trkpt lat="52.8339890" lon="-6.9121550">
    <ele>56.7</ele>
    <time>2024-07-02T16:11:37Z</time>
   </trkpt>
   <trkpt lat="52.8339480" lon="-6.9121610">
    <ele>56.7</ele>
    <time>2024-07-02T16:11:38Z</time>
   </trkpt>
   <trkpt lat="52.8339180" lon="-6.9121630">
    <ele>56.7</ele>
    <time>2024-07-02T16:11:39Z</time>
   </trkpt>
   <trkpt lat="52.8338540" lon="-6.9121920">
    <ele>56.8</ele>
    <time>2024-07-02T16:11:40Z</time>
   </trkpt>
   <trkpt lat="52.8338010" lon="-6.9122300">
    <ele>56.8</ele>
    <time>2024-07-02T16:11:41Z</time>
   </trkpt>
   <trkpt lat="52.8337620" lon="-6.9123000">
    <ele>56.8</ele>
    <time>2024-07-02T16:11:42Z</time>
   </trkpt>
   <trkpt lat="52.8337250" lon="-6.9123980">
    <ele>56.7</ele>
    <time>2024-07-02T16:11:43Z</time>
   </trkpt>
   <trkpt lat="52.8336800" lon="-6.9125000">
    <ele>56.7</ele>
    <time>2024-07-02T16:11:44Z</time>
   </trkpt>
   <trkpt lat="52.8336210" lon="-6.9126020">
    <ele>56.6</ele>
    <time>2024-07-02T16:11:45Z</time>
   </trkpt>
   <trkpt lat="52.8335550" lon="-6.9127000">
    <ele>56.5</ele>
    <time>2024-07-02T16:11:46Z</time>
   </trkpt>
   <trkpt lat="52.8334810" lon="-6.9128050">
    <ele>56.4</ele>
    <time>2024-07-02T16:11:47Z</time>
   </trkpt>
   <trkpt lat="52.8333930" lon="-6.9129000">
    <ele>56.3</ele>
    <time>2024-07-02T16:11:48Z</time>
   </trkpt>
   <trkpt lat="52.8333010" lon="-6.9129880">
    <ele>56.2</ele>
    <time>2024-07-02T16:11:49Z</time>
   </trkpt>
   <trkpt lat="52.8332110" lon="-6.9130730">
    <ele>56.1</ele>
    <time>2024-07-02T16:11:50Z</time>
   </trkpt>
   <trkpt lat="52.8331170" lon="-6.9131740">
    <ele>56.0</ele>
    <time>2024-07-02T16:11:51Z</time>
   </trkpt>
   <trkpt lat="52.8330210" lon="-6.9132730">
    <ele>55.9</ele>
    <time>2024-07-02T16:11:52Z</time>
   </trkpt>
   <trkpt lat="52.8329260" lon="-6.9133630">
    <ele>55.8</ele>
    <time>2024-07-02T16:11:53Z</time>
   </trkpt>
   <trkpt lat="52.8328350" lon="-6.9134580">
    <ele>55.7</ele>
    <time>2024-07-02T16:11:54Z</time>
   </trkpt>
   <trkpt lat="52.8327390" lon="-6.9135480">
    <ele>55.6</ele>
    <time>2024-07-02T16:11:55Z</time>
   </trkpt>
   <trkpt lat="52.8326530" lon="-6.9136350">
    <ele>55.5</ele>
    <time>2024-07-02T16:11:56Z</time>
   </trkpt>
   <trkpt lat="52.8325740" lon="-6.9137150">
    <ele>55.4</ele>
    <time>2024-07-02T16:11:57Z</time>
   </trkpt>
   <trkpt lat="52.8325040" lon="-6.9137900">
    <ele>55.3</ele>
    <time>2024-07-02T16:11:58Z</time>
   </trkpt>
   <trkpt lat="52.8324430" lon="-6.9138970">
    <ele>55.2</ele>
    <time>2024-07-02T16:11:59Z</time>
   </trkpt>
   <trkpt lat="52.8323810" lon="-6.9139570">
    <ele>55.2</ele>
    <time>2024-07-02T16:12:00Z</time>
   </trkpt>
   <trkpt lat="52.8323210" lon="-6.9140150">
    <ele>55.1</ele>
    <time>2024-07-02T16:12:01Z</time>
   </trkpt>
   <trkpt lat="52.8322630" lon="-6.9140720">
    <ele>55.1</ele>
    <time>2024-07-02T16:12:02Z</time>
   </trkpt>
   <trkpt lat="52.8322050" lon="-6.9141280">
    <ele>55.0</ele>
    <time>2024-07-02T16:12:03Z</time>
   </trkpt>
   <trkpt lat="52.8321490" lon="-6.9141770">
    <ele>55.0</ele>
    <time>2024-07-02T16:12:04Z</time>
   </trkpt>
   <trkpt lat="52.8320970" lon="-6.9142260">
    <ele>55.0</ele>
    <time>2024-07-02T16:12:05Z</time>
   </trkpt>
   <trkpt lat="52.8320490" lon="-6.9142790">
    <ele>54.9</ele>
    <time>2024-07-02T16:12:06Z</time>
   </trkpt>
   <trkpt lat="52.8320070" lon="-6.9143200">
    <ele>54.9</ele>
    <time>2024-07-02T16:12:07Z</time>
   </trkpt>
   <trkpt lat="52.8319710" lon="-6.9143440">
    <ele>54.8</ele>
    <time>2024-07-02T16:12:08Z</time>
   </trkpt>
   <trkpt lat="52.8319390" lon="-6.9143580">
    <ele>54.8</ele>
    <time>2024-07-02T16:12:09Z</time>
   </trkpt>
   <trkpt lat="52.8319120" lon="-6.9143430">
    <ele>54.8</ele>
    <time>2024-07-02T16:12:10Z</time>
   </trkpt>
   <trkpt lat="52.8318810" lon="-6.9143170">
    <ele>54.8</ele>
    <time>2024-07-02T16:12:11Z</time>
   </trkpt>
   <trkpt lat="52.8318570" lon="-6.9142700">
    <ele>54.8</ele>
    <time>2024-07-02T16:12:12Z</time>
   </trkpt>
   <trkpt lat="52.8318370" lon="-6.9142100">
    <ele>54.9</ele>
    <time>2024-07-02T16:12:13Z</time>
   </trkpt>
   <trkpt lat="52.8318160" lon="-6.9141300">
    <ele>55.0</ele>
    <time>2024-07-02T16:12:14Z</time>
   </trkpt>
   <trkpt lat="52.8317870" lon="-6.9140410">
    <ele>55.0</ele>
    <time>2024-07-02T16:12:15Z</time>
   </trkpt>
   <trkpt lat="52.8317590" lon="-6.9139480">
    <ele>55.1</ele>
    <time>2024-07-02T16:12:16Z</time>
   </trkpt>
   <trkpt lat="52.8317300" lon="-6.9138550">
    <ele>55.2</ele>
    <time>2024-07-02T16:12:17Z</time>
   </trkpt>
   <trkpt lat="52.8316980" lon="-6.9137580">
    <ele>55.3</ele>
    <time>2024-07-02T16:12:18Z</time>
   </trkpt>
   <trkpt lat="52.8316590" lon="-6.9136620">
    <ele>55.4</ele>
    <time>2024-07-02T16:12:19Z</time>
   </trkpt>
   <trkpt lat="52.8316220" lon="-6.9135760">
    <ele>55.5</ele>
    <time>2024-07-02T16:12:20Z</time>
   </trkpt>
   <trkpt lat="52.8315920" lon="-6.9134880">
    <ele>55.6</ele>
    <time>2024-07-02T16:12:21Z</time>
   </trkpt>
   <trkpt lat="52.8315650" lon="-6.9134100">
    <ele>55.7</ele>
    <time>2024-07-02T16:12:22Z</time>
   </trkpt>
   <trkpt lat="52.8315420" lon="-6.9133430">
    <ele>55.8</ele>
    <time>2024-07-02T16:12:23Z</time>
   </trkpt>
   <trkpt lat="52.8315240" lon="-6.9132880">
    <ele>55.8</ele>
    <time>2024-07-02T16:12:24Z</time>
   </trkpt>
   <trkpt lat="52.8315050" lon="-6.9132410">
    <ele>55.9</ele>
    <time>2024-07-02T16:12:25Z</time>
   </trkpt>
   <trkpt lat="52.8314820" lon="-6.9132080">
    <ele>55.9</ele>
    <time>2024-07-02T16:12:26Z</time>
   </trkpt>
   <trkpt lat="52.8314600" lon="-6.9131750">
    <ele>56.0</ele>
    <time>2024-07-02T16:12:27Z</time>
   </trkpt>
   <trkpt lat="52.8314420" lon="-6.9131420">
    <ele>56.0</ele>
    <time>2024-07-02T16:12:28Z</time>
   </trkpt>
   <trkpt lat="52.8314190" lon="-6.9130990">
    <ele>56.1</ele>
    <time>2024-07-02T16:12:29Z</time>
   </trkpt>
   <trkpt lat="52.8313820" lon="-6.9130450">
    <ele>56.2</ele>
    <time>2024-07-02T16:12:30Z</time>
   </trkpt>
   <trkpt lat="52.8313360" lon="-6.9129800">
    <ele>56.2</ele>
    <time>2024-07-02T16:12:31Z</time>
   </trkpt>
   <trkpt lat="52.8312840" lon="-6.9129120">
    <ele>56.3</ele>
    <time>2024-07-02T16:12:32Z</time>
   </trkpt>
   <trkpt lat="52.8312320" lon="-6.9128380">
    <ele>56.4</ele>
    <time>2024-07-02T16:12:33Z</time>
   </trkpt>
   <trkpt lat="52.8311740" lon="-6.9127680">
    <ele>56.4</ele>
    <time>2024-07-02T16:12:34Z</time>
   </trkpt>
   <trkpt lat="52.8311170" lon="-6.9127010">
    <ele>56.4</ele>
    <time>2024-07-02T16:12:35Z</time>
   </trkpt>
   <trkpt lat="52.8310630" lon="-6.9126500">
    <ele>56.4</ele>
    <time>2024-07-02T16:12:36Z</time>
   </trkpt>
   <trkpt lat="52.8310130" lon="-6.9126080">
    <ele>56.5</ele>
    <time>2024-07-02T16:12:37Z</time>
   </trkpt>
   <trkpt lat="52.8309660" lon="-6.9125710">
    <ele>56.5</ele>
    <time>2024-07-02T16:12:38Z</time>
   </trkpt>
   <trkpt lat="52.8309250" lon="-6.9125450">
    <ele>56.5</ele>
    <time>2024-07-02T16:12:39Z</time>
   </trkpt>
   <trkpt lat="52.8308890" lon="-6.9125220">
    <ele>56.6</ele>
    <time>2024-07-02T16:12:40Z</time>
   </trkpt>
   <trkpt lat="52.8308630" lon="-6.9125050">
    <ele>56.6</ele>
    <time>2024-07-02T16:12:41Z</time>
   </trkpt>
   <trkpt lat="52.8308330" lon="-6.9124820">
    <ele>56.6</ele>
    <time>2024-07-02T16:12:42Z</time>
   </trkpt>
   <trkpt lat="52.8308230" lon="-6.9124750">
    <ele>56.6</ele>
    <time>2024-07-02T16:12:43Z</time>
   </trkpt>
   <trkpt lat="52.8308100" lon="-6.9124670">
    <ele>56.6</ele>
    <time>2024-07-02T16:12:44Z</time>
   </trkpt>
   <trkpt lat="52.8308080" lon="-6.9124670">
    <ele>56.6</ele>
    <time>2024-07-02T16:12:45Z</time>
   </trkpt>
   <trkpt lat="52.8308070" lon="-6.9124670">
    <ele>56.6</ele>
    <time>2024-07-02T16:12:46Z</time>
   </trkpt>
   <trkpt lat="52.8308060" lon="-6.9124670">
    <ele>56.6</ele>
    <time>2024-07-02T16:12:47Z</time>
   </trkpt>
   <trkpt lat="52.8308040" lon="-6.9124670">
    <ele>56.6</ele>
    <time>2024-07-02T16:12:48Z</time>
   </trkpt>
   <trkpt lat="52.8308030" lon="-6.9124660">
    <ele>56.6</ele>
    <time>2024-07-02T16:12:49Z</time>
   </trkpt>
   <trkpt lat="52.8308020" lon="-6.9124660">
    <ele>56.6</ele>
    <time>2024-07-02T16:12:50Z</time>
   </trkpt>
   <trkpt lat="52.8308000" lon="-6.9124660">
    <ele>56.6</ele>
    <time>2024-07-02T16:12:51Z</time>
   </trkpt>
   <trkpt lat="52.8307990" lon="-6.9124660">
    <ele>56.6</ele>
    <time>2024-07-02T16:12:52Z</time>
   </trkpt>
   <trkpt lat="52.8307980" lon="-6.9124660">
    <ele>56.6</ele>
    <time>2024-07-02T16:12:53Z</time>
   </trkpt>
   <trkpt lat="52.8307960" lon="-6.9124660">
    <ele>56.6</ele>
    <time>2024-07-02T16:12:54Z</time>
   </trkpt>
   <trkpt lat="52.8307950" lon="-6.9124650">
    <ele>56.6</ele>
    <time>2024-07-02T16:12:55Z</time>
   </trkpt>
   <trkpt lat="52.8307930" lon="-6.9124650">
    <ele>56.6</ele>
    <time>2024-07-02T16:12:56Z</time>
   </trkpt>
   <trkpt lat="52.8307920" lon="-6.9124650">
    <ele>56.6</ele>
    <time>2024-07-02T16:12:57Z</time>
   </trkpt>
   <trkpt lat="52.8307910" lon="-6.9124650">
    <ele>56.6</ele>
    <time>2024-07-02T16:12:58Z</time>
   </trkpt>
   <trkpt lat="52.8307890" lon="-6.9124650">
    <ele>56.6</ele>
    <time>2024-07-02T16:12:59Z</time>
   </trkpt>
   <trkpt lat="52.8307880" lon="-6.9124650">
    <ele>56.6</ele>
    <time>2024-07-02T16:13:00Z</time>
   </trkpt>
   <trkpt lat="52.8307870" lon="-6.9124640">
    <ele>56.6</ele>
    <time>2024-07-02T16:13:01Z</time>
   </trkpt>
   <trkpt lat="52.8307850" lon="-6.9124640">
    <ele>56.6</ele>
    <time>2024-07-02T16:13:02Z</time>
   </trkpt>
   <trkpt lat="52.8307840" lon="-6.9124640">
    <ele>56.6</ele>
    <time>2024-07-02T16:13:03Z</time>
   </trkpt>
   <trkpt lat="52.8307830" lon="-6.9124640">
    <ele>56.6</ele>
    <time>2024-07-02T16:13:04Z</time>
   </trkpt>
   <trkpt lat="52.8307810" lon="-6.9124640">
    <ele>56.6</ele>
    <time>2024-07-02T16:13:05Z</time>
   </trkpt>
   <trkpt lat="52.8307800" lon="-6.9124630">
    <ele>56.6</ele>
    <time>2024-07-02T16:13:06Z</time>
   </trkpt>
   <trkpt lat="52.8307780" lon="-6.9124630">
    <ele>56.6</ele>
    <time>2024-07-02T16:13:07Z</time>
   </trkpt>
   <trkpt lat="52.8307770" lon="-6.9124630">
    <ele>56.6</ele>
    <time>2024-07-02T16:13:08Z</time>
   </trkpt>
   <trkpt lat="52.8307760" lon="-6.9124630">
    <ele>56.6</ele>
    <time>2024-07-02T16:13:09Z</time>
   </trkpt>
   <trkpt lat="52.8307740" lon="-6.9124630">
    <ele>56.6</ele>
    <time>2024-07-02T16:13:10Z</time>
   </trkpt>
   <trkpt lat="52.8307730" lon="-6.9124630">
    <ele>56.6</ele>
    <time>2024-07-02T16:13:11Z</time>
   </trkpt>
   <trkpt lat="52.8307720" lon="-6.9124620">
    <ele>56.6</ele>
    <time>2024-07-02T16:13:12Z</time>
   </trkpt>
   <trkpt lat="52.8307700" lon="-6.9124620">
    <ele>56.6</ele>
    <time>2024-07-02T16:13:13Z</time>
   </trkpt>
   <trkpt lat="52.8307690" lon="-6.9124620">
    <ele>56.6</ele>
    <time>2024-07-02T16:13:14Z</time>
   </trkpt>
   <trkpt lat="52.8307670" lon="-6.9124620">
    <ele>56.6</ele>
    <time>2024-07-02T16:13:15Z</time>
   </trkpt>
   <trkpt lat="52.8307340" lon="-6.9124500">
    <ele>56.6</ele>
    <time>2024-07-02T16:13:16Z</time>
   </trkpt>
   <trkpt lat="52.8306860" lon="-6.9124450">
    <ele>56.6</ele>
    <time>2024-07-02T16:13:17Z</time>
   </trkpt>
   <trkpt lat="52.8306320" lon="-6.9124410">
    <ele>56.6</ele>
    <time>2024-07-02T16:13:18Z</time>
   </trkpt>
   <trkpt lat="52.8305780" lon="-6.9124340">
    <ele>56.5</ele>
    <time>2024-07-02T16:13:19Z</time>
   </trkpt>
   <trkpt lat="52.8305220" lon="-6.9124340">
    <ele>56.5</ele>
    <time>2024-07-02T16:13:20Z</time>
   </trkpt>
   <trkpt lat="52.8304670" lon="-6.9124370">
    <ele>56.5</ele>
    <time>2024-07-02T16:13:21Z</time>
   </trkpt>
   <trkpt lat="52.8304140" lon="-6.9124470">
    <ele>56.5</ele>
    <time>2024-07-02T16:13:22Z</time>
   </trkpt>
   <trkpt lat="52.8303530" lon="-6.9124700">
    <ele>56.5</ele>
    <time>2024-07-02T16:13:23Z</time>
   </trkpt>
   <trkpt lat="52.8302870" lon="-6.9125040">
    <ele>56.5</ele>
    <time>2024-07-02T16:13:24Z</time>
   </trkpt>
   <trkpt lat="52.8302270" lon="-6.9125520">
    <ele>56.5</ele>
    <time>2024-07-02T16:13:25Z</time>
   </trkpt>
   <trkpt lat="52.8301780" lon="-6.9126080">
    <ele>56.5</ele>
    <time>2024-07-02T16:13:26Z</time>
   </trkpt>
   <trkpt lat="52.8301270" lon="-6.9126710">
    <ele>56.5</ele>
    <time>2024-07-02T16:13:27Z</time>
   </trkpt>
   <trkpt lat="52.8300780" lon="-6.9127390">
    <ele>56.5</ele>
    <time>2024-07-02T16:13:28Z</time>
   </trkpt>
   <trkpt lat="52.8300300" lon="-6.9128020">
    <ele>56.5</ele>
    <time>2024-07-02T16:13:29Z</time>
   </trkpt>
   <trkpt lat="52.8299900" lon="-6.9128640">
    <ele>56.5</ele>
    <time>2024-07-02T16:13:30Z</time>
   </trkpt>
   <trkpt lat="52.8299510" lon="-6.9129370">
    <ele>56.4</ele>
    <time>2024-07-02T16:13:31Z</time>
   </trkpt>
   <trkpt lat="52.8299100" lon="-6.9130160">
    <ele>56.4</ele>
    <time>2024-07-02T16:13:32Z</time>
   </trkpt>
   <trkpt lat="52.8298790" lon="-6.9131010">
    <ele>56.4</ele>
    <time>2024-07-02T16:13:33Z</time>
   </trkpt>
   <trkpt lat="52.8298610" lon="-6.9131910">
    <ele>56.4</ele>
    <time>2024-07-02T16:13:34Z</time>
   </trkpt>
   <trkpt lat="52.8298490" lon="-6.9132810">
    <ele>56.5</ele>
    <time>2024-07-02T16:13:35Z</time>
   </trkpt>
   <trkpt lat="52.8298400" lon="-6.9133720">
    <ele>56.5</ele>
    <time>2024-07-02T16:13:36Z</time>
   </trkpt>
   <trkpt lat="52.8298440" lon="-6.9134610">
    <ele>56.4</ele>
    <time>2024-07-02T16:13:37Z</time>
   </trkpt>
   <trkpt lat="52.8298620" lon="-6.9135540">
    <ele>56.4</ele>
    <time>2024-07-02T16:13:38Z</time>
   </trkpt>
   <trkpt lat="52.8298800" lon="-6.9136470">
    <ele>56.3</ele>
    <time>2024-07-02T16:13:39Z</time>
   </trkpt>
   <trkpt lat="52.8299020" lon="-6.9137460">
    <ele>56.2</ele>
    <time>2024-07-02T16:13:40Z</time>
   </trkpt>
   <trkpt lat="52.8299210" lon="-6.9138150">
    <ele>56.1</ele>
    <time>2024-07-02T16:13:41Z</time>
   </trkpt>
   <trkpt lat="52.8299450" lon="-6.9138740">
    <ele>56.1</ele>
    <time>2024-07-02T16:13:42Z</time>
   </trkpt>
   <trkpt lat="52.8299720" lon="-6.9139300">
    <ele>56.0</ele>
    <time>2024-07-02T16:13:43Z</time>
   </trkpt>
   <trkpt lat="52.8299930" lon="-6.9139770">
    <ele>55.9</ele>
    <time>2024-07-02T16:13:44Z</time>
   </trkpt>
   <trkpt lat="52.8300070" lon="-6.9140190">
    <ele>55.9</ele>
    <time>2024-07-02T16:13:45Z</time>
   </trkpt>
   <trkpt lat="52.8300290" lon="-6.9140700">
    <ele>55.8</ele>
    <time>2024-07-02T16:13:46Z</time>
   </trkpt>
   <trkpt lat="52.8300330" lon="-6.9140880">
    <ele>55.8</ele>
    <time>2024-07-02T16:13:47Z</time>
   </trkpt>
   <trkpt lat="52.8300510" lon="-6.9141340">
    <ele>55.7</ele>
    <time>2024-07-02T16:13:48Z</time>
   </trkpt>
   <trkpt lat="52.8300750" lon="-6.9142000">
    <ele>55.6</ele>
    <time>2024-07-02T16:13:49Z</time>
   </trkpt>
   <trkpt lat="52.8301000" lon="-6.9142840">
    <ele>55.5</ele>
    <time>2024-07-02T16:13:50Z</time>
   </trkpt>
   <trkpt lat="52.8301260" lon="-6.9143780">
    <ele>55.4</ele>
    <time>2024-07-02T16:13:51Z</time>
   </trkpt>
   <trkpt lat="52.8301550" lon="-6.9144800">
    <ele>55.3</ele>
    <time>2024-07-02T16:13:52Z</time>
   </trkpt>
   <trkpt lat="52.8301890" lon="-6.9145880">
    <ele>55.0</ele>
    <time>2024-07-02T16:13:53Z</time>
   </trkpt>
   <trkpt lat="52.8302220" lon="-6.9146930">
    <ele>54.9</ele>
    <time>2024-07-02T16:13:54Z</time>
   </trkpt>
   <trkpt lat="52.8302600" lon="-6.9147980">
    <ele>54.8</ele>
    <time>2024-07-02T16:13:55Z</time>
   </trkpt>
   <trkpt lat="52.8302980" lon="-6.9149000">
    <ele>54.8</ele>
    <time>2024-07-02T16:13:56Z</time>
   </trkpt>
   <trkpt lat="52.8303350" lon="-6.9149950">
    <ele>54.7</ele>
    <time>2024-07-02T16:13:57Z</time>
   </trkpt>
   <trkpt lat="52.8303650" lon="-6.9150820">
    <ele>54.7</ele>
    <time>2024-07-02T16:13:58Z</time>
   </trkpt>
   <trkpt lat="52.8303890" lon="-6.9151570">
    <ele>54.6</ele>
    <time>2024-07-02T16:13:59Z</time>
   </trkpt>
   <trkpt lat="52.8304020" lon="-6.9152220">
    <ele>54.4</ele>
    <time>2024-07-02T16:14:00Z</time>
   </trkpt>
   <trkpt lat="52.8304100" lon="-6.9152770">
    <ele>54.3</ele>
    <time>2024-07-02T16:14:01Z</time>
   </trkpt>
   <trkpt lat="52.8304150" lon="-6.9153310">
    <ele>54.1</ele>
    <time>2024-07-02T16:14:02Z</time>
   </trkpt>
   <trkpt lat="52.8304240" lon="-6.9153790">
    <ele>54.0</ele>
    <time>2024-07-02T16:14:03Z</time>
   </trkpt>
   <trkpt lat="52.8304310" lon="-6.9154370">
    <ele>53.8</ele>
    <time>2024-07-02T16:14:04Z</time>
   </trkpt>
   <trkpt lat="52.8304320" lon="-6.9154550">
    <ele>53.7</ele>
    <time>2024-07-02T16:14:05Z</time>
   </trkpt>
   <trkpt lat="52.8304260" lon="-6.9155000">
    <ele>53.6</ele>
    <time>2024-07-02T16:14:06Z</time>
   </trkpt>
   <trkpt lat="52.8304290" lon="-6.9155680">
    <ele>53.4</ele>
    <time>2024-07-02T16:14:07Z</time>
   </trkpt>
   <trkpt lat="52.8304250" lon="-6.9156410">
    <ele>53.2</ele>
    <time>2024-07-02T16:14:08Z</time>
   </trkpt>
   <trkpt lat="52.8304180" lon="-6.9157210">
    <ele>53.1</ele>
    <time>2024-07-02T16:14:09Z</time>
   </trkpt>
   <trkpt lat="52.8304070" lon="-6.9157990">
    <ele>53.1</ele>
    <time>2024-07-02T16:14:10Z</time>
   </trkpt>
   <trkpt lat="52.8304050" lon="-6.9158870">
    <ele>53.1</ele>
    <time>2024-07-02T16:14:11Z</time>
   </trkpt>
   <trkpt lat="52.8304090" lon="-6.9159700">
    <ele>53.0</ele>
    <time>2024-07-02T16:14:12Z</time>
   </trkpt>
   <trkpt lat="52.8304280" lon="-6.9160530">
    <ele>53.0</ele>
    <time>2024-07-02T16:14:13Z</time>
   </trkpt>
   <trkpt lat="52.8304590" lon="-6.9161170">
    <ele>53.0</ele>
    <time>2024-07-02T16:14:14Z</time>
   </trkpt>
   <trkpt lat="52.8304940" lon="-6.9161570">
    <ele>53.0</ele>
    <time>2024-07-02T16:14:15Z</time>
   </trkpt>
   <trkpt lat="52.8305280" lon="-6.9161710">
    <ele>52.9</ele>
    <time>2024-07-02T16:14:16Z</time>
   </trkpt>
   <trkpt lat="52.8305800" lon="-6.9161440">
    <ele>52.9</ele>
    <time>2024-07-02T16:14:17Z</time>
   </trkpt>
   <trkpt lat="52.8306070" lon="-6.9161020">
    <ele>52.9</ele>
    <time>2024-07-02T16:14:18Z</time>
   </trkpt>
   <trkpt lat="52.8306430" lon="-6.9160300">
    <ele>52.9</ele>
    <time>2024-07-02T16:14:19Z</time>
   </trkpt>
   <trkpt lat="52.8306760" lon="-6.9159360">
    <ele>53.0</ele>
    <time>2024-07-02T16:14:20Z</time>
   </trkpt>
   <trkpt lat="52.8307160" lon="-6.9158440">
    <ele>53.1</ele>
    <time>2024-07-02T16:14:21Z</time>
   </trkpt>
   <trkpt lat="52.8307610" lon="-6.9157480">
    <ele>53.1</ele>
    <time>2024-07-02T16:14:22Z</time>
   </trkpt>
   <trkpt lat="52.8308150" lon="-6.9156600">
    <ele>53.2</ele>
    <time>2024-07-02T16:14:23Z</time>
   </trkpt>
   <trkpt lat="52.8308810" lon="-6.9155910">
    <ele>53.3</ele>
    <time>2024-07-02T16:14:24Z</time>
   </trkpt>
   <trkpt lat="52.8309470" lon="-6.9155290">
    <ele>53.4</ele>
    <time>2024-07-02T16:14:25Z</time>
   </trkpt>
   <trkpt lat="52.8310140" lon="-6.9154630">
    <ele>53.5</ele>
    <time>2024-07-02T16:14:26Z</time>
   </trkpt>
   <trkpt lat="52.8310850" lon="-6.9153950">
    <ele>53.5</ele>
    <time>2024-07-02T16:14:27Z</time>
   </trkpt>
   <trkpt lat="52.8311590" lon="-6.9153260">
    <ele>53.7</ele>
    <time>2024-07-02T16:14:28Z</time>
   </trkpt>
   <trkpt lat="52.8312240" lon="-6.9152560">
    <ele>53.8</ele>
    <time>2024-07-02T16:14:29Z</time>
   </trkpt>
   <trkpt lat="52.8312900" lon="-6.9151810">
    <ele>53.9</ele>
    <time>2024-07-02T16:14:30Z</time>
   </trkpt>
   <trkpt lat="52.8313560" lon="-6.9151090">
    <ele>54.0</ele>
    <time>2024-07-02T16:14:31Z</time>
   </trkpt>
   <trkpt lat="52.8314190" lon="-6.9150370">
    <ele>54.1</ele>
    <time>2024-07-02T16:14:32Z</time>
   </trkpt>
   <trkpt lat="52.8314870" lon="-6.9149650">
    <ele>54.2</ele>
    <time>2024-07-02T16:14:33Z</time>
   </trkpt>
   <trkpt lat="52.8315580" lon="-6.9148950">
    <ele>54.3</ele>
    <time>2024-07-02T16:14:34Z</time>
   </trkpt>
   <trkpt lat="52.8316340" lon="-6.9148220">
    <ele>54.4</ele>
    <time>2024-07-02T16:14:35Z</time>
   </trkpt>
   <trkpt lat="52.8317080" lon="-6.9147510">
    <ele>54.5</ele>
    <time>2024-07-02T16:14:36Z</time>
   </trkpt>
   <trkpt lat="52.8317840" lon="-6.9146740">
    <ele>54.6</ele>
    <time>2024-07-02T16:14:37Z</time>
   </trkpt>
   <trkpt lat="52.8318640" lon="-6.9145950">
    <ele>54.6</ele>
    <time>2024-07-02T16:14:38Z</time>
   </trkpt>
   <trkpt lat="52.8319460" lon="-6.9145290">
    <ele>54.7</ele>
    <time>2024-07-02T16:14:39Z</time>
   </trkpt>
   <trkpt lat="52.8320270" lon="-6.9144650">
    <ele>54.8</ele>
    <time>2024-07-02T16:14:40Z</time>
   </trkpt>
   <trkpt lat="52.8321060" lon="-6.9143900">
    <ele>54.9</ele>
    <time>2024-07-02T16:14:41Z</time>
   </trkpt>
   <trkpt lat="52.8321810" lon="-6.9143180">
    <ele>55.0</ele>
    <time>2024-07-02T16:14:42Z</time>
   </trkpt>
   <trkpt lat="52.8322520" lon="-6.9142380">
    <ele>55.0</ele>
    <time>2024-07-02T16:14:43Z</time>
   </trkpt>
   <trkpt lat="52.8323230" lon="-6.9141510">
    <ele>55.1</ele>
    <time>2024-07-02T16:14:44Z</time>
   </trkpt>
   <trkpt lat="52.8323980" lon="-6.9140660">
    <ele>55.1</ele>
    <time>2024-07-02T16:14:45Z</time>
   </trkpt>
   <trkpt lat="52.8324770" lon="-6.9139910">
    <ele>55.2</ele>
    <time>2024-07-02T16:14:46Z</time>
   </trkpt>
   <trkpt lat="52.8325510" lon="-6.9139130">
    <ele>55.3</ele>
    <time>2024-07-02T16:14:47Z</time>
   </trkpt>
   <trkpt lat="52.8326230" lon="-6.9138360">
    <ele>55.3</ele>
    <time>2024-07-02T16:14:48Z</time>
   </trkpt>
   <trkpt lat="52.8326930" lon="-6.9137650">
    <ele>55.4</ele>
    <time>2024-07-02T16:14:49Z</time>
   </trkpt>
   <trkpt lat="52.8327620" lon="-6.9136840">
    <ele>55.5</ele>
    <time>2024-07-02T16:14:50Z</time>
   </trkpt>
   <trkpt lat="52.8328350" lon="-6.9135900">
    <ele>55.6</ele>
    <time>2024-07-02T16:14:51Z</time>
   </trkpt>
   <trkpt lat="52.8329100" lon="-6.9134980">
    <ele>55.7</ele>
    <time>2024-07-02T16:14:52Z</time>
   </trkpt>
   <trkpt lat="52.8329800" lon="-6.9134090">
    <ele>55.8</ele>
    <time>2024-07-02T16:14:53Z</time>
   </trkpt>
   <trkpt lat="52.8330520" lon="-6.9133260">
    <ele>55.9</ele>
    <time>2024-07-02T16:14:54Z</time>
   </trkpt>
   <trkpt lat="52.8331220" lon="-6.9132530">
    <ele>55.9</ele>
    <time>2024-07-02T16:14:55Z</time>
   </trkpt>
   <trkpt lat="52.8331890" lon="-6.9131730">
    <ele>56.0</ele>
    <time>2024-07-02T16:14:56Z</time>
   </trkpt>
   <trkpt lat="52.8332590" lon="-6.9130950">
    <ele>56.1</ele>
    <time>2024-07-02T16:14:57Z</time>
   </trkpt>
   <trkpt lat="52.8333290" lon="-6.9130200">
    <ele>56.1</ele>
    <time>2024-07-02T16:14:58Z</time>
   </trkpt>
   <trkpt lat="52.8333970" lon="-6.9129550">
    <ele>56.2</ele>
    <time>2024-07-02T16:14:59Z</time>
   </trkpt>
   <trkpt lat="52.8334550" lon="-6.9129040">
    <ele>56.3</ele>
    <time>2024-07-02T16:15:00Z</time>
   </trkpt>
   <trkpt lat="52.8335000" lon="-6.9128600">
    <ele>56.3</ele>
    <time>2024-07-02T16:15:01Z</time>
   </trkpt>
   <trkpt lat="52.8335400" lon="-6.9128260">
    <ele>56.4</ele>
    <time>2024-07-02T16:15:02Z</time>
   </trkpt>
   <trkpt lat="52.8335760" lon="-6.9127940">
    <ele>56.4</ele>
    <time>2024-07-02T16:15:03Z</time>
   </trkpt>
   <trkpt lat="52.8336100" lon="-6.9127640">
    <ele>56.5</ele>
    <time>2024-07-02T16:15:04Z</time>
   </trkpt>
   <trkpt lat="52.8336380" lon="-6.9127340">
    <ele>56.5</ele>
    <time>2024-07-02T16:15:05Z</time>
   </trkpt>
   <trkpt lat="52.8336710" lon="-6.9127110">
    <ele>56.5</ele>
    <time>2024-07-02T16:15:06Z</time>
   </trkpt>
   <trkpt lat="52.8336830" lon="-6.9127020">
    <ele>56.6</ele>
    <time>2024-07-02T16:15:07Z</time>
   </trkpt>
   <trkpt lat="52.8336990" lon="-6.9126970">
    <ele>56.6</ele>
    <time>2024-07-02T16:15:08Z</time>
   </trkpt>
   <trkpt lat="52.8337040" lon="-6.9126940">
    <ele>56.6</ele>
    <time>2024-07-02T16:15:09Z</time>
   </trkpt>
   <trkpt lat="52.8337080" lon="-6.9126920">
    <ele>56.6</ele>
    <time>2024-07-02T16:15:10Z</time>
   </trkpt>
   <trkpt lat="52.8337130" lon="-6.9126900">
    <ele>56.6</ele>
    <time>2024-07-02T16:15:11Z</time>
   </trkpt>
   <trkpt lat="52.8337180" lon="-6.9126870">
    <ele>56.6</ele>
    <time>2024-07-02T16:15:12Z</time>
   </trkpt>
   <trkpt lat="52.8337220" lon="-6.9126850">
    <ele>56.6</ele>
    <time>2024-07-02T16:15:13Z</time>
   </trkpt>
   <trkpt lat="52.8337270" lon="-6.9126830">
    <ele>56.6</ele>
    <time>2024-07-02T16:15:14Z</time>
   </trkpt>
   <trkpt lat="52.8337320" lon="-6.9126810">
    <ele>56.6</ele>
    <time>2024-07-02T16:15:15Z</time>
   </trkpt>
   <trkpt lat="52.8337740" lon="-6.9126660">
    <ele>56.6</ele>
    <time>2024-07-02T16:15:16Z</time>
   </trkpt>
   <trkpt lat="52.8338070" lon="-6.9126550">
    <ele>56.6</ele>
    <time>2024-07-02T16:15:17Z</time>
   </trkpt>
   <trkpt lat="52.8338570" lon="-6.9126400">
    <ele>56.6</ele>
    <time>2024-07-02T16:15:18Z</time>
   </trkpt>
   <trkpt lat="52.8339070" lon="-6.9126060">
    <ele>56.6</ele>
    <time>2024-07-02T16:15:19Z</time>
   </trkpt>
   <trkpt lat="52.8339470" lon="-6.9125600">
    <ele>56.5</ele>
    <time>2024-07-02T16:15:20Z</time>
   </trkpt>
   <trkpt lat="52.8339770" lon="-6.9124980">
    <ele>56.6</ele>
    <time>2024-07-02T16:15:21Z</time>
   </trkpt>
   <trkpt lat="52.8339990" lon="-6.9124350">
    <ele>56.6</ele>
    <time>2024-07-02T16:15:22Z</time>
   </trkpt>
   <trkpt lat="52.8340010" lon="-6.9123700">
    <ele>56.6</ele>
    <time>2024-07-02T16:15:23Z</time>
   </trkpt>
   <trkpt lat="52.8339950" lon="-6.9123160">
    <ele>56.7</ele>
    <time>2024-07-02T16:15:24Z</time>
   </trkpt>
   <trkpt lat="52.8339750" lon="-6.9122580">
    <ele>56.7</ele>
    <time>2024-07-02T16:15:25Z</time>
   </trkpt>
   <trkpt lat="52.8339660" lon="-6.9122380">
    <ele>56.7</ele>
    <time>2024-07-02T16:15:26Z</time>
   </trkpt>
   <trkpt lat="52.8339410" lon="-6.9121970">
    <ele>56.7</ele>
    <time>2024-07-02T16:15:27Z</time>
   </trkpt>
   <trkpt lat="52.8339340" lon="-6.9121880">
    <ele>56.7</ele>
    <time>2024-07-02T16:15:28Z</time>
   </trkpt>
   <trkpt lat="52.8339090" lon="-6.9121680">
    <ele>56.8</ele>
    <time>2024-07-02T16:15:29Z</time>
   </trkpt>
   <trkpt lat="52.8339000" lon="-6.9121620">
    <ele>56.8</ele>
    <time>2024-07-02T16:15:30Z</time>
   </trkpt>
   <trkpt lat="52.8338720" lon="-6.9121440">
    <ele>56.8</ele>
    <time>2024-07-02T16:15:31Z</time>
   </trkpt>
   <trkpt lat="52.8338630" lon="-6.9121360">
    <ele>56.8</ele>
    <time>2024-07-02T16:15:32Z</time>
   </trkpt>
   <trkpt lat="52.8338270" lon="-6.9121030">
    <ele>56.9</ele>
    <time>2024-07-02T16:15:33Z</time>
   </trkpt>
   <trkpt lat="52.8338140" lon="-6.9120890">
    <ele>56.9</ele>
    <time>2024-07-02T16:15:34Z</time>
   </trkpt>
   <trkpt lat="52.8337870" lon="-6.9120620">
    <ele>57.0</ele>
    <time>2024-07-02T16:15:35Z</time>
   </trkpt>
   <trkpt lat="52.8337620" lon="-6.9120390">
    <ele>57.0</ele>
    <time>2024-07-02T16:15:36Z</time>
   </trkpt>
   <trkpt lat="52.8337380" lon="-6.9120090">
    <ele>57.1</ele>
    <time>2024-07-02T16:15:37Z</time>
   </trkpt>
   <trkpt lat="52.8337080" lon="-6.9119750">
    <ele>57.1</ele>
    <time>2024-07-02T16:15:38Z</time>
   </trkpt>
   <trkpt lat="52.8336770" lon="-6.9119360">
    <ele>57.2</ele>
    <time>2024-07-02T16:15:39Z</time>
   </trkpt>
   <trkpt lat="52.8336450" lon="-6.9118940">
    <ele>57.2</ele>
    <time>2024-07-02T16:15:40Z</time>
   </trkpt>
   <trkpt lat="52.8336060" lon="-6.9118470">
    <ele>57.3</ele>
    <time>2024-07-02T16:15:41Z</time>
   </trkpt>
   <trkpt lat="52.8335660" lon="-6.9117980">
    <ele>57.3</ele>
    <time>2024-07-02T16:15:42Z</time>
   </trkpt>
   <trkpt lat="52.8335280" lon="-6.9117450">
    <ele>57.4</ele>
    <time>2024-07-02T16:15:43Z</time>
   </trkpt>
   <trkpt lat="52.8334930" lon="-6.9116900">
    <ele>57.4</ele>
    <time>2024-07-02T16:15:44Z</time>
   </trkpt>
   <trkpt lat="52.8334590" lon="-6.9116370">
    <ele>57.4</ele>
    <time>2024-07-02T16:15:45Z</time>
   </trkpt>
   <trkpt lat="52.8334270" lon="-6.9115810">
    <ele>57.5</ele>
    <time>2024-07-02T16:15:46Z</time>
   </trkpt>
   <trkpt lat="52.8333920" lon="-6.9115390">
    <ele>57.5</ele>
    <time>2024-07-02T16:15:47Z</time>
   </trkpt>
   <trkpt lat="52.8333630" lon="-6.9115040">
    <ele>57.5</ele>
    <time>2024-07-02T16:15:48Z</time>
   </trkpt>
   <trkpt lat="52.8333400" lon="-6.9114660">
    <ele>57.6</ele>
    <time>2024-07-02T16:15:49Z</time>
   </trkpt>
   <trkpt lat="52.8333340" lon="-6.9114580">
    <ele>57.6</ele>
    <time>2024-07-02T16:15:50Z</time>
   </trkpt>
   <trkpt lat="52.8333230" lon="-6.9114390">
    <ele>57.6</ele>
    <time>2024-07-02T16:15:51Z</time>
   </trkpt>
   <trkpt lat="52.8333100" lon="-6.9114150">
    <ele>57.6</ele>
    <time>2024-07-02T16:15:52Z</time>
   </trkpt>
   <trkpt lat="52.8332850" lon="-6.9113740">
    <ele>57.7</ele>
    <time>2024-07-02T16:15:53Z</time>
   </trkpt>
   <trkpt lat="52.8332770" lon="-6.9113630">
    <ele>57.7</ele>
    <time>2024-07-02T16:15:54Z</time>
   </trkpt>
   <trkpt lat="52.8332640" lon="-6.9113410">
    <ele>57.7</ele>
    <time>2024-07-02T16:15:55Z</time>
   </trkpt>
   <trkpt lat="52.8332580" lon="-6.9113280">
    <ele>57.7</ele>
    <time>2024-07-02T16:15:56Z</time>
   </trkpt>
   <trkpt lat="52.8332510" lon="-6.9113150">
    <ele>57.7</ele>
    <time>2024-07-02T16:15:57Z</time>
   </trkpt>
   <trkpt lat="52.8332440" lon="-6.9113020">
    <ele>57.7</ele>
    <time>2024-07-02T16:15:58Z</time>
   </trkpt>
   <trkpt lat="52.8332220" lon="-6.9112580">
    <ele>57.8</ele>
    <time>2024-07-02T16:15:59Z</time>
   </trkpt>
   <trkpt lat="52.8331940" lon="-6.9112130">
    <ele>57.8</ele>
    <time>2024-07-02T16:16:00Z</time>
   </trkpt>
   <trkpt lat="52.8331750" lon="-6.9111670">
    <ele>57.9</ele>
    <time>2024-07-02T16:16:01Z</time>
   </trkpt>
   <trkpt lat="52.8331560" lon="-6.9111270">
    <ele>57.9</ele>
    <time>2024-07-02T16:16:02Z</time>
   </trkpt>
   <trkpt lat="52.8331390" lon="-6.9110900">
    <ele>58.0</ele>
    <time>2024-07-02T16:16:03Z</time>
   </trkpt>
   <trkpt lat="52.8331230" lon="-6.9110450">
    <ele>58.0</ele>
    <time>2024-07-02T16:16:04Z</time>
   </trkpt>
   <trkpt lat="52.8331210" lon="-6.9110310">
    <ele>58.0</ele>
    <time>2024-07-02T16:16:05Z</time>
   </trkpt>
   <trkpt lat="52.8331130" lon="-6.9110100">
    <ele>58.0</ele>
    <time>2024-07-02T16:16:06Z</time>
   </trkpt>
   <trkpt lat="52.8331070" lon="-6.9109980">
    <ele>58.1</ele>
    <time>2024-07-02T16:16:07Z</time>
   </trkpt>
   <trkpt lat="52.8331020" lon="-6.9109950">
    <ele>58.1</ele>
    <time>2024-07-02T16:16:08Z</time>
   </trkpt>
   <trkpt lat="52.8331000" lon="-6.9109940">
    <ele>58.1</ele>
    <time>2024-07-02T16:16:09Z</time>
   </trkpt>
   <trkpt lat="52.8331000" lon="-6.9109930">
    <ele>58.1</ele>
    <time>2024-07-02T16:16:10Z</time>
   </trkpt>
   <trkpt lat="52.8331000" lon="-6.9109930">
    <ele>58.1</ele>
    <time>2024-07-02T16:16:11Z</time>
   </trkpt>
   <trkpt lat="52.8331000" lon="-6.9109930">
    <ele>58.1</ele>
    <time>2024-07-02T16:16:12Z</time>
   </trkpt>
   <trkpt lat="52.8331000" lon="-6.9109930">
    <ele>58.1</ele>
    <time>2024-07-02T16:16:13Z</time>
   </trkpt>
   <trkpt lat="52.8331000" lon="-6.9109930">
    <ele>58.1</ele>
    <time>2024-07-02T16:16:14Z</time>
   </trkpt>
   <trkpt lat="52.8331000" lon="-6.9109930">
    <ele>58.1</ele>
    <time>2024-07-02T16:16:15Z</time>
   </trkpt>
   <trkpt lat="52.8331000" lon="-6.9109930">
    <ele>58.1</ele>
    <time>2024-07-02T16:16:16Z</time>
   </trkpt>
   <trkpt lat="52.8330840" lon="-6.9109490">
    <ele>58.1</ele>
    <time>2024-07-02T16:16:17Z</time>
   </trkpt>
   <trkpt lat="52.8330600" lon="-6.9108940">
    <ele>58.1</ele>
    <time>2024-07-02T16:16:18Z</time>
   </trkpt>
   <trkpt lat="52.8330320" lon="-6.9108290">
    <ele>58.2</ele>
    <time>2024-07-02T16:16:19Z</time>
   </trkpt>
   <trkpt lat="52.8330020" lon="-6.9107540">
    <ele>58.2</ele>
    <time>2024-07-02T16:16:20Z</time>
   </trkpt>
   <trkpt lat="52.8329650" lon="-6.9106710">
    <ele>58.3</ele>
    <time>2024-07-02T16:16:21Z</time>
   </trkpt>
   <trkpt lat="52.8329240" lon="-6.9105780">
    <ele>58.3</ele>
    <time>2024-07-02T16:16:22Z</time>
   </trkpt>
   <trkpt lat="52.8328770" lon="-6.9104790">
    <ele>58.4</ele>
    <time>2024-07-02T16:16:23Z</time>
   </trkpt>
   <trkpt lat="52.8328300" lon="-6.9103810">
    <ele>58.5</ele>
    <time>2024-07-02T16:16:24Z</time>
   </trkpt>
   <trkpt lat="52.8327810" lon="-6.9102850">
    <ele>58.5</ele>
    <time>2024-07-02T16:16:25Z</time>
   </trkpt>
   <trkpt lat="52.8327290" lon="-6.9101910">
    <ele>58.6</ele>
    <time>2024-07-02T16:16:26Z</time>
   </trkpt>
   <trkpt lat="52.8326770" lon="-6.9100970">
    <ele>58.8</ele>
    <time>2024-07-02T16:16:27Z</time>
   </trkpt>
   <trkpt lat="52.8326220" lon="-6.9099980">
    <ele>58.9</ele>
    <time>2024-07-02T16:16:28Z</time>
   </trkpt>
   <trkpt lat="52.8325670" lon="-6.9098850">
    <ele>59.0</ele>
    <time>2024-07-02T16:16:29Z</time>
   </trkpt>
   <trkpt lat="52.8325120" lon="-6.9097590">
    <ele>59.1</ele>
    <time>2024-07-02T16:16:30Z</time>
   </trkpt>
   <trkpt lat="52.8324560" lon="-6.9096480">
    <ele>59.2</ele>
    <time>2024-07-02T16:16:31Z</time>
   </trkpt>
   <trkpt lat="52.8324020" lon="-6.9095340">
    <ele>59.4</ele>
    <time>2024-07-02T16:16:32Z</time>
   </trkpt>
   <trkpt lat="52.8323480" lon="-6.9094180">
    <ele>59.5</ele>
    <time>2024-07-02T16:16:33Z</time>
   </trkpt>
   <trkpt lat="52.8322960" lon="-6.9092970">
    <ele>59.6</ele>
    <time>2024-07-02T16:16:34Z</time>
   </trkpt>
   <trkpt lat="52.8322480" lon="-6.9091830">
    <ele>59.7</ele>
    <time>2024-07-02T16:16:35Z</time>
   </trkpt>
   <trkpt lat="52.8321910" lon="-6.9090550">
    <ele>59.9</ele>
    <time>2024-07-02T16:16:36Z</time>
   </trkpt>
   <trkpt lat="52.8321340" lon="-6.9089290">
    <ele>60.1</ele>
    <time>2024-07-02T16:16:37Z</time>
   </trkpt>
   <trkpt lat="52.8320810" lon="-6.9087950">
    <ele>60.2</ele>
    <time>2024-07-02T16:16:38Z</time>
   </trkpt>
   <trkpt lat="52.8320360" lon="-6.9086650">
    <ele>60.4</ele>
    <time>2024-07-02T16:16:39Z</time>
   </trkpt>
   <trkpt lat="52.8319820" lon="-6.9085330">
    <ele>60.6</ele>
    <time>2024-07-02T16:16:40Z</time>
   </trkpt>
   <trkpt lat="52.8319320" lon="-6.9084040">
    <ele>60.7</ele>
    <time>2024-07-02T16:16:41Z</time>
   </trkpt>
   <trkpt lat="52.8318820" lon="-6.9082730">
    <ele>60.9</ele>
    <time>2024-07-02T16:16:42Z</time>
   </trkpt>
   <trkpt lat="52.8318340" lon="-6.9081360">
    <ele>61.2</ele>
    <time>2024-07-02T16:16:43Z</time>
   </trkpt>
   <trkpt lat="52.8317870" lon="-6.9080060">
    <ele>61.4</ele>
    <time>2024-07-02T16:16:44Z</time>
   </trkpt>
   <trkpt lat="52.8317260" lon="-6.9078700">
    <ele>61.7</ele>
    <time>2024-07-02T16:16:45Z</time>
   </trkpt>
   <trkpt lat="52.8316680" lon="-6.9077260">
    <ele>61.9</ele>
    <time>2024-07-02T16:16:46Z</time>
   </trkpt>
   <trkpt lat="52.8316160" lon="-6.9075830">
    <ele>62.2</ele>
    <time>2024-07-02T16:16:47Z</time>
   </trkpt>
   <trkpt lat="52.8315630" lon="-6.9074400">
    <ele>62.5</ele>
    <time>2024-07-02T16:16:48Z</time>
   </trkpt>
   <trkpt lat="52.8315100" lon="-6.9072990">
    <ele>62.9</ele>
    <time>2024-07-02T16:16:49Z</time>
   </trkpt>
   <trkpt lat="52.8314570" lon="-6.9071540">
    <ele>63.2</ele>
    <time>2024-07-02T16:16:50Z</time>
   </trkpt>
   <trkpt lat="52.8314020" lon="-6.9070170">
    <ele>63.6</ele>
    <time>2024-07-02T16:16:51Z</time>
   </trkpt>
   <trkpt lat="52.8313410" lon="-6.9068780">
    <ele>63.9</ele>
    <time>2024-07-02T16:16:52Z</time>
   </trkpt>
   <trkpt lat="52.8312870" lon="-6.9067430">
    <ele>64.2</ele>
    <time>2024-07-02T16:16:53Z</time>
   </trkpt>
   <trkpt lat="52.8312320" lon="-6.9066020">
    <ele>64.5</ele>
    <time>2024-07-02T16:16:54Z</time>
   </trkpt>
   <trkpt lat="52.8311750" lon="-6.9064550">
    <ele>64.8</ele>
    <time>2024-07-02T16:16:55Z</time>
   </trkpt>
   <trkpt lat="52.8311220" lon="-6.9063060">
    <ele>65.0</ele>
    <time>2024-07-02T16:16:56Z</time>
   </trkpt>
   <trkpt lat="52.8310690" lon="-6.9061600">
    <ele>65.3</ele>
    <time>2024-07-02T16:16:57Z</time>
   </trkpt>
   <trkpt lat="52.8310180" lon="-6.9060250">
    <ele>65.5</ele>
    <time>2024-07-02T16:16:58Z</time>
   </trkpt>
   <trkpt lat="52.8309680" lon="-6.9058890">
    <ele>65.7</ele>
    <time>2024-07-02T16:16:59Z</time>
   </trkpt>
   <trkpt lat="52.8309290" lon="-6.9057470">
    <ele>65.9</ele>
    <time>2024-07-02T16:17:00Z</time>
   </trkpt>
   <trkpt lat="52.8308990" lon="-6.9056000">
    <ele>66.0</ele>
    <time>2024-07-02T16:17:01Z</time>
   </trkpt>
   <trkpt lat="52.8308620" lon="-6.9054460">
    <ele>66.2</ele>
    <time>2024-07-02T16:17:02Z</time>
   </trkpt>
   <trkpt lat="52.8308080" lon="-6.9052830">
    <ele>66.2</ele>
    <time>2024-07-02T16:17:03Z</time>
   </trkpt>
   <trkpt lat="52.8307600" lon="-6.9051270">
    <ele>66.3</ele>
    <time>2024-07-02T16:17:04Z</time>
   </trkpt>
   <trkpt lat="52.8307190" lon="-6.9049740">
    <ele>66.2</ele>
    <time>2024-07-02T16:17:05Z</time>
   </trkpt>
   <trkpt lat="52.8306780" lon="-6.9048260">
    <ele>66.2</ele>
    <time>2024-07-02T16:17:06Z</time>
   </trkpt>
   <trkpt lat="52.8306340" lon="-6.9046710">
    <ele>66.1</ele>
    <time>2024-07-02T16:17:07Z</time>
   </trkpt>
   <trkpt lat="52.8305820" lon="-6.9045170">
    <ele>66.0</ele>
    <time>2024-07-02T16:17:08Z</time>
   </trkpt>
   <trkpt lat="52.8305350" lon="-6.9043660">
    <ele>65.8</ele>
    <time>2024-07-02T16:17:09Z</time>
   </trkpt>
   <trkpt lat="52.8304870" lon="-6.9042190">
    <ele>65.7</ele>
    <time>2024-07-02T16:17:10Z</time>
   </trkpt>
   <trkpt lat="52.8304350" lon="-6.9040670">
    <ele>65.5</ele>
    <time>2024-07-02T16:17:11Z</time>
   </trkpt>
   <trkpt lat="52.8303760" lon="-6.9039180">
    <ele>65.3</ele>
    <time>2024-07-02T16:17:12Z</time>
   </trkpt>
   <trkpt lat="52.8303090" lon="-6.9037710">
    <ele>65.1</ele>
    <time>2024-07-02T16:17:13Z</time>
   </trkpt>
   <trkpt lat="52.8302390" lon="-6.9036320">
    <ele>64.9</ele>
    <time>2024-07-02T16:17:14Z</time>
   </trkpt>
   <trkpt lat="52.8301690" lon="-6.9035000">
    <ele>64.7</ele>
    <time>2024-07-02T16:17:15Z</time>
   </trkpt>
   <trkpt lat="52.8300950" lon="-6.9033730">
    <ele>64.5</ele>
    <time>2024-07-02T16:17:16Z</time>
   </trkpt>
   <trkpt lat="52.8300250" lon="-6.9032500">
    <ele>64.3</ele>
    <time>2024-07-02T16:17:17Z</time>
   </trkpt>
   <trkpt lat="52.8299490" lon="-6.9031230">
    <ele>64.0</ele>
    <time>2024-07-02T16:17:18Z</time>
   </trkpt>
   <trkpt lat="52.8298740" lon="-6.9030010">
    <ele>63.8</ele>
    <time>2024-07-02T16:17:19Z</time>
   </trkpt>
   <trkpt lat="52.8297960" lon="-6.9028880">
    <ele>63.7</ele>
    <time>2024-07-02T16:17:20Z</time>
   </trkpt>
   <trkpt lat="52.8297300" lon="-6.9027620">
    <ele>63.5</ele>
    <time>2024-07-02T16:17:21Z</time>
   </trkpt>
   <trkpt lat="52.8296550" lon="-6.9026380">
    <ele>63.3</ele>
    <time>2024-07-02T16:17:22Z</time>
   </trkpt>
   <trkpt lat="52.8295870" lon="-6.9025130">
    <ele>63.1</ele>
    <time>2024-07-02T16:17:23Z</time>
   </trkpt>
   <trkpt lat="52.8295070" lon="-6.9023930">
    <ele>63.0</ele>
    <time>2024-07-02T16:17:24Z</time>
   </trkpt>
   <trkpt lat="52.8294240" lon="-6.9022690">
    <ele>62.8</ele>
    <time>2024-07-02T16:17:25Z</time>
   </trkpt>
   <trkpt lat="52.8293530" lon="-6.9021570">
    <ele>62.7</ele>
    <time>2024-07-02T16:17:26Z</time>
   </trkpt>
   <trkpt lat="52.8292800" lon="-6.9020440">
    <ele>62.5</ele>
    <time>2024-07-02T16:17:27Z</time>
   </trkpt>
   <trkpt lat="52.8292070" lon="-6.9019320">
    <ele>62.4</ele>
    <time>2024-07-02T16:17:28Z</time>
   </trkpt>
   <trkpt lat="52.8291340" lon="-6.9018200">
    <ele>62.3</ele>
    <time>2024-07-02T16:17:29Z</time>
   </trkpt>
   <trkpt lat="52.8290590" lon="-6.9016970">
    <ele>62.1</ele>
    <time>2024-07-02T16:17:30Z</time>
   </trkpt>
   <trkpt lat="52.8289910" lon="-6.9015810">
    <ele>62.1</ele>
    <time>2024-07-02T16:17:31Z</time>
   </trkpt>
   <trkpt lat="52.8289260" lon="-6.9014590">
    <ele>62.0</ele>
    <time>2024-07-02T16:17:32Z</time>
   </trkpt>
   <trkpt lat="52.8288620" lon="-6.9013400">
    <ele>61.9</ele>
    <time>2024-07-02T16:17:33Z</time>
   </trkpt>
   <trkpt lat="52.8287980" lon="-6.9012240">
    <ele>61.8</ele>
    <time>2024-07-02T16:17:34Z</time>
   </trkpt>
   <trkpt lat="52.8287270" lon="-6.9011020">
    <ele>61.8</ele>
    <time>2024-07-02T16:17:35Z</time>
   </trkpt>
   <trkpt lat="52.8286580" lon="-6.9009820">
    <ele>61.7</ele>
    <time>2024-07-02T16:17:36Z</time>
   </trkpt>
   <trkpt lat="52.8285840" lon="-6.9008710">
    <ele>61.7</ele>
    <time>2024-07-02T16:17:37Z</time>
   </trkpt>
   <trkpt lat="52.8285130" lon="-6.9007540">
    <ele>61.6</ele>
    <time>2024-07-02T16:17:38Z</time>
   </trkpt>
   <trkpt lat="52.8284420" lon="-6.9006380">
    <ele>61.6</ele>
    <time>2024-07-02T16:17:39Z</time>
   </trkpt>
   <trkpt lat="52.8283770" lon="-6.9005290">
    <ele>61.6</ele>
    <time>2024-07-02T16:17:40Z</time>
   </trkpt>
   <trkpt lat="52.8283130" lon="-6.9004140">
    <ele>61.6</ele>
    <time>2024-07-02T16:17:41Z</time>
   </trkpt>
   <trkpt lat="52.8282530" lon="-6.9002930">
    <ele>61.6</ele>
    <time>2024-07-02T16:17:42Z</time>
   </trkpt>
   <trkpt lat="52.8281870" lon="-6.9001650">
    <ele>61.7</ele>
    <time>2024-07-02T16:17:43Z</time>
   </trkpt>
   <trkpt lat="52.8281270" lon="-6.9000370">
    <ele>61.7</ele>
    <time>2024-07-02T16:17:44Z</time>
   </trkpt>
   <trkpt lat="52.8280760" lon="-6.8999010">
    <ele>61.7</ele>
    <time>2024-07-02T16:17:45Z</time>
   </trkpt>
   <trkpt lat="52.8280250" lon="-6.8997620">
    <ele>61.7</ele>
    <time>2024-07-02T16:17:46Z</time>
   </trkpt>
   <trkpt lat="52.8279770" lon="-6.8996400">
    <ele>61.7</ele>
    <time>2024-07-02T16:17:47Z</time>
   </trkpt>
   <trkpt lat="52.8279180" lon="-6.8995140">
    <ele>61.7</ele>
    <time>2024-07-02T16:17:48Z</time>
   </trkpt>
   <trkpt lat="52.8278650" lon="-6.8993860">
    <ele>61.7</ele>
    <time>2024-07-02T16:17:49Z</time>
   </trkpt>
   <trkpt lat="52.8278180" lon="-6.8992620">
    <ele>61.7</ele>
    <time>2024-07-02T16:17:50Z</time>
   </trkpt>
   <trkpt lat="52.8277760" lon="-6.8991450">
    <ele>61.7</ele>
    <time>2024-07-02T16:17:51Z</time>
   </trkpt>
   <trkpt lat="52.8277330" lon="-6.8990280">
    <ele>61.7</ele>
    <time>2024-07-02T16:17:52Z</time>
   </trkpt>
   <trkpt lat="52.8276910" lon="-6.8989120">
    <ele>61.8</ele>
    <time>2024-07-02T16:17:53Z</time>
   </trkpt>
   <trkpt lat="52.8276420" lon="-6.8988150">
    <ele>61.8</ele>
    <time>2024-07-02T16:17:54Z</time>
   </trkpt>
   <trkpt lat="52.8275950" lon="-6.8987230">
    <ele>61.8</ele>
    <time>2024-07-02T16:17:55Z</time>
   </trkpt>
   <trkpt lat="52.8275460" lon="-6.8986430">
    <ele>61.8</ele>
    <time>2024-07-02T16:17:56Z</time>
   </trkpt>
   <trkpt lat="52.8274950" lon="-6.8985620">
    <ele>61.8</ele>
    <time>2024-07-02T16:17:57Z</time>
   </trkpt>
   <trkpt lat="52.8274420" lon="-6.8985060">
    <ele>61.8</ele>
    <time>2024-07-02T16:17:58Z</time>
   </trkpt>
   <trkpt lat="52.8273940" lon="-6.8984630">
    <ele>61.8</ele>
    <time>2024-07-02T16:17:59Z</time>
   </trkpt>
   <trkpt lat="52.8273460" lon="-6.8984260">
    <ele>61.8</ele>
    <time>2024-07-02T16:18:00Z</time>
   </trkpt>
   <trkpt lat="52.8273000" lon="-6.8983840">
    <ele>61.8</ele>
    <time>2024-07-02T16:18:01Z</time>
   </trkpt>
   <trkpt lat="52.8272670" lon="-6.8983410">
    <ele>61.7</ele>
    <time>2024-07-02T16:18:02Z</time>
   </trkpt>
   <trkpt lat="52.8272390" lon="-6.8983000">
    <ele>61.7</ele>
    <time>2024-07-02T16:18:03Z</time>
   </trkpt>
   <trkpt lat="52.8272070" lon="-6.8982470">
    <ele>61.7</ele>
    <time>2024-07-02T16:18:04Z</time>
   </trkpt>
   <trkpt lat="52.8271840" lon="-6.8981870">
    <ele>61.7</ele>
    <time>2024-07-02T16:18:05Z</time>
   </trkpt>
   <trkpt lat="52.8271580" lon="-6.8981210">
    <ele>61.6</ele>
    <time>2024-07-02T16:18:06Z</time>
   </trkpt>
   <trkpt lat="52.8271240" lon="-6.8980560">
    <ele>61.6</ele>
    <time>2024-07-02T16:18:07Z</time>
   </trkpt>
   <trkpt lat="52.8270800" lon="-6.8980000">
    <ele>61.5</ele>
    <time>2024-07-02T16:18:08Z</time>
   </trkpt>
   <trkpt lat="52.8270310" lon="-6.8979690">
    <ele>61.4</ele>
    <time>2024-07-02T16:18:09Z</time>
   </trkpt>
   <trkpt lat="52.8269720" lon="-6.8979740">
    <ele>61.4</ele>
    <time>2024-07-02T16:18:10Z</time>
   </trkpt>
   <trkpt lat="52.8269070" lon="-6.8980140">
    <ele>61.3</ele>
    <time>2024-07-02T16:18:11Z</time>
   </trkpt>
   <trkpt lat="52.8268420" lon="-6.8980810">
    <ele>61.4</ele>
    <time>2024-07-02T16:18:12Z</time>
   </trkpt>
   <trkpt lat="52.8267820" lon="-6.8981590">
    <ele>61.3</ele>
    <time>2024-07-02T16:18:13Z</time>
   </trkpt>
   <trkpt lat="52.8267210" lon="-6.8982280">
    <ele>61.3</ele>
    <time>2024-07-02T16:18:14Z</time>
   </trkpt>
   <trkpt lat="52.8266450" lon="-6.8982780">
    <ele>61.1</ele>
    <time>2024-07-02T16:18:15Z</time>
   </trkpt>
   <trkpt lat="52.8265650" lon="-6.8983080">
    <ele>61.0</ele>
    <time>2024-07-02T16:18:16Z</time>
   </trkpt>
   <trkpt lat="52.8264770" lon="-6.8983150">
    <ele>60.9</ele>
    <time>2024-07-02T16:18:17Z</time>
   </trkpt>
   <trkpt lat="52.8263780" lon="-6.8982980">
    <ele>60.8</ele>
    <time>2024-07-02T16:18:18Z</time>
   </trkpt>
   <trkpt lat="52.8262690" lon="-6.8982560">
    <ele>60.5</ele>
    <time>2024-07-02T16:18:19Z</time>
   </trkpt>
   <trkpt lat="52.8261680" lon="-6.8982180">
    <ele>60.2</ele>
    <time>2024-07-02T16:18:20Z</time>
   </trkpt>
   <trkpt lat="52.8260660" lon="-6.8981840">
    <ele>59.9</ele>
    <time>2024-07-02T16:18:21Z</time>
   </trkpt>
   <trkpt lat="52.8259580" lon="-6.8981560">
    <ele>59.5</ele>
    <time>2024-07-02T16:18:22Z</time>
   </trkpt>
   <trkpt lat="52.8258560" lon="-6.8981260">
    <ele>59.2</ele>
    <time>2024-07-02T16:18:23Z</time>
   </trkpt>
   <trkpt lat="52.8257460" lon="-6.8981050">
    <ele>58.9</ele>
    <time>2024-07-02T16:18:24Z</time>
   </trkpt>
   <trkpt lat="52.8256330" lon="-6.8980920">
    <ele>58.5</ele>
    <time>2024-07-02T16:18:25Z</time>
   </trkpt>
   <trkpt lat="52.8255120" lon="-6.8980810">
    <ele>58.2</ele>
    <time>2024-07-02T16:18:26Z</time>
   </trkpt>
   <trkpt lat="52.8253930" lon="-6.8980670">
    <ele>57.7</ele>
    <time>2024-07-02T16:18:27Z</time>
   </trkpt>
   <trkpt lat="52.8252720" lon="-6.8980540">
    <ele>57.3</ele>
    <time>2024-07-02T16:18:28Z</time>
   </trkpt>
   <trkpt lat="52.8251460" lon="-6.8980420">
    <ele>56.9</ele>
    <time>2024-07-02T16:18:29Z</time>
   </trkpt>
   <trkpt lat="52.8250210" lon="-6.8980360">
    <ele>56.5</ele>
    <time>2024-07-02T16:18:30Z</time>
   </trkpt>
   <trkpt lat="52.8248960" lon="-6.8980280">
    <ele>56.3</ele>
    <time>2024-07-02T16:18:31Z</time>
   </trkpt>
   <trkpt lat="52.8247660" lon="-6.8980290">
    <ele>56.3</ele>
    <time>2024-07-02T16:18:32Z</time>
   </trkpt>
   <trkpt lat="52.8246440" lon="-6.8980230">
    <ele>56.3</ele>
    <time>2024-07-02T16:18:33Z</time>
   </trkpt>
   <trkpt lat="52.8245210" lon="-6.8980200">
    <ele>56.3</ele>
    <time>2024-07-02T16:18:34Z</time>
   </trkpt>
   <trkpt lat="52.8243950" lon="-6.8980180">
    <ele>56.4</ele>
    <time>2024-07-02T16:18:35Z</time>
   </trkpt>
   <trkpt lat="52.8242720" lon="-6.8980170">
    <ele>56.4</ele>
    <time>2024-07-02T16:18:36Z</time>
   </trkpt>
   <trkpt lat="52.8241490" lon="-6.8980280">
    <ele>56.4</ele>
    <time>2024-07-02T16:18:37Z</time>
   </trkpt>
   <trkpt lat="52.8240210" lon="-6.8980410">
    <ele>56.3</ele>
    <time>2024-07-02T16:18:38Z</time>
   </trkpt>
   <trkpt lat="52.8238880" lon="-6.8980520">
    <ele>56.2</ele>
    <time>2024-07-02T16:18:39Z</time>
   </trkpt>
   <trkpt lat="52.8237570" lon="-6.8980650">
    <ele>56.2</ele>
    <time>2024-07-02T16:18:40Z</time>
   </trkpt>
   <trkpt lat="52.8236310" lon="-6.8980810">
    <ele>56.2</ele>
    <time>2024-07-02T16:18:41Z</time>
   </trkpt>
   <trkpt lat="52.8235030" lon="-6.8981110">
    <ele>56.2</ele>
    <time>2024-07-02T16:18:42Z</time>
   </trkpt>
   <trkpt lat="52.8233750" lon="-6.8981440">
    <ele>56.2</ele>
    <time>2024-07-02T16:18:43Z</time>
   </trkpt>
   <trkpt lat="52.8232420" lon="-6.8982060">
    <ele>56.2</ele>
    <time>2024-07-02T16:18:44Z</time>
   </trkpt>
   <trkpt lat="52.8231080" lon="-6.8982640">
    <ele>56.2</ele>
    <time>2024-07-02T16:18:45Z</time>
   </trkpt>
   <trkpt lat="52.8229670" lon="-6.8983100">
    <ele>56.2</ele>
    <time>2024-07-02T16:18:46Z</time>
   </trkpt>
   <trkpt lat="52.8228310" lon="-6.8983520">
    <ele>56.3</ele>
    <time>2024-07-02T16:18:47Z</time>
   </trkpt>
   <trkpt lat="52.8226960" lon="-6.8983970">
    <ele>56.4</ele>
    <time>2024-07-02T16:18:48Z</time>
   </trkpt>
   <trkpt lat="52.8225750" lon="-6.8984460">
    <ele>56.4</ele>
    <time>2024-07-02T16:18:49Z</time>
   </trkpt>
   <trkpt lat="52.8224580" lon="-6.8984850">
    <ele>56.5</ele>
    <time>2024-07-02T16:18:50Z</time>
   </trkpt>
   <trkpt lat="52.8223370" lon="-6.8985140">
    <ele>56.6</ele>
    <time>2024-07-02T16:18:51Z</time>
   </trkpt>
   <trkpt lat="52.8222210" lon="-6.8985420">
    <ele>56.6</ele>
    <time>2024-07-02T16:18:52Z</time>
   </trkpt>
   <trkpt lat="52.8220990" lon="-6.8985630">
    <ele>56.7</ele>
    <time>2024-07-02T16:18:53Z</time>
   </trkpt>
   <trkpt lat="52.8219810" lon="-6.8985830">
    <ele>56.7</ele>
    <time>2024-07-02T16:18:54Z</time>
   </trkpt>
   <trkpt lat="52.8218650" lon="-6.8985980">
    <ele>56.8</ele>
    <time>2024-07-02T16:18:55Z</time>
   </trkpt>
   <trkpt lat="52.8217400" lon="-6.8986070">
    <ele>56.9</ele>
    <time>2024-07-02T16:18:56Z</time>
   </trkpt>
   <trkpt lat="52.8216200" lon="-6.8986130">
    <ele>57.0</ele>
    <time>2024-07-02T16:18:57Z</time>
   </trkpt>
   <trkpt lat="52.8215020" lon="-6.8986170">
    <ele>57.0</ele>
    <time>2024-07-02T16:18:58Z</time>
   </trkpt>
   <trkpt lat="52.8213870" lon="-6.8986140">
    <ele>57.0</ele>
    <time>2024-07-02T16:18:59Z</time>
   </trkpt>
   <trkpt lat="52.8212840" lon="-6.8986050">
    <ele>57.1</ele>
    <time>2024-07-02T16:19:00Z</time>
   </trkpt>
   <trkpt lat="52.8211880" lon="-6.8985870">
    <ele>57.2</ele>
    <time>2024-07-02T16:19:01Z</time>
   </trkpt>
   <trkpt lat="52.8210920" lon="-6.8985770">
    <ele>57.2</ele>
    <time>2024-07-02T16:19:02Z</time>
   </trkpt>
   <trkpt lat="52.8209990" lon="-6.8985670">
    <ele>57.2</ele>
    <time>2024-07-02T16:19:03Z</time>
   </trkpt>
   <trkpt lat="52.8209190" lon="-6.8985540">
    <ele>57.3</ele>
    <time>2024-07-02T16:19:04Z</time>
   </trkpt>
   <trkpt lat="52.8208470" lon="-6.8985380">
    <ele>57.3</ele>
    <time>2024-07-02T16:19:05Z</time>
   </trkpt>
   <trkpt lat="52.8207780" lon="-6.8985210">
    <ele>57.4</ele>
    <time>2024-07-02T16:19:06Z</time>
   </trkpt>
   <trkpt lat="52.8207220" lon="-6.8984970">
    <ele>57.4</ele>
    <time>2024-07-02T16:19:07Z</time>
   </trkpt>
   <trkpt lat="52.8206740" lon="-6.8984660">
    <ele>57.4</ele>
    <time>2024-07-02T16:19:08Z</time>
   </trkpt>
   <trkpt lat="52.8206260" lon="-6.8984230">
    <ele>57.5</ele>
    <time>2024-07-02T16:19:09Z</time>
   </trkpt>
   <trkpt lat="52.8205770" lon="-6.8983630">
    <ele>57.5</ele>
    <time>2024-07-02T16:19:10Z</time>
   </trkpt>
   <trkpt lat="52.8205390" lon="-6.8982880">
    <ele>57.4</ele>
    <time>2024-07-02T16:19:11Z</time>
   </trkpt>
   <trkpt lat="52.8205130" lon="-6.8981970">
    <ele>57.5</ele>
    <time>2024-07-02T16:19:12Z</time>
   </trkpt>
   <trkpt lat="52.8204950" lon="-6.8981070">
    <ele>57.6</ele>
    <time>2024-07-02T16:19:13Z</time>
   </trkpt>
   <trkpt lat="52.8204870" lon="-6.8980080">
    <ele>57.8</ele>
    <time>2024-07-02T16:19:14Z</time>
   </trkpt>
   <trkpt lat="52.8204820" lon="-6.8978970">
    <ele>57.9</ele>
    <time>2024-07-02T16:19:15Z</time>
   </trkpt>
   <trkpt lat="52.8204950" lon="-6.8977910">
    <ele>58.0</ele>
    <time>2024-07-02T16:19:16Z</time>
   </trkpt>
   <trkpt lat="52.8205140" lon="-6.8976950">
    <ele>58.2</ele>
    <time>2024-07-02T16:19:17Z</time>
   </trkpt>
   <trkpt lat="52.8205300" lon="-6.8976120">
    <ele>58.2</ele>
    <time>2024-07-02T16:19:18Z</time>
   </trkpt>
   <trkpt lat="52.8205480" lon="-6.8975520">
    <ele>58.1</ele>
    <time>2024-07-02T16:19:19Z</time>
   </trkpt>
   <trkpt lat="52.8205690" lon="-6.8975030">
    <ele>58.1</ele>
    <time>2024-07-02T16:19:20Z</time>
   </trkpt>
   <trkpt lat="52.8205920" lon="-6.8974730">
    <ele>58.1</ele>
    <time>2024-07-02T16:19:21Z</time>
   </trkpt>
   <trkpt lat="52.8206190" lon="-6.8974410">
    <ele>58.1</ele>
    <time>2024-07-02T16:19:22Z</time>
   </trkpt>
   <trkpt lat="52.8206290" lon="-6.8974300">
    <ele>58.1</ele>
    <time>2024-07-02T16:19:23Z</time>
   </trkpt>
   <trkpt lat="52.8206550" lon="-6.8974120">
    <ele>58.1</ele>
    <time>2024-07-02T16:19:24Z</time>
   </trkpt>
   <trkpt lat="52.8206630" lon="-6.8974060">
    <ele>58.1</ele>
    <time>2024-07-02T16:19:25Z</time>
   </trkpt>
   <trkpt lat="52.8206880" lon="-6.8973810">
    <ele>58.1</ele>
    <time>2024-07-02T16:19:26Z</time>
   </trkpt>
   <trkpt lat="52.8206960" lon="-6.8973700">
    <ele>58.1</ele>
    <time>2024-07-02T16:19:27Z</time>
   </trkpt>
   <trkpt lat="52.8207090" lon="-6.8973490">
    <ele>58.1</ele>
    <time>2024-07-02T16:19:28Z</time>
   </trkpt>
   <trkpt lat="52.8207090" lon="-6.8973450">
    <ele>58.1</ele>
    <time>2024-07-02T16:19:29Z</time>
   </trkpt>
   <trkpt lat="52.8207100" lon="-6.8973410">
    <ele>58.1</ele>
    <time>2024-07-02T16:19:30Z</time>
   </trkpt>
   <trkpt lat="52.8207100" lon="-6.8973380">
    <ele>58.1</ele>
    <time>2024-07-02T16:19:31Z</time>
   </trkpt>
   <trkpt lat="52.8207110" lon="-6.8973340">
    <ele>58.1</ele>
    <time>2024-07-02T16:19:32Z</time>
   </trkpt>
   <trkpt lat="52.8207120" lon="-6.8973310">
    <ele>58.1</ele>
    <time>2024-07-02T16:19:33Z</time>
   </trkpt>
   <trkpt lat="52.8207120" lon="-6.8973270">
    <ele>58.1</ele>
    <time>2024-07-02T16:19:34Z</time>
   </trkpt>
   <trkpt lat="52.8207130" lon="-6.8973230">
    <ele>58.1</ele>
    <time>2024-07-02T16:19:35Z</time>
   </trkpt>
   <trkpt lat="52.8207130" lon="-6.8973200">
    <ele>58.1</ele>
    <time>2024-07-02T16:19:36Z</time>
   </trkpt>
   <trkpt lat="52.8207140" lon="-6.8973160">
    <ele>58.1</ele>
    <time>2024-07-02T16:19:37Z</time>
   </trkpt>
   <trkpt lat="52.8207140" lon="-6.8973120">
    <ele>58.1</ele>
    <time>2024-07-02T16:19:38Z</time>
   </trkpt>
   <trkpt lat="52.8207150" lon="-6.8973090">
    <ele>58.1</ele>
    <time>2024-07-02T16:19:39Z</time>
   </trkpt>
   <trkpt lat="52.8207160" lon="-6.8973050">
    <ele>58.1</ele>
    <time>2024-07-02T16:19:40Z</time>
   </trkpt>
   <trkpt lat="52.8207160" lon="-6.8973010">
    <ele>58.1</ele>
    <time>2024-07-02T16:19:41Z</time>
   </trkpt>
   <trkpt lat="52.8207170" lon="-6.8972980">
    <ele>58.1</ele>
    <time>2024-07-02T16:19:42Z</time>
   </trkpt>
   <trkpt lat="52.8207170" lon="-6.8972940">
    <ele>58.1</ele>
    <time>2024-07-02T16:19:43Z</time>
   </trkpt>
   <trkpt lat="52.8207180" lon="-6.8972900">
    <ele>58.1</ele>
    <time>2024-07-02T16:19:44Z</time>
   </trkpt>
   <trkpt lat="52.8207090" lon="-6.8972470">
    <ele>58.1</ele>
    <time>2024-07-02T16:19:45Z</time>
   </trkpt>
   <trkpt lat="52.8206840" lon="-6.8972130">
    <ele>58.1</ele>
    <time>2024-07-02T16:19:46Z</time>
   </trkpt>
   <trkpt lat="52.8206740" lon="-6.8972060">
    <ele>58.1</ele>
    <time>2024-07-02T16:19:47Z</time>
   </trkpt>
   <trkpt lat="52.8206500" lon="-6.8972190">
    <ele>58.0</ele>
    <time>2024-07-02T16:19:48Z</time>
   </trkpt>
   <trkpt lat="52.8206400" lon="-6.8972290">
    <ele>58.0</ele>
    <time>2024-07-02T16:19:49Z</time>
   </trkpt>
   <trkpt lat="52.8206140" lon="-6.8972750">
    <ele>58.0</ele>
    <time>2024-07-02T16:19:50Z</time>
   </trkpt>
   <trkpt lat="52.8206040" lon="-6.8972900">
    <ele>58.0</ele>
    <time>2024-07-02T16:19:51Z</time>
   </trkpt>
   <trkpt lat="52.8205790" lon="-6.8973230">
    <ele>58.0</ele>
    <time>2024-07-02T16:19:52Z</time>
   </trkpt>
   <trkpt lat="52.8205600" lon="-6.8973590">
    <ele>58.0</ele>
    <time>2024-07-02T16:19:53Z</time>
   </trkpt>
   <trkpt lat="52.8205460" lon="-6.8973680">
    <ele>58.0</ele>
    <time>2024-07-02T16:19:54Z</time>
   </trkpt>
   <trkpt lat="52.8205480" lon="-6.8973570">
    <ele>58.0</ele>
    <time>2024-07-02T16:19:55Z</time>
   </trkpt>
   <trkpt lat="52.8205490" lon="-6.8973470">
    <ele>58.0</ele>
    <time>2024-07-02T16:19:56Z</time>
   </trkpt>
   <trkpt lat="52.8205500" lon="-6.8973360">
    <ele>58.0</ele>
    <time>2024-07-02T16:19:57Z</time>
   </trkpt>
   <trkpt lat="52.8205520" lon="-6.8973250">
    <ele>58.0</ele>
    <time>2024-07-02T16:19:58Z</time>
   </trkpt>
   <trkpt lat="52.8205530" lon="-6.8973150">
    <ele>58.0</ele>
    <time>2024-07-02T16:19:59Z</time>
   </trkpt>
   <trkpt lat="52.8205540" lon="-6.8973040">
    <ele>58.0</ele>
    <time>2024-07-02T16:20:00Z</time>
   </trkpt>
   <trkpt lat="52.8205560" lon="-6.8972930">
    <ele>58.0</ele>
    <time>2024-07-02T16:20:01Z</time>
   </trkpt>
   <trkpt lat="52.8205570" lon="-6.8972830">
    <ele>58.0</ele>
    <time>2024-07-02T16:20:02Z</time>
   </trkpt>
   <trkpt lat="52.8205590" lon="-6.8972720">
    <ele>58.0</ele>
    <time>2024-07-02T16:20:03Z</time>
   </trkpt>
   <trkpt lat="52.8205710" lon="-6.8972520">
    <ele>58.0</ele>
    <time>2024-07-02T16:20:04Z</time>
   </trkpt>
   <trkpt lat="52.8205780" lon="-6.8972380">
    <ele>58.0</ele>
    <time>2024-07-02T16:20:05Z</time>
   </trkpt>
   <trkpt lat="52.8205830" lon="-6.8972310">
    <ele>58.0</ele>
    <time>2024-07-02T16:20:06Z</time>
   </trkpt>
   <trkpt lat="52.8205830" lon="-6.8972300">
    <ele>58.0</ele>
    <time>2024-07-02T16:20:07Z</time>
   </trkpt>
   <trkpt lat="52.8205830" lon="-6.8972300">
    <ele>58.0</ele>
    <time>2024-07-02T16:20:08Z</time>
   </trkpt>
   <trkpt lat="52.8205830" lon="-6.8972290">
    <ele>58.0</ele>
    <time>2024-07-02T16:20:09Z</time>
   </trkpt>
   <trkpt lat="52.8205820" lon="-6.8972280">
    <ele>58.0</ele>
    <time>2024-07-02T16:20:10Z</time>
   </trkpt>
   <trkpt lat="52.8205820" lon="-6.8972270">
    <ele>58.0</ele>
    <time>2024-07-02T16:20:11Z</time>
   </trkpt>
   <trkpt lat="52.8205820" lon="-6.8972270">
    <ele>58.0</ele>
    <time>2024-07-02T16:20:12Z</time>
   </trkpt>
   <trkpt lat="52.8205820" lon="-6.8972260">
    <ele>58.0</ele>
    <time>2024-07-02T16:20:13Z</time>
   </trkpt>
   <trkpt lat="52.8205820" lon="-6.8972250">
    <ele>58.0</ele>
    <time>2024-07-02T16:20:14Z</time>
   </trkpt>
   <trkpt lat="52.8205820" lon="-6.8972240">
    <ele>58.0</ele>
    <time>2024-07-02T16:20:15Z</time>
   </trkpt>
   <trkpt lat="52.8205810" lon="-6.8972240">
    <ele>58.0</ele>
    <time>2024-07-02T16:20:16Z</time>
   </trkpt>
   <trkpt lat="52.8205810" lon="-6.8972230">
    <ele>58.0</ele>
    <time>2024-07-02T16:20:17Z</time>
   </trkpt>
   <trkpt lat="52.8205810" lon="-6.8972220">
    <ele>58.0</ele>
    <time>2024-07-02T16:20:18Z</time>
   </trkpt>
   <trkpt lat="52.8205810" lon="-6.8972210">
    <ele>58.0</ele>
    <time>2024-07-02T16:20:19Z</time>
   </trkpt>
   <trkpt lat="52.8205810" lon="-6.8972210">
    <ele>58.0</ele>
    <time>2024-07-02T16:20:20Z</time>
   </trkpt>
   <trkpt lat="52.8205800" lon="-6.8972200">
    <ele>58.0</ele>
    <time>2024-07-02T16:20:21Z</time>
   </trkpt>
   <trkpt lat="52.8205800" lon="-6.8972190">
    <ele>58.0</ele>
    <time>2024-07-02T16:20:22Z</time>
   </trkpt>
   <trkpt lat="52.8205800" lon="-6.8972180">
    <ele>58.0</ele>
    <time>2024-07-02T16:20:23Z</time>
   </trkpt>
   <trkpt lat="52.8205800" lon="-6.8972180">
    <ele>58.0</ele>
    <time>2024-07-02T16:20:24Z</time>
   </trkpt>
   <trkpt lat="52.8205800" lon="-6.8972170">
    <ele>58.0</ele>
    <time>2024-07-02T16:20:25Z</time>
   </trkpt>
   <trkpt lat="52.8205790" lon="-6.8972160">
    <ele>58.0</ele>
    <time>2024-07-02T16:20:26Z</time>
   </trkpt>
   <trkpt lat="52.8205790" lon="-6.8972160">
    <ele>58.0</ele>
    <time>2024-07-02T16:20:27Z</time>
   </trkpt>
   <trkpt lat="52.8205790" lon="-6.8972150">
    <ele>58.0</ele>
    <time>2024-07-02T16:20:28Z</time>
   </trkpt>
   <trkpt lat="52.8205790" lon="-6.8972140">
    <ele>58.0</ele>
    <time>2024-07-02T16:20:29Z</time>
   </trkpt>
   <trkpt lat="52.8205790" lon="-6.8972130">
    <ele>58.0</ele>
    <time>2024-07-02T16:20:30Z</time>
   </trkpt>
   <trkpt lat="52.8205780" lon="-6.8972130">
    <ele>58.0</ele>
    <time>2024-07-02T16:20:31Z</time>
   </trkpt>
   <trkpt lat="52.8205780" lon="-6.8972120">
    <ele>58.0</ele>
    <time>2024-07-02T16:20:32Z</time>
   </trkpt>
   <trkpt lat="52.8205780" lon="-6.8972110">
    <ele>58.0</ele>
    <time>2024-07-02T16:20:33Z</time>
   </trkpt>
   <trkpt lat="52.8205780" lon="-6.8972100">
    <ele>58.0</ele>
    <time>2024-07-02T16:20:34Z</time>
   </trkpt>
   <trkpt lat="52.8205780" lon="-6.8972100">
    <ele>58.0</ele>
    <time>2024-07-02T16:20:35Z</time>
   </trkpt>
   <trkpt lat="52.8205770" lon="-6.8972090">
    <ele>58.0</ele>
    <time>2024-07-02T16:20:36Z</time>
   </trkpt>
   <trkpt lat="52.8205770" lon="-6.8972080">
    <ele>58.0</ele>
    <time>2024-07-02T16:20:37Z</time>
   </trkpt>
   <trkpt lat="52.8205770" lon="-6.8972070">
    <ele>58.0</ele>
    <time>2024-07-02T16:20:38Z</time>
   </trkpt>
   <trkpt lat="52.8205770" lon="-6.8972070">
    <ele>58.0</ele>
    <time>2024-07-02T16:20:39Z</time>
   </trkpt>
   <trkpt lat="52.8205770" lon="-6.8972060">
    <ele>58.0</ele>
    <time>2024-07-02T16:20:40Z</time>
   </trkpt>
   <trkpt lat="52.8205760" lon="-6.8972050">
    <ele>58.0</ele>
    <time>2024-07-02T16:20:41Z</time>
   </trkpt>
   <trkpt lat="52.8205760" lon="-6.8972040">
    <ele>58.0</ele>
    <time>2024-07-02T16:20:42Z</time>
   </trkpt>
   <trkpt lat="52.8205760" lon="-6.8972040">
    <ele>58.0</ele>
    <time>2024-07-02T16:20:43Z</time>
   </trkpt>
   <trkpt lat="52.8205760" lon="-6.8972030">
    <ele>58.0</ele>
    <time>2024-07-02T16:20:44Z</time>
   </trkpt>
   <trkpt lat="52.8205760" lon="-6.8972020">
    <ele>58.0</ele>
    <time>2024-07-02T16:20:45Z</time>
   </trkpt>
   <trkpt lat="52.8205760" lon="-6.8972010">
    <ele>58.0</ele>
    <time>2024-07-02T16:20:46Z</time>
   </trkpt>
   <trkpt lat="52.8205750" lon="-6.8972010">
    <ele>58.0</ele>
    <time>2024-07-02T16:20:47Z</time>
   </trkpt>
   <trkpt lat="52.8205750" lon="-6.8972000">
    <ele>58.0</ele>
    <time>2024-07-02T16:20:48Z</time>
   </trkpt>
   <trkpt lat="52.8205750" lon="-6.8971990">
    <ele>58.0</ele>
    <time>2024-07-02T16:20:49Z</time>
   </trkpt>
   <trkpt lat="52.8205750" lon="-6.8971980">
    <ele>58.0</ele>
    <time>2024-07-02T16:20:50Z</time>
   </trkpt>
   <trkpt lat="52.8205750" lon="-6.8971980">
    <ele>58.0</ele>
    <time>2024-07-02T16:20:51Z</time>
   </trkpt>
   <trkpt lat="52.8205740" lon="-6.8971970">
    <ele>58.0</ele>
    <time>2024-07-02T16:20:52Z</time>
   </trkpt>
   <trkpt lat="52.8205740" lon="-6.8971960">
    <ele>58.0</ele>
    <time>2024-07-02T16:20:53Z</time>
   </trkpt>
   <trkpt lat="52.8205740" lon="-6.8971950">
    <ele>58.0</ele>
    <time>2024-07-02T16:20:54Z</time>
   </trkpt>
   <trkpt lat="52.8205740" lon="-6.8971950">
    <ele>58.0</ele>
    <time>2024-07-02T16:20:55Z</time>
   </trkpt>
   <trkpt lat="52.8205740" lon="-6.8971940">
    <ele>58.0</ele>
    <time>2024-07-02T16:20:56Z</time>
   </trkpt>
   <trkpt lat="52.8205730" lon="-6.8971930">
    <ele>58.0</ele>
    <time>2024-07-02T16:20:57Z</time>
   </trkpt>
   <trkpt lat="52.8205730" lon="-6.8971930">
    <ele>58.0</ele>
    <time>2024-07-02T16:20:58Z</time>
   </trkpt>
   <trkpt lat="52.8205730" lon="-6.8971920">
    <ele>58.0</ele>
    <time>2024-07-02T16:20:59Z</time>
   </trkpt>
   <trkpt lat="52.8205730" lon="-6.8971910">
    <ele>58.0</ele>
    <time>2024-07-02T16:21:00Z</time>
   </trkpt>
   <trkpt lat="52.8205730" lon="-6.8971900">
    <ele>58.0</ele>
    <time>2024-07-02T16:21:01Z</time>
   </trkpt>
   <trkpt lat="52.8205720" lon="-6.8971900">
    <ele>58.0</ele>
    <time>2024-07-02T16:21:02Z</time>
   </trkpt>
   <trkpt lat="52.8205720" lon="-6.8971890">
    <ele>58.0</ele>
    <time>2024-07-02T16:21:03Z</time>
   </trkpt>
   <trkpt lat="52.8205720" lon="-6.8971880">
    <ele>58.0</ele>
    <time>2024-07-02T16:21:04Z</time>
   </trkpt>
   <trkpt lat="52.8205720" lon="-6.8971870">
    <ele>58.0</ele>
    <time>2024-07-02T16:21:05Z</time>
   </trkpt>
   <trkpt lat="52.8205720" lon="-6.8971870">
    <ele>58.0</ele>
    <time>2024-07-02T16:21:06Z</time>
   </trkpt>
   <trkpt lat="52.8205710" lon="-6.8971860">
    <ele>58.0</ele>
    <time>2024-07-02T16:21:07Z</time>
   </trkpt>
   <trkpt lat="52.8205710" lon="-6.8971850">
    <ele>58.0</ele>
    <time>2024-07-02T16:21:08Z</time>
   </trkpt>
   <trkpt lat="52.8205710" lon="-6.8971840">
    <ele>58.0</ele>
    <time>2024-07-02T16:21:09Z</time>
   </trkpt>
   <trkpt lat="52.8205710" lon="-6.8971840">
    <ele>58.0</ele>
    <time>2024-07-02T16:21:10Z</time>
   </trkpt>
   <trkpt lat="52.8205710" lon="-6.8971830">
    <ele>58.0</ele>
    <time>2024-07-02T16:21:11Z</time>
   </trkpt>
   <trkpt lat="52.8205700" lon="-6.8971820">
    <ele>58.0</ele>
    <time>2024-07-02T16:21:12Z</time>
   </trkpt>
   <trkpt lat="52.8205700" lon="-6.8971810">
    <ele>58.0</ele>
    <time>2024-07-02T16:21:13Z</time>
   </trkpt>
   <trkpt lat="52.8205700" lon="-6.8971810">
    <ele>58.0</ele>
    <time>2024-07-02T16:21:14Z</time>
   </trkpt>
   <trkpt lat="52.8205700" lon="-6.8971800">
    <ele>58.0</ele>
    <time>2024-07-02T16:21:15Z</time>
   </trkpt>
   <trkpt lat="52.8205700" lon="-6.8971790">
    <ele>58.0</ele>
    <time>2024-07-02T16:21:16Z</time>
   </trkpt>
   <trkpt lat="52.8205690" lon="-6.8971780">
    <ele>58.0</ele>
    <time>2024-07-02T16:21:17Z</time>
   </trkpt>
   <trkpt lat="52.8205690" lon="-6.8971780">
    <ele>58.0</ele>
    <time>2024-07-02T16:21:18Z</time>
   </trkpt>
   <trkpt lat="52.8205690" lon="-6.8971770">
    <ele>58.0</ele>
    <time>2024-07-02T16:21:19Z</time>
   </trkpt>
   <trkpt lat="52.8205690" lon="-6.8971760">
    <ele>58.0</ele>
    <time>2024-07-02T16:21:20Z</time>
   </trkpt>
   <trkpt lat="52.8205690" lon="-6.8971750">
    <ele>58.0</ele>
    <time>2024-07-02T16:21:21Z</time>
   </trkpt>
   <trkpt lat="52.8205690" lon="-6.8971750">
    <ele>58.0</ele>
    <time>2024-07-02T16:21:22Z</time>
   </trkpt>
   <trkpt lat="52.8205680" lon="-6.8971740">
    <ele>58.0</ele>
    <time>2024-07-02T16:21:23Z</time>
   </trkpt>
   <trkpt lat="52.8205680" lon="-6.8971730">
    <ele>58.0</ele>
    <time>2024-07-02T16:21:24Z</time>
   </trkpt>
   <trkpt lat="52.8205680" lon="-6.8971720">
    <ele>58.0</ele>
    <time>2024-07-02T16:21:25Z</time>
   </trkpt>
   <trkpt lat="52.8205680" lon="-6.8971720">
    <ele>58.0</ele>
    <time>2024-07-02T16:21:26Z</time>
   </trkpt>
   <trkpt lat="52.8205680" lon="-6.8971710">
    <ele>58.0</ele>
    <time>2024-07-02T16:21:27Z</time>
   </trkpt>
   <trkpt lat="52.8205670" lon="-6.8971700">
    <ele>58.0</ele>
    <time>2024-07-02T16:21:28Z</time>
   </trkpt>
   <trkpt lat="52.8205670" lon="-6.8971700">
    <ele>58.0</ele>
    <time>2024-07-02T16:21:29Z</time>
   </trkpt>
   <trkpt lat="52.8205670" lon="-6.8971690">
    <ele>58.0</ele>
    <time>2024-07-02T16:21:30Z</time>
   </trkpt>
   <trkpt lat="52.8205670" lon="-6.8971680">
    <ele>58.0</ele>
    <time>2024-07-02T16:21:31Z</time>
   </trkpt>
   <trkpt lat="52.8205670" lon="-6.8971670">
    <ele>58.0</ele>
    <time>2024-07-02T16:21:32Z</time>
   </trkpt>
   <trkpt lat="52.8205660" lon="-6.8971670">
    <ele>58.0</ele>
    <time>2024-07-02T16:21:33Z</time>
   </trkpt>
   <trkpt lat="52.8205660" lon="-6.8971660">
    <ele>58.0</ele>
    <time>2024-07-02T16:21:34Z</time>
   </trkpt>
   <trkpt lat="52.8205660" lon="-6.8971650">
    <ele>58.0</ele>
    <time>2024-07-02T16:21:35Z</time>
   </trkpt>
   <trkpt lat="52.8205660" lon="-6.8971640">
    <ele>58.0</ele>
    <time>2024-07-02T16:21:36Z</time>
   </trkpt>
   <trkpt lat="52.8205660" lon="-6.8971640">
    <ele>58.0</ele>
    <time>2024-07-02T16:21:37Z</time>
   </trkpt>
   <trkpt lat="52.8205650" lon="-6.8971630">
    <ele>58.0</ele>
    <time>2024-07-02T16:21:38Z</time>
   </trkpt>
   <trkpt lat="52.8205650" lon="-6.8971620">
    <ele>58.0</ele>
    <time>2024-07-02T16:21:39Z</time>
   </trkpt>
   <trkpt lat="52.8205650" lon="-6.8971610">
    <ele>58.0</ele>
    <time>2024-07-02T16:21:40Z</time>
   </trkpt>
   <trkpt lat="52.8205650" lon="-6.8971610">
    <ele>58.0</ele>
    <time>2024-07-02T16:21:41Z</time>
   </trkpt>
   <trkpt lat="52.8205650" lon="-6.8971600">
    <ele>58.0</ele>
    <time>2024-07-02T16:21:42Z</time>
   </trkpt>
   <trkpt lat="52.8205640" lon="-6.8971590">
    <ele>58.0</ele>
    <time>2024-07-02T16:21:43Z</time>
   </trkpt>
   <trkpt lat="52.8205640" lon="-6.8971580">
    <ele>58.0</ele>
    <time>2024-07-02T16:21:44Z</time>
   </trkpt>
   <trkpt lat="52.8205640" lon="-6.8971580">
    <ele>58.0</ele>
    <time>2024-07-02T16:21:45Z</time>
   </trkpt>
   <trkpt lat="52.8205640" lon="-6.8971570">
    <ele>58.0</ele>
    <time>2024-07-02T16:21:46Z</time>
   </trkpt>
   <trkpt lat="52.8205640" lon="-6.8971560">
    <ele>58.0</ele>
    <time>2024-07-02T16:21:47Z</time>
   </trkpt>
   <trkpt lat="52.8205630" lon="-6.8971550">
    <ele>58.0</ele>
    <time>2024-07-02T16:21:48Z</time>
   </trkpt>
   <trkpt lat="52.8205630" lon="-6.8971550">
    <ele>58.0</ele>
    <time>2024-07-02T16:21:49Z</time>
   </trkpt>
   <trkpt lat="52.8205630" lon="-6.8971540">
    <ele>58.0</ele>
    <time>2024-07-02T16:21:50Z</time>
   </trkpt>
   <trkpt lat="52.8205630" lon="-6.8971530">
    <ele>58.0</ele>
    <time>2024-07-02T16:21:51Z</time>
   </trkpt>
   <trkpt lat="52.8205630" lon="-6.8971520">
    <ele>58.0</ele>
    <time>2024-07-02T16:21:52Z</time>
   </trkpt>
   <trkpt lat="52.8205620" lon="-6.8971520">
    <ele>58.0</ele>
    <time>2024-07-02T16:21:53Z</time>
   </trkpt>
   <trkpt lat="52.8205620" lon="-6.8971510">
    <ele>58.0</ele>
    <time>2024-07-02T16:21:54Z</time>
   </trkpt>
   <trkpt lat="52.8205620" lon="-6.8971500">
    <ele>58.0</ele>
    <time>2024-07-02T16:21:55Z</time>
   </trkpt>
   <trkpt lat="52.8205620" lon="-6.8971490">
    <ele>58.0</ele>
    <time>2024-07-02T16:21:56Z</time>
   </trkpt>
   <trkpt lat="52.8205620" lon="-6.8971490">
    <ele>58.0</ele>
    <time>2024-07-02T16:21:57Z</time>
   </trkpt>
   <trkpt lat="52.8205620" lon="-6.8971480">
    <ele>58.0</ele>
    <time>2024-07-02T16:21:58Z</time>
   </trkpt>
   <trkpt lat="52.8205610" lon="-6.8971470">
    <ele>58.0</ele>
    <time>2024-07-02T16:21:59Z</time>
   </trkpt>
   <trkpt lat="52.8205610" lon="-6.8971460">
    <ele>58.0</ele>
    <time>2024-07-02T16:22:00Z</time>
   </trkpt>
   <trkpt lat="52.8205610" lon="-6.8971460">
    <ele>58.0</ele>
    <time>2024-07-02T16:22:01Z</time>
   </trkpt>
   <trkpt lat="52.8205610" lon="-6.8971450">
    <ele>58.0</ele>
    <time>2024-07-02T16:22:02Z</time>
   </trkpt>
   <trkpt lat="52.8205610" lon="-6.8971440">
    <ele>58.0</ele>
    <time>2024-07-02T16:22:03Z</time>
   </trkpt>
   <trkpt lat="52.8205600" lon="-6.8971440">
    <ele>58.0</ele>
    <time>2024-07-02T16:22:04Z</time>
   </trkpt>
   <trkpt lat="52.8205600" lon="-6.8971430">
    <ele>58.0</ele>
    <time>2024-07-02T16:22:05Z</time>
   </trkpt>
   <trkpt lat="52.8205600" lon="-6.8971420">
    <ele>58.0</ele>
    <time>2024-07-02T16:22:06Z</time>
   </trkpt>
   <trkpt lat="52.8205600" lon="-6.8971410">
    <ele>58.0</ele>
    <time>2024-07-02T16:22:07Z</time>
   </trkpt>
   <trkpt lat="52.8205600" lon="-6.8971410">
    <ele>58.0</ele>
    <time>2024-07-02T16:22:08Z</time>
   </trkpt>
   <trkpt lat="52.8205590" lon="-6.8971400">
    <ele>58.0</ele>
    <time>2024-07-02T16:22:09Z</time>
   </trkpt>
   <trkpt lat="52.8205590" lon="-6.8971390">
    <ele>58.0</ele>
    <time>2024-07-02T16:22:10Z</time>
   </trkpt>
   <trkpt lat="52.8205590" lon="-6.8971380">
    <ele>58.0</ele>
    <time>2024-07-02T16:22:11Z</time>
   </trkpt>
   <trkpt lat="52.8205590" lon="-6.8971380">
    <ele>58.0</ele>
    <time>2024-07-02T16:22:12Z</time>
   </trkpt>
   <trkpt lat="52.8205590" lon="-6.8971370">
    <ele>58.0</ele>
    <time>2024-07-02T16:22:13Z</time>
   </trkpt>
   <trkpt lat="52.8205580" lon="-6.8971360">
    <ele>58.0</ele>
    <time>2024-07-02T16:22:14Z</time>
   </trkpt>
   <trkpt lat="52.8205580" lon="-6.8971350">
    <ele>58.0</ele>
    <time>2024-07-02T16:22:15Z</time>
   </trkpt>
   <trkpt lat="52.8205580" lon="-6.8971350">
    <ele>58.0</ele>
    <time>2024-07-02T16:22:16Z</time>
   </trkpt>
   <trkpt lat="52.8205580" lon="-6.8971340">
    <ele>58.0</ele>
    <time>2024-07-02T16:22:17Z</time>
   </trkpt>
   <trkpt lat="52.8205580" lon="-6.8971330">
    <ele>58.0</ele>
    <time>2024-07-02T16:22:18Z</time>
   </trkpt>
   <trkpt lat="52.8205570" lon="-6.8971320">
    <ele>58.0</ele>
    <time>2024-07-02T16:22:19Z</time>
   </trkpt>
   <trkpt lat="52.8205570" lon="-6.8971320">
    <ele>58.0</ele>
    <time>2024-07-02T16:22:20Z</time>
   </trkpt>
   <trkpt lat="52.8205570" lon="-6.8971310">
    <ele>58.0</ele>
    <time>2024-07-02T16:22:21Z</time>
   </trkpt>
   <trkpt lat="52.8205570" lon="-6.8971300">
    <ele>58.0</ele>
    <time>2024-07-02T16:22:22Z</time>
   </trkpt>
   <trkpt lat="52.8205570" lon="-6.8971290">
    <ele>58.0</ele>
    <time>2024-07-02T16:22:23Z</time>
   </trkpt>
   <trkpt lat="52.8205560" lon="-6.8971290">
    <ele>58.0</ele>
    <time>2024-07-02T16:22:24Z</time>
   </trkpt>
   <trkpt lat="52.8205560" lon="-6.8971280">
    <ele>58.0</ele>
    <time>2024-07-02T16:22:25Z</time>
   </trkpt>
   <trkpt lat="52.8205560" lon="-6.8971270">
    <ele>58.0</ele>
    <time>2024-07-02T16:22:26Z</time>
   </trkpt>
   <trkpt lat="52.8205560" lon="-6.8971260">
    <ele>58.0</ele>
    <time>2024-07-02T16:22:27Z</time>
   </trkpt>
   <trkpt lat="52.8205560" lon="-6.8971260">
    <ele>58.0</ele>
    <time>2024-07-02T16:22:28Z</time>
   </trkpt>
   <trkpt lat="52.8205560" lon="-6.8971250">
    <ele>58.0</ele>
    <time>2024-07-02T16:22:29Z</time>
   </trkpt>
   <trkpt lat="52.8205550" lon="-6.8971240">
    <ele>58.0</ele>
    <time>2024-07-02T16:22:30Z</time>
   </trkpt>
   <trkpt lat="52.8205550" lon="-6.8971230">
    <ele>58.0</ele>
    <time>2024-07-02T16:22:31Z</time>
   </trkpt>
   <trkpt lat="52.8205550" lon="-6.8971230">
    <ele>58.0</ele>
    <time>2024-07-02T16:22:32Z</time>
   </trkpt>
   <trkpt lat="52.8205550" lon="-6.8971220">
    <ele>58.0</ele>
    <time>2024-07-02T16:22:33Z</time>
   </trkpt>
   <trkpt lat="52.8205550" lon="-6.8971210">
    <ele>58.0</ele>
    <time>2024-07-02T16:22:34Z</time>
   </trkpt>
   <trkpt lat="52.8205540" lon="-6.8971210">
    <ele>58.0</ele>
    <time>2024-07-02T16:22:35Z</time>
   </trkpt>
   <trkpt lat="52.8205540" lon="-6.8971200">
    <ele>58.0</ele>
    <time>2024-07-02T16:22:36Z</time>
   </trkpt>
   <trkpt lat="52.8205540" lon="-6.8971190">
    <ele>58.0</ele>
    <time>2024-07-02T16:22:37Z</time>
   </trkpt>
   <trkpt lat="52.8205540" lon="-6.8971180">
    <ele>58.0</ele>
    <time>2024-07-02T16:22:38Z</time>
   </trkpt>
   <trkpt lat="52.8205540" lon="-6.8971180">
    <ele>58.0</ele>
    <time>2024-07-02T16:22:39Z</time>
   </trkpt>
   <trkpt lat="52.8205530" lon="-6.8971170">
    <ele>58.0</ele>
    <time>2024-07-02T16:22:40Z</time>
   </trkpt>
   <trkpt lat="52.8205530" lon="-6.8971160">
    <ele>58.0</ele>
    <time>2024-07-02T16:22:41Z</time>
   </trkpt>
   <trkpt lat="52.8205530" lon="-6.8971150">
    <ele>58.0</ele>
    <time>2024-07-02T16:22:42Z</time>
   </trkpt>
   <trkpt lat="52.8205530" lon="-6.8971150">
    <ele>58.0</ele>
    <time>2024-07-02T16:22:43Z</time>
   </trkpt>
   <trkpt lat="52.8205530" lon="-6.8971140">
    <ele>58.0</ele>
    <time>2024-07-02T16:22:44Z</time>
   </trkpt>
   <trkpt lat="52.8205520" lon="-6.8971130">
    <ele>58.0</ele>
    <time>2024-07-02T16:22:45Z</time>
   </trkpt>
   <trkpt lat="52.8205520" lon="-6.8971120">
    <ele>58.0</ele>
    <time>2024-07-02T16:22:46Z</time>
   </trkpt>
   <trkpt lat="52.8205520" lon="-6.8971120">
    <ele>58.0</ele>
    <time>2024-07-02T16:22:47Z</time>
   </trkpt>
   <trkpt lat="52.8205520" lon="-6.8971110">
    <ele>58.0</ele>
    <time>2024-07-02T16:22:48Z</time>
   </trkpt>
   <trkpt lat="52.8205520" lon="-6.8971100">
    <ele>58.0</ele>
    <time>2024-07-02T16:22:49Z</time>
   </trkpt>
   <trkpt lat="52.8205510" lon="-6.8971090">
    <ele>58.0</ele>
    <time>2024-07-02T16:22:50Z</time>
   </trkpt>
   <trkpt lat="52.8205510" lon="-6.8971090">
    <ele>58.0</ele>
    <time>2024-07-02T16:22:51Z</time>
   </trkpt>
   <trkpt lat="52.8205510" lon="-6.8971080">
    <ele>58.0</ele>
    <time>2024-07-02T16:22:52Z</time>
   </trkpt>
   <trkpt lat="52.8205510" lon="-6.8971070">
    <ele>58.0</ele>
    <time>2024-07-02T16:22:53Z</time>
   </trkpt>
   <trkpt lat="52.8205510" lon="-6.8971060">
    <ele>58.0</ele>
    <time>2024-07-02T16:22:54Z</time>
   </trkpt>
   <trkpt lat="52.8205500" lon="-6.8971060">
    <ele>58.0</ele>
    <time>2024-07-02T16:22:55Z</time>
   </trkpt>
   <trkpt lat="52.8205500" lon="-6.8971050">
    <ele>58.0</ele>
    <time>2024-07-02T16:22:56Z</time>
   </trkpt>
   <trkpt lat="52.8205500" lon="-6.8971040">
    <ele>58.0</ele>
    <time>2024-07-02T16:22:57Z</time>
   </trkpt>
   <trkpt lat="52.8205500" lon="-6.8971030">
    <ele>58.0</ele>
    <time>2024-07-02T16:22:58Z</time>
   </trkpt>
   <trkpt lat="52.8205500" lon="-6.8971030">
    <ele>58.0</ele>
    <time>2024-07-02T16:22:59Z</time>
   </trkpt>
   <trkpt lat="52.8205490" lon="-6.8971020">
    <ele>58.0</ele>
    <time>2024-07-02T16:23:00Z</time>
   </trkpt>
   <trkpt lat="52.8205490" lon="-6.8971010">
    <ele>58.0</ele>
    <time>2024-07-02T16:23:01Z</time>
   </trkpt>
   <trkpt lat="52.8205490" lon="-6.8971000">
    <ele>58.0</ele>
    <time>2024-07-02T16:23:02Z</time>
   </trkpt>
   <trkpt lat="52.8205430" lon="-6.8970790">
    <ele>58.0</ele>
    <time>2024-07-02T16:23:03Z</time>
   </trkpt>
   <trkpt lat="52.8205400" lon="-6.8970700">
    <ele>58.0</ele>
    <time>2024-07-02T16:23:04Z</time>
   </trkpt>
   <trkpt lat="52.8205370" lon="-6.8970660">
    <ele>58.0</ele>
    <time>2024-07-02T16:23:05Z</time>
   </trkpt>
   <trkpt lat="52.8205370" lon="-6.8970650">
    <ele>58.0</ele>
    <time>2024-07-02T16:23:06Z</time>
   </trkpt>
   <trkpt lat="52.8205370" lon="-6.8970650">
    <ele>58.0</ele>
    <time>2024-07-02T16:23:07Z</time>
   </trkpt>
   <trkpt lat="52.8205370" lon="-6.8970650">
    <ele>58.0</ele>
    <time>2024-07-02T16:23:08Z</time>
   </trkpt>
   <trkpt lat="52.8205370" lon="-6.8970650">
    <ele>58.0</ele>
    <time>2024-07-02T16:23:09Z</time>
   </trkpt>
   <trkpt lat="52.8205370" lon="-6.8970650">
    <ele>58.0</ele>
    <time>2024-07-02T16:23:10Z</time>
   </trkpt>
   <trkpt lat="52.8205370" lon="-6.8970650">
    <ele>58.0</ele>
    <time>2024-07-02T16:23:11Z</time>
   </trkpt>
   <trkpt lat="52.8205370" lon="-6.8970650">
    <ele>58.0</ele>
    <time>2024-07-02T16:23:12Z</time>
   </trkpt>
   <trkpt lat="52.8205370" lon="-6.8970650">
    <ele>58.0</ele>
    <time>2024-07-02T16:23:13Z</time>
   </trkpt>
   <trkpt lat="52.8205370" lon="-6.8970650">
    <ele>58.0</ele>
    <time>2024-07-02T16:23:14Z</time>
   </trkpt>
   <trkpt lat="52.8205370" lon="-6.8970650">
    <ele>58.0</ele>
    <time>2024-07-02T16:23:15Z</time>
   </trkpt>
   <trkpt lat="52.8205370" lon="-6.8970650">
    <ele>58.0</ele>
    <time>2024-07-02T16:23:16Z</time>
   </trkpt>
   <trkpt lat="52.8205370" lon="-6.8970650">
    <ele>58.0</ele>
    <time>2024-07-02T16:23:17Z</time>
   </trkpt>
   <trkpt lat="52.8205370" lon="-6.8970650">
    <ele>58.0</ele>
    <time>2024-07-02T16:23:18Z</time>
   </trkpt>
   <trkpt lat="52.8205370" lon="-6.8970650">
    <ele>58.0</ele>
    <time>2024-07-02T16:23:19Z</time>
   </trkpt>
   <trkpt lat="52.8205370" lon="-6.8970650">
    <ele>58.0</ele>
    <time>2024-07-02T16:23:20Z</time>
   </trkpt>
   <trkpt lat="52.8205370" lon="-6.8970650">
    <ele>58.0</ele>
    <time>2024-07-02T16:23:21Z</time>
   </trkpt>
   <trkpt lat="52.8205370" lon="-6.8970650">
    <ele>58.0</ele>
    <time>2024-07-02T16:23:22Z</time>
   </trkpt>
   <trkpt lat="52.8205370" lon="-6.8970650">
    <ele>58.0</ele>
    <time>2024-07-02T16:23:23Z</time>
   </trkpt>
   <trkpt lat="52.8205370" lon="-6.8970650">
    <ele>58.0</ele>
    <time>2024-07-02T16:23:24Z</time>
   </trkpt>
   <trkpt lat="52.8205370" lon="-6.8970650">
    <ele>58.0</ele>
    <time>2024-07-02T16:23:25Z</time>
   </trkpt>
   <trkpt lat="52.8205370" lon="-6.8970650">
    <ele>58.0</ele>
    <time>2024-07-02T16:23:26Z</time>
   </trkpt>
   <trkpt lat="52.8205370" lon="-6.8970650">
    <ele>58.0</ele>
    <time>2024-07-02T16:23:27Z</time>
   </trkpt>
   <trkpt lat="52.8205370" lon="-6.8970650">
    <ele>58.0</ele>
    <time>2024-07-02T16:23:28Z</time>
   </trkpt>
   <trkpt lat="52.8205370" lon="-6.8970650">
    <ele>58.0</ele>
    <time>2024-07-02T16:23:29Z</time>
   </trkpt>
   <trkpt lat="52.8205370" lon="-6.8970650">
    <ele>58.0</ele>
    <time>2024-07-02T16:23:30Z</time>
   </trkpt>
   <trkpt lat="52.8205370" lon="-6.8970650">
    <ele>58.0</ele>
    <time>2024-07-02T16:23:31Z</time>
   </trkpt>
   <trkpt lat="52.8205370" lon="-6.8970650">
    <ele>58.0</ele>
    <time>2024-07-02T16:23:32Z</time>
   </trkpt>
   <trkpt lat="52.8205370" lon="-6.8970650">
    <ele>58.0</ele>
    <time>2024-07-02T16:23:33Z</time>
   </trkpt>
   <trkpt lat="52.8205370" lon="-6.8970650">
    <ele>58.0</ele>
    <time>2024-07-02T16:23:34Z</time>
   </trkpt>
   <trkpt lat="52.8205370" lon="-6.8970650">
    <ele>58.0</ele>
    <time>2024-07-02T16:23:35Z</time>
   </trkpt>
   <trkpt lat="52.8205370" lon="-6.8970650">
    <ele>58.0</ele>
    <time>2024-07-02T16:23:36Z</time>
   </trkpt>
   <trkpt lat="52.8205370" lon="-6.8970650">
    <ele>58.0</ele>
    <time>2024-07-02T16:23:37Z</time>
   </trkpt>
   <trkpt lat="52.8205370" lon="-6.8970650">
    <ele>58.0</ele>
    <time>2024-07-02T16:23:38Z</time>
   </trkpt>
   <trkpt lat="52.8205370" lon="-6.8970650">
    <ele>58.0</ele>
    <time>2024-07-02T16:23:39Z</time>
   </trkpt>
   <trkpt lat="52.8205370" lon="-6.8970650">
    <ele>58.0</ele>
    <time>2024-07-02T16:23:40Z</time>
   </trkpt>
   <trkpt lat="52.8205370" lon="-6.8970650">
    <ele>58.0</ele>
    <time>2024-07-02T16:23:41Z</time>
   </trkpt>
   <trkpt lat="52.8205370" lon="-6.8970650">
    <ele>58.0</ele>
    <time>2024-07-02T16:23:42Z</time>
   </trkpt>
   <trkpt lat="52.8205370" lon="-6.8970650">
    <ele>58.0</ele>
    <time>2024-07-02T16:23:43Z</time>
   </trkpt>
   <trkpt lat="52.8205370" lon="-6.8970650">
    <ele>58.0</ele>
    <time>2024-07-02T16:23:44Z</time>
   </trkpt>
   <trkpt lat="52.8205370" lon="-6.8970650">
    <ele>58.0</ele>
    <time>2024-07-02T16:23:45Z</time>
   </trkpt>
   <trkpt lat="52.8205370" lon="-6.8970650">
    <ele>58.0</ele>
    <time>2024-07-02T16:23:46Z</time>
   </trkpt>
   <trkpt lat="52.8205370" lon="-6.8970650">
    <ele>58.0</ele>
    <time>2024-07-02T16:23:47Z</time>
   </trkpt>
   <trkpt lat="52.8205370" lon="-6.8970650">
    <ele>58.0</ele>
    <time>2024-07-02T16:23:48Z</time>
   </trkpt>
   <trkpt lat="52.8205370" lon="-6.8970650">
    <ele>58.0</ele>
    <time>2024-07-02T16:23:49Z</time>
   </trkpt>
   <trkpt lat="52.8205370" lon="-6.8970650">
    <ele>58.0</ele>
    <time>2024-07-02T16:23:50Z</time>
   </trkpt>
   <trkpt lat="52.8205370" lon="-6.8970650">
    <ele>58.0</ele>
    <time>2024-07-02T16:23:51Z</time>
   </trkpt>
   <trkpt lat="52.8205370" lon="-6.8970650">
    <ele>58.0</ele>
    <time>2024-07-02T16:23:52Z</time>
   </trkpt>
   <trkpt lat="52.8205370" lon="-6.8970650">
    <ele>58.0</ele>
    <time>2024-07-02T16:23:53Z</time>
   </trkpt>
   <trkpt lat="52.8205370" lon="-6.8970650">
    <ele>58.0</ele>
    <time>2024-07-02T16:23:54Z</time>
   </trkpt>
   <trkpt lat="52.8205370" lon="-6.8970650">
    <ele>58.0</ele>
    <time>2024-07-02T16:23:55Z</time>
   </trkpt>
   <trkpt lat="52.8205370" lon="-6.8970650">
    <ele>58.0</ele>
    <time>2024-07-02T16:23:56Z</time>
   </trkpt>
   <trkpt lat="52.8205370" lon="-6.8970650">
    <ele>58.0</ele>
    <time>2024-07-02T16:23:57Z</time>
   </trkpt>
   <trkpt lat="52.8205370" lon="-6.8970650">
    <ele>58.0</ele>
    <time>2024-07-02T16:23:58Z</time>
   </trkpt>
   <trkpt lat="52.8205370" lon="-6.8970650">
    <ele>58.0</ele>
    <time>2024-07-02T16:23:59Z</time>
   </trkpt>
   <trkpt lat="52.8205370" lon="-6.8970650">
    <ele>58.0</ele>
    <time>2024-07-02T16:24:00Z</time>
   </trkpt>
   <trkpt lat="52.8205370" lon="-6.8970650">
    <ele>58.0</ele>
    <time>2024-07-02T16:24:01Z</time>
   </trkpt>
   <trkpt lat="52.8205370" lon="-6.8970650">
    <ele>58.0</ele>
    <time>2024-07-02T16:24:02Z</time>
   </trkpt>
   <trkpt lat="52.8205370" lon="-6.8970650">
    <ele>58.0</ele>
    <time>2024-07-02T16:24:03Z</time>
   </trkpt>
   <trkpt lat="52.8205370" lon="-6.8970650">
    <ele>58.0</ele>
    <time>2024-07-02T16:24:04Z</time>
   </trkpt>
   <trkpt lat="52.8205370" lon="-6.8970650">
    <ele>58.0</ele>
    <time>2024-07-02T16:24:05Z</time>
   </trkpt>
   <trkpt lat="52.8205370" lon="-6.8970650">
    <ele>58.0</ele>
    <time>2024-07-02T16:24:06Z</time>
   </trkpt>
   <trkpt lat="52.8205370" lon="-6.8970650">
    <ele>58.0</ele>
    <time>2024-07-02T16:24:07Z</time>
   </trkpt>
   <trkpt lat="52.8205370" lon="-6.8970650">
    <ele>58.0</ele>
    <time>2024-07-02T16:24:08Z</time>
   </trkpt>
   <trkpt lat="52.8205370" lon="-6.8970650">
    <ele>58.0</ele>
    <time>2024-07-02T16:24:09Z</time>
   </trkpt>
   <trkpt lat="52.8205370" lon="-6.8970650">
    <ele>58.0</ele>
    <time>2024-07-02T16:24:10Z</time>
   </trkpt>
   <trkpt lat="52.8205370" lon="-6.8970650">
    <ele>58.0</ele>
    <time>2024-07-02T16:24:11Z</time>
   </trkpt>
   <trkpt lat="52.8205370" lon="-6.8970650">
    <ele>58.0</ele>
    <time>2024-07-02T16:24:12Z</time>
   </trkpt>
   <trkpt lat="52.8205370" lon="-6.8970650">
    <ele>58.0</ele>
    <time>2024-07-02T16:24:13Z</time>
   </trkpt>
   <trkpt lat="52.8205370" lon="-6.8970650">
    <ele>58.0</ele>
    <time>2024-07-02T16:24:14Z</time>
   </trkpt>
  </trkseg>
 </trk>
</gpx>
