<?xml version="1.0" encoding="UTF-8"?>
<gpx xmlns:xsi="http://www.w3.org/2001/XMLSchema-instance" xsi:schemaLocation="http://www.topografix.com/GPX/1/1 http://www.topografix.com/GPX/1/1/gpx.xsd" creator="StravaGPX" version="1.1" xmlns="http://www.topografix.com/GPX/1/1">
 <metadata>
  <time>2024-07-02T16:44:49Z</time>
 </metadata>
 <trk>
  <name>CW2 evening</name>
  <type>ebikeride</type>
  <trkseg>
   <trkpt lat="52.8205910" lon="-6.8971190">
    <ele>58.0</ele>
    <time>2024-07-02T16:44:49Z</time>
   </trkpt>
   <trkpt lat="52.8207130" lon="-6.8970850">
    <ele>58.0</ele>
    <time>2024-07-02T16:44:50Z</time>
   </trkpt>
   <trkpt lat="52.8206700" lon="-6.8970540">
    <ele>58.0</ele>
    <time>2024-07-02T16:44:51Z</time>
   </trkpt>
   <trkpt lat="52.8206500" lon="-6.8970490">
    <ele>58.0</ele>
    <time>2024-07-02T16:44:53Z</time>
   </trkpt>
   <trkpt lat="52.8206390" lon="-6.8970650">
    <ele>58.0</ele>
    <time>2024-07-02T16:44:54Z</time>
   </trkpt>
   <trkpt lat="52.8206290" lon="-6.8970870">
    <ele>58.0</ele>
    <time>2024-07-02T16:44:55Z</time>
   </trkpt>
   <trkpt lat="52.8206260" lon="-6.8970960">
    <ele>58.0</ele>
    <time>2024-07-02T16:44:56Z</time>
   </trkpt>
   <trkpt lat="52.8206270" lon="-6.8971090">
    <ele>58.0</ele>
    <time>2024-07-02T16:44:57Z</time>
   </trkpt>
   <trkpt lat="52.8206270" lon="-6.8971250">
    <ele>58.0</ele>
    <time>2024-07-02T16:44:58Z</time>
   </trkpt>
   <trkpt lat="52.8206310" lon="-6.8971320">
    <ele>58.0</ele>
    <time>2024-07-02T16:44:59Z</time>
   </trkpt>
   <trkpt lat="52.8206360" lon="-6.8971440">
    <ele>58.0</ele>
    <time>2024-07-02T16:45:00Z</time>
   </trkpt>
   <trkpt lat="52.8206280" lon="-6.8971470">
    <ele>58.0</ele>
    <time>2024-07-02T16:45:01Z</time>
   </trkpt>
   <trkpt lat="52.8206210" lon="-6.8971440">
    <ele>58.0</ele>
    <time>2024-07-02T16:45:02Z</time>
   </trkpt>
   <trkpt lat="52.8206090" lon="-6.8971340">
    <ele>58.0</ele>
    <time>2024-07-02T16:45:03Z</time>
   </trkpt>
   <trkpt lat="52.8206010" lon="-6.8971280">
    <ele>58.0</ele>
    <time>2024-07-02T16:45:04Z</time>
   </trkpt>
   <trkpt lat="52.8205920" lon="-6.8971250">
    <ele>58.0</ele>
    <time>2024-07-02T16:45:05Z</time>
   </trkpt>
   <trkpt lat="52.8205920" lon="-6.8971190">
    <ele>58.0</ele>
    <time>2024-07-02T16:45:06Z</time>
   </trkpt>
   <trkpt lat="52.8205920" lon="-6.8971170">
    <ele>58.0</ele>
    <time>2024-07-02T16:45:07Z</time>
   </trkpt>
   <trkpt lat="52.8205900" lon="-6.8971140">
    <ele>58.0</ele>
    <time>2024-07-02T16:45:08Z</time>
   </trkpt>
   <trkpt lat="52.8205870" lon="-6.8971090">
    <ele>58.0</ele>
    <time>2024-07-02T16:45:09Z</time>
   </trkpt>
   <trkpt lat="52.8205840" lon="-6.8971090">
    <ele>58.0</ele>
    <time>2024-07-02T16:45:10Z</time>
   </trkpt>
   <trkpt lat="52.8205790" lon="-6.8971010">
    <ele>58.0</ele>
    <time>2024-07-02T16:45:11Z</time>
   </trkpt>
   <trkpt lat="52.8205730" lon="-6.8971000">
    <ele>58.0</ele>
    <time>2024-07-02T16:45:12Z</time>
   </trkpt>
   <trkpt lat="52.8205620" lon="-6.8970970">
    <ele>58.0</ele>
    <time>2024-07-02T16:45:13Z</time>
   </trkpt>
   <trkpt lat="52.8205570" lon="-6.8970980">
    <ele>58.0</ele>
    <time>2024-07-02T16:45:14Z</time>
   </trkpt>
   <trkpt lat="52.8205490" lon="-6.8970980">
    <ele>58.0</ele>
    <time>2024-07-02T16:45:15Z</time>
   </trkpt>
   <trkpt lat="52.8205510" lon="-6.8970990">
    <ele>58.0</ele>
    <time>2024-07-02T16:45:16Z</time>
   </trkpt>
   <trkpt lat="52.8205550" lon="-6.8971050">
    <ele>58.0</ele>
    <time>2024-07-02T16:45:17Z</time>
   </trkpt>
   <trkpt lat="52.8205560" lon="-6.8971070">
    <ele>58.0</ele>
    <time>2024-07-02T16:45:18Z</time>
   </trkpt>
   <trkpt lat="52.8205580" lon="-6.8971110">
    <ele>58.0</ele>
    <time>2024-07-02T16:45:19Z</time>
   </trkpt>
   <trkpt lat="52.8205600" lon="-6.8971180">
    <ele>58.0</ele>
    <time>2024-07-02T16:45:20Z</time>
   </trkpt>
   <trkpt lat="52.8205560" lon="-6.8971210">
    <ele>58.0</ele>
    <time>2024-07-02T16:45:21Z</time>
   </trkpt>
   <trkpt lat="52.8205550" lon="-6.8971260">
    <ele>58.0</ele>
    <time>2024-07-02T16:45:22Z</time>
   </trkpt>
   <trkpt lat="52.8205550" lon="-6.8971280">
    <ele>58.0</ele>
    <time>2024-07-02T16:45:23Z</time>
   </trkpt>
   <trkpt lat="52.8205550" lon="-6.8971280">
    <ele>58.0</ele>
    <time>2024-07-02T16:45:24Z</time>
   </trkpt>
   <trkpt lat="52.8205550" lon="-6.8971280">
    <ele>58.0</ele>
    <time>2024-07-02T16:45:25Z</time>
   </trkpt>
   <trkpt lat="52.8205550" lon="-6.8971280">
    <ele>58.0</ele>
    <time>2024-07-02T16:45:26Z</time>
   </trkpt>
   <trkpt lat="52.8205460" lon="-6.8971470">
    <ele>58.0</ele>
    <time>2024-07-02T16:45:27Z</time>
   </trkpt>
   <trkpt lat="52.8205250" lon="-6.8971950">
    <ele>58.0</ele>
    <time>2024-07-02T16:45:28Z</time>
   </trkpt>
   <trkpt lat="52.8205160" lon="-6.8972150">
    <ele>58.0</ele>
    <time>2024-07-02T16:45:29Z</time>
   </trkpt>
   <trkpt lat="52.8204990" lon="-6.8972610">
    <ele>58.0</ele>
    <time>2024-07-02T16:45:30Z</time>
   </trkpt>
   <trkpt lat="52.8204840" lon="-6.8973220">
    <ele>58.1</ele>
    <time>2024-07-02T16:45:31Z</time>
   </trkpt>
   <trkpt lat="52.8204690" lon="-6.8974030">
    <ele>58.1</ele>
    <time>2024-07-02T16:45:32Z</time>
   </trkpt>
   <trkpt lat="52.8204540" lon="-6.8975070">
    <ele>58.1</ele>
    <time>2024-07-02T16:45:33Z</time>
   </trkpt>
   <trkpt lat="52.8204490" lon="-6.8976070">
    <ele>58.2</ele>
    <time>2024-07-02T16:45:34Z</time>
   </trkpt>
   <trkpt lat="52.8204390" lon="-6.8976920">
    <ele>58.1</ele>
    <time>2024-07-02T16:45:35Z</time>
   </trkpt>
   <trkpt lat="52.8204290" lon="-6.8977720">
    <ele>58.1</ele>
    <time>2024-07-02T16:45:36Z</time>
   </trkpt>
   <trkpt lat="52.8204260" lon="-6.8978410">
    <ele>58.0</ele>
    <time>2024-07-02T16:45:37Z</time>
   </trkpt>
   <trkpt lat="52.8204270" lon="-6.8979100">
    <ele>57.9</ele>
    <time>2024-07-02T16:45:38Z</time>
   </trkpt>
   <trkpt lat="52.8204250" lon="-6.8979700">
    <ele>57.9</ele>
    <time>2024-07-02T16:45:39Z</time>
   </trkpt>
   <trkpt lat="52.8204230" lon="-6.8980190">
    <ele>57.9</ele>
    <time>2024-07-02T16:45:40Z</time>
   </trkpt>
   <trkpt lat="52.8204220" lon="-6.8980650">
    <ele>57.8</ele>
    <time>2024-07-02T16:45:41Z</time>
   </trkpt>
   <trkpt lat="52.8204180" lon="-6.8980780">
    <ele>57.8</ele>
    <time>2024-07-02T16:45:42Z</time>
   </trkpt>
   <trkpt lat="52.8204050" lon="-6.8980920">
    <ele>57.8</ele>
    <time>2024-07-02T16:45:43Z</time>
   </trkpt>
   <trkpt lat="52.8204060" lon="-6.8981010">
    <ele>57.8</ele>
    <time>2024-07-02T16:45:44Z</time>
   </trkpt>
   <trkpt lat="52.8204020" lon="-6.8981200">
    <ele>57.8</ele>
    <time>2024-07-02T16:45:45Z</time>
   </trkpt>
   <trkpt lat="52.8203930" lon="-6.8981310">
    <ele>57.7</ele>
    <time>2024-07-02T16:45:46Z</time>
   </trkpt>
   <trkpt lat="52.8203870" lon="-6.8981420">
    <ele>57.7</ele>
    <time>2024-07-02T16:45:47Z</time>
   </trkpt>
   <trkpt lat="52.8203850" lon="-6.8981660">
    <ele>57.7</ele>
    <time>2024-07-02T16:45:48Z</time>
   </trkpt>
   <trkpt lat="52.8203880" lon="-6.8981790">
    <ele>57.7</ele>
    <time>2024-07-02T16:45:49Z</time>
   </trkpt>
   <trkpt lat="52.8203930" lon="-6.8981970">
    <ele>57.7</ele>
    <time>2024-07-02T16:45:50Z</time>
   </trkpt>
   <trkpt lat="52.8203940" lon="-6.8981990">
    <ele>57.7</ele>
    <time>2024-07-02T16:45:51Z</time>
   </trkpt>
   <trkpt lat="52.8203980" lon="-6.8981970">
    <ele>57.7</ele>
    <time>2024-07-02T16:45:52Z</time>
   </trkpt>
   <trkpt lat="52.8203980" lon="-6.8981950">
    <ele>57.7</ele>
    <time>2024-07-02T16:45:53Z</time>
   </trkpt>
   <trkpt lat="52.8203980" lon="-6.8981950">
    <ele>57.7</ele>
    <time>2024-07-02T16:45:54Z</time>
   </trkpt>
   <trkpt lat="52.8203980" lon="-6.8981950">
    <ele>57.7</ele>
    <time>2024-07-02T16:45:55Z</time>
   </trkpt>
   <trkpt lat="52.8203980" lon="-6.8981950">
    <ele>57.7</ele>
    <time>2024-07-02T16:45:56Z</time>
   </trkpt>
   <trkpt lat="52.8203980" lon="-6.8981950">
    <ele>57.7</ele>
    <time>2024-07-02T16:45:57Z</time>
   </trkpt>
   <trkpt lat="52.8203980" lon="-6.8981950">
    <ele>57.7</ele>
    <time>2024-07-02T16:45:58Z</time>
   </trkpt>
   <trkpt lat="52.8203980" lon="-6.8981950">
    <ele>57.7</ele>
    <time>2024-07-02T16:45:59Z</time>
   </trkpt>
   <trkpt lat="52.8203980" lon="-6.8981950">
    <ele>57.7</ele>
    <time>2024-07-02T16:46:00Z</time>
   </trkpt>
   <trkpt lat="52.8203620" lon="-6.8981360">
    <ele>57.6</ele>
    <time>2024-07-02T16:46:01Z</time>
   </trkpt>
   <trkpt lat="52.8203420" lon="-6.8981600">
    <ele>57.5</ele>
    <time>2024-07-02T16:46:02Z</time>
   </trkpt>
   <trkpt lat="52.8203350" lon="-6.8981800">
    <ele>57.5</ele>
    <time>2024-07-02T16:46:03Z</time>
   </trkpt>
   <trkpt lat="52.8203280" lon="-6.8982000">
    <ele>57.5</ele>
    <time>2024-07-02T16:46:04Z</time>
   </trkpt>
   <trkpt lat="52.8203100" lon="-6.8982530">
    <ele>57.4</ele>
    <time>2024-07-02T16:46:05Z</time>
   </trkpt>
   <trkpt lat="52.8202890" lon="-6.8983090">
    <ele>57.4</ele>
    <time>2024-07-02T16:46:06Z</time>
   </trkpt>
   <trkpt lat="52.8202700" lon="-6.8983890">
    <ele>57.5</ele>
    <time>2024-07-02T16:46:07Z</time>
   </trkpt>
   <trkpt lat="52.8202640" lon="-6.8984680">
    <ele>57.5</ele>
    <time>2024-07-02T16:46:08Z</time>
   </trkpt>
   <trkpt lat="52.8202660" lon="-6.8985560">
    <ele>57.6</ele>
    <time>2024-07-02T16:46:09Z</time>
   </trkpt>
   <trkpt lat="52.8202900" lon="-6.8986440">
    <ele>57.6</ele>
    <time>2024-07-02T16:46:10Z</time>
   </trkpt>
   <trkpt lat="52.8203220" lon="-6.8987110">
    <ele>57.6</ele>
    <time>2024-07-02T16:46:11Z</time>
   </trkpt>
   <trkpt lat="52.8203720" lon="-6.8987580">
    <ele>57.7</ele>
    <time>2024-07-02T16:46:12Z</time>
   </trkpt>
   <trkpt lat="52.8204330" lon="-6.8987680">
    <ele>57.7</ele>
    <time>2024-07-02T16:46:13Z</time>
   </trkpt>
   <trkpt lat="52.8205040" lon="-6.8987580">
    <ele>57.6</ele>
    <time>2024-07-02T16:46:14Z</time>
   </trkpt>
   <trkpt lat="52.8205710" lon="-6.8987210">
    <ele>57.5</ele>
    <time>2024-07-02T16:46:15Z</time>
   </trkpt>
   <trkpt lat="52.8206530" lon="-6.8986960">
    <ele>57.5</ele>
    <time>2024-07-02T16:46:16Z</time>
   </trkpt>
   <trkpt lat="52.8207410" lon="-6.8986670">
    <ele>57.4</ele>
    <time>2024-07-02T16:46:17Z</time>
   </trkpt>
   <trkpt lat="52.8208300" lon="-6.8986550">
    <ele>57.3</ele>
    <time>2024-07-02T16:46:18Z</time>
   </trkpt>
   <trkpt lat="52.8209270" lon="-6.8986810">
    <ele>57.2</ele>
    <time>2024-07-02T16:46:19Z</time>
   </trkpt>
   <trkpt lat="52.8210320" lon="-6.8986980">
    <ele>57.2</ele>
    <time>2024-07-02T16:46:20Z</time>
   </trkpt>
   <trkpt lat="52.8211350" lon="-6.8987180">
    <ele>57.2</ele>
    <time>2024-07-02T16:46:21Z</time>
   </trkpt>
   <trkpt lat="52.8212310" lon="-6.8987260">
    <ele>57.1</ele>
    <time>2024-07-02T16:46:22Z</time>
   </trkpt>
   <trkpt lat="52.8213310" lon="-6.8987280">
    <ele>57.1</ele>
    <time>2024-07-02T16:46:23Z</time>
   </trkpt>
   <trkpt lat="52.8214430" lon="-6.8987220">
    <ele>57.0</ele>
    <time>2024-07-02T16:46:24Z</time>
   </trkpt>
   <trkpt lat="52.8215590" lon="-6.8987140">
    <ele>57.0</ele>
    <time>2024-07-02T16:46:25Z</time>
   </trkpt>
   <trkpt lat="52.8216800" lon="-6.8986990">
    <ele>56.9</ele>
    <time>2024-07-02T16:46:26Z</time>
   </trkpt>
   <trkpt lat="52.8218020" lon="-6.8986740">
    <ele>56.9</ele>
    <time>2024-07-02T16:46:27Z</time>
   </trkpt>
   <trkpt lat="52.8219240" lon="-6.8986590">
    <ele>56.8</ele>
    <time>2024-07-02T16:46:28Z</time>
   </trkpt>
   <trkpt lat="52.8220430" lon="-6.8986350">
    <ele>56.7</ele>
    <time>2024-07-02T16:46:29Z</time>
   </trkpt>
   <trkpt lat="52.8221650" lon="-6.8986090">
    <ele>56.6</ele>
    <time>2024-07-02T16:46:30Z</time>
   </trkpt>
   <trkpt lat="52.8222880" lon="-6.8985850">
    <ele>56.6</ele>
    <time>2024-07-02T16:46:31Z</time>
   </trkpt>
   <trkpt lat="52.8224100" lon="-6.8985490">
    <ele>56.5</ele>
    <time>2024-07-02T16:46:32Z</time>
   </trkpt>
   <trkpt lat="52.8225380" lon="-6.8985080">
    <ele>56.4</ele>
    <time>2024-07-02T16:46:33Z</time>
   </trkpt>
   <trkpt lat="52.8226660" lon="-6.8984650">
    <ele>56.4</ele>
    <time>2024-07-02T16:46:34Z</time>
   </trkpt>
   <trkpt lat="52.8227930" lon="-6.8984130">
    <ele>56.3</ele>
    <time>2024-07-02T16:46:35Z</time>
   </trkpt>
   <trkpt lat="52.8229210" lon="-6.8983580">
    <ele>56.3</ele>
    <time>2024-07-02T16:46:36Z</time>
   </trkpt>
   <trkpt lat="52.8230560" lon="-6.8983280">
    <ele>56.2</ele>
    <time>2024-07-02T16:46:37Z</time>
   </trkpt>
   <trkpt lat="52.8231820" lon="-6.8982950">
    <ele>56.2</ele>
    <time>2024-07-02T16:46:38Z</time>
   </trkpt>
   <trkpt lat="52.8233100" lon="-6.8982700">
    <ele>56.2</ele>
    <time>2024-07-02T16:46:39Z</time>
   </trkpt>
   <trkpt lat="52.8234360" lon="-6.8982420">
    <ele>56.2</ele>
    <time>2024-07-02T16:46:40Z</time>
   </trkpt>
   <trkpt lat="52.8235630" lon="-6.8982030">
    <ele>56.2</ele>
    <time>2024-07-02T16:46:41Z</time>
   </trkpt>
   <trkpt lat="52.8236860" lon="-6.8981750">
    <ele>56.2</ele>
    <time>2024-07-02T16:46:42Z</time>
   </trkpt>
   <trkpt lat="52.8238100" lon="-6.8981530">
    <ele>56.2</ele>
    <time>2024-07-02T16:46:43Z</time>
   </trkpt>
   <trkpt lat="52.8239320" lon="-6.8981400">
    <ele>56.3</ele>
    <time>2024-07-02T16:46:44Z</time>
   </trkpt>
   <trkpt lat="52.8240510" lon="-6.8981280">
    <ele>56.3</ele>
    <time>2024-07-02T16:46:45Z</time>
   </trkpt>
   <trkpt lat="52.8241750" lon="-6.8981090">
    <ele>56.4</ele>
    <time>2024-07-02T16:46:46Z</time>
   </trkpt>
   <trkpt lat="52.8242970" lon="-6.8980940">
    <ele>56.4</ele>
    <time>2024-07-02T16:46:47Z</time>
   </trkpt>
   <trkpt lat="52.8244170" lon="-6.8980800">
    <ele>56.4</ele>
    <time>2024-07-02T16:46:48Z</time>
   </trkpt>
   <trkpt lat="52.8245320" lon="-6.8980790">
    <ele>56.3</ele>
    <time>2024-07-02T16:46:49Z</time>
   </trkpt>
   <trkpt lat="52.8246520" lon="-6.8980790">
    <ele>56.3</ele>
    <time>2024-07-02T16:46:50Z</time>
   </trkpt>
   <trkpt lat="52.8247640" lon="-6.8980920">
    <ele>56.3</ele>
    <time>2024-07-02T16:46:51Z</time>
   </trkpt>
   <trkpt lat="52.8248740" lon="-6.8981050">
    <ele>56.3</ele>
    <time>2024-07-02T16:46:52Z</time>
   </trkpt>
   <trkpt lat="52.8249880" lon="-6.8981160">
    <ele>56.4</ele>
    <time>2024-07-02T16:46:53Z</time>
   </trkpt>
   <trkpt lat="52.8250950" lon="-6.8981200">
    <ele>56.7</ele>
    <time>2024-07-02T16:46:54Z</time>
   </trkpt>
   <trkpt lat="52.8252090" lon="-6.8981390">
    <ele>57.1</ele>
    <time>2024-07-02T16:46:55Z</time>
   </trkpt>
   <trkpt lat="52.8253170" lon="-6.8981530">
    <ele>57.5</ele>
    <time>2024-07-02T16:46:56Z</time>
   </trkpt>
   <trkpt lat="52.8254210" lon="-6.8981650">
    <ele>57.9</ele>
    <time>2024-07-02T16:46:57Z</time>
   </trkpt>
   <trkpt lat="52.8255360" lon="-6.8981830">
    <ele>58.3</ele>
    <time>2024-07-02T16:46:58Z</time>
   </trkpt>
   <trkpt lat="52.8256570" lon="-6.8981980">
    <ele>58.6</ele>
    <time>2024-07-02T16:46:59Z</time>
   </trkpt>
   <trkpt lat="52.8257680" lon="-6.8982200">
    <ele>59.0</ele>
    <time>2024-07-02T16:47:00Z</time>
   </trkpt>
   <trkpt lat="52.8258820" lon="-6.8982520">
    <ele>59.3</ele>
    <time>2024-07-02T16:47:01Z</time>
   </trkpt>
   <trkpt lat="52.8259910" lon="-6.8982850">
    <ele>59.7</ele>
    <time>2024-07-02T16:47:02Z</time>
   </trkpt>
   <trkpt lat="52.8260980" lon="-6.8983190">
    <ele>60.0</ele>
    <time>2024-07-02T16:47:03Z</time>
   </trkpt>
   <trkpt lat="52.8261970" lon="-6.8983560">
    <ele>60.3</ele>
    <time>2024-07-02T16:47:04Z</time>
   </trkpt>
   <trkpt lat="52.8262860" lon="-6.8983830">
    <ele>60.6</ele>
    <time>2024-07-02T16:47:05Z</time>
   </trkpt>
   <trkpt lat="52.8263690" lon="-6.8984060">
    <ele>60.8</ele>
    <time>2024-07-02T16:47:06Z</time>
   </trkpt>
   <trkpt lat="52.8264520" lon="-6.8984100">
    <ele>60.9</ele>
    <time>2024-07-02T16:47:07Z</time>
   </trkpt>
   <trkpt lat="52.8265220" lon="-6.8984070">
    <ele>61.0</ele>
    <time>2024-07-02T16:47:08Z</time>
   </trkpt>
   <trkpt lat="52.8265910" lon="-6.8983960">
    <ele>61.1</ele>
    <time>2024-07-02T16:47:09Z</time>
   </trkpt>
   <trkpt lat="52.8266480" lon="-6.8983880">
    <ele>61.1</ele>
    <time>2024-07-02T16:47:10Z</time>
   </trkpt>
   <trkpt lat="52.8266930" lon="-6.8983820">
    <ele>61.2</ele>
    <time>2024-07-02T16:47:11Z</time>
   </trkpt>
   <trkpt lat="52.8267230" lon="-6.8983760">
    <ele>61.2</ele>
    <time>2024-07-02T16:47:12Z</time>
   </trkpt>
   <trkpt lat="52.8267410" lon="-6.8983730">
    <ele>61.3</ele>
    <time>2024-07-02T16:47:13Z</time>
   </trkpt>
   <trkpt lat="52.8267540" lon="-6.8983760">
    <ele>61.3</ele>
    <time>2024-07-02T16:47:14Z</time>
   </trkpt>
   <trkpt lat="52.8267680" lon="-6.8983750">
    <ele>61.3</ele>
    <time>2024-07-02T16:47:15Z</time>
   </trkpt>
   <trkpt lat="52.8267730" lon="-6.8983740">
    <ele>61.3</ele>
    <time>2024-07-02T16:47:16Z</time>
   </trkpt>
   <trkpt lat="52.8267780" lon="-6.8983730">
    <ele>61.3</ele>
    <time>2024-07-02T16:47:17Z</time>
   </trkpt>
   <trkpt lat="52.8267830" lon="-6.8983720">
    <ele>61.3</ele>
    <time>2024-07-02T16:47:18Z</time>
   </trkpt>
   <trkpt lat="52.8267870" lon="-6.8983720">
    <ele>61.3</ele>
    <time>2024-07-02T16:47:19Z</time>
   </trkpt>
   <trkpt lat="52.8267920" lon="-6.8983710">
    <ele>61.3</ele>
    <time>2024-07-02T16:47:20Z</time>
   </trkpt>
   <trkpt lat="52.8267970" lon="-6.8983700">
    <ele>61.3</ele>
    <time>2024-07-02T16:47:21Z</time>
   </trkpt>
   <trkpt lat="52.8268020" lon="-6.8983690">
    <ele>61.3</ele>
    <time>2024-07-02T16:47:22Z</time>
   </trkpt>
   <trkpt lat="52.8268420" lon="-6.8983860">
    <ele>61.4</ele>
    <time>2024-07-02T16:47:23Z</time>
   </trkpt>
   <trkpt lat="52.8268900" lon="-6.8984120">
    <ele>61.5</ele>
    <time>2024-07-02T16:47:24Z</time>
   </trkpt>
   <trkpt lat="52.8269430" lon="-6.8984470">
    <ele>61.5</ele>
    <time>2024-07-02T16:47:25Z</time>
   </trkpt>
   <trkpt lat="52.8270000" lon="-6.8984600">
    <ele>61.6</ele>
    <time>2024-07-02T16:47:26Z</time>
   </trkpt>
   <trkpt lat="52.8270600" lon="-6.8984730">
    <ele>61.6</ele>
    <time>2024-07-02T16:47:27Z</time>
   </trkpt>
   <trkpt lat="52.8271190" lon="-6.8984810">
    <ele>61.7</ele>
    <time>2024-07-02T16:47:28Z</time>
   </trkpt>
   <trkpt lat="52.8271700" lon="-6.8984960">
    <ele>61.7</ele>
    <time>2024-07-02T16:47:29Z</time>
   </trkpt>
   <trkpt lat="52.8272140" lon="-6.8985070">
    <ele>61.7</ele>
    <time>2024-07-02T16:47:30Z</time>
   </trkpt>
   <trkpt lat="52.8272490" lon="-6.8985240">
    <ele>61.8</ele>
    <time>2024-07-02T16:47:31Z</time>
   </trkpt>
   <trkpt lat="52.8272890" lon="-6.8985470">
    <ele>61.8</ele>
    <time>2024-07-02T16:47:32Z</time>
   </trkpt>
   <trkpt lat="52.8273300" lon="-6.8985720">
    <ele>61.8</ele>
    <time>2024-07-02T16:47:33Z</time>
   </trkpt>
   <trkpt lat="52.8273750" lon="-6.8986130">
    <ele>61.8</ele>
    <time>2024-07-02T16:47:34Z</time>
   </trkpt>
   <trkpt lat="52.8274250" lon="-6.8986610">
    <ele>61.8</ele>
    <time>2024-07-02T16:47:35Z</time>
   </trkpt>
   <trkpt lat="52.8274790" lon="-6.8987240">
    <ele>61.8</ele>
    <time>2024-07-02T16:47:36Z</time>
   </trkpt>
   <trkpt lat="52.8275280" lon="-6.8987910">
    <ele>61.8</ele>
    <time>2024-07-02T16:47:37Z</time>
   </trkpt>
   <trkpt lat="52.8275770" lon="-6.8988820">
    <ele>61.8</ele>
    <time>2024-07-02T16:47:38Z</time>
   </trkpt>
   <trkpt lat="52.8276260" lon="-6.8989820">
    <ele>61.8</ele>
    <time>2024-07-02T16:47:39Z</time>
   </trkpt>
   <trkpt lat="52.8276770" lon="-6.8990990">
    <ele>61.7</ele>
    <time>2024-07-02T16:47:40Z</time>
   </trkpt>
   <trkpt lat="52.8277280" lon="-6.8992190">
    <ele>61.7</ele>
    <time>2024-07-02T16:47:41Z</time>
   </trkpt>
   <trkpt lat="52.8277690" lon="-6.8993470">
    <ele>61.7</ele>
    <time>2024-07-02T16:47:42Z</time>
   </trkpt>
   <trkpt lat="52.8278170" lon="-6.8994750">
    <ele>61.7</ele>
    <time>2024-07-02T16:47:43Z</time>
   </trkpt>
   <trkpt lat="52.8278620" lon="-6.8996090">
    <ele>61.7</ele>
    <time>2024-07-02T16:47:44Z</time>
   </trkpt>
   <trkpt lat="52.8279090" lon="-6.8997420">
    <ele>61.7</ele>
    <time>2024-07-02T16:47:45Z</time>
   </trkpt>
   <trkpt lat="52.8279580" lon="-6.8998650">
    <ele>61.7</ele>
    <time>2024-07-02T16:47:46Z</time>
   </trkpt>
   <trkpt lat="52.8280100" lon="-6.8999980">
    <ele>61.7</ele>
    <time>2024-07-02T16:47:47Z</time>
   </trkpt>
   <trkpt lat="52.8280650" lon="-6.9001280">
    <ele>61.7</ele>
    <time>2024-07-02T16:47:48Z</time>
   </trkpt>
   <trkpt lat="52.8281290" lon="-6.9002600">
    <ele>61.7</ele>
    <time>2024-07-02T16:47:49Z</time>
   </trkpt>
   <trkpt lat="52.8281950" lon="-6.9003990">
    <ele>61.6</ele>
    <time>2024-07-02T16:47:50Z</time>
   </trkpt>
   <trkpt lat="52.8282540" lon="-6.9005290">
    <ele>61.6</ele>
    <time>2024-07-02T16:47:51Z</time>
   </trkpt>
   <trkpt lat="52.8283200" lon="-6.9006550">
    <ele>61.6</ele>
    <time>2024-07-02T16:47:52Z</time>
   </trkpt>
   <trkpt lat="52.8283870" lon="-6.9007760">
    <ele>61.6</ele>
    <time>2024-07-02T16:47:53Z</time>
   </trkpt>
   <trkpt lat="52.8284540" lon="-6.9008990">
    <ele>61.7</ele>
    <time>2024-07-02T16:47:54Z</time>
   </trkpt>
   <trkpt lat="52.8285230" lon="-6.9010220">
    <ele>61.7</ele>
    <time>2024-07-02T16:47:55Z</time>
   </trkpt>
   <trkpt lat="52.8285890" lon="-6.9011480">
    <ele>61.7</ele>
    <time>2024-07-02T16:47:56Z</time>
   </trkpt>
   <trkpt lat="52.8286640" lon="-6.9012670">
    <ele>61.8</ele>
    <time>2024-07-02T16:47:57Z</time>
   </trkpt>
   <trkpt lat="52.8287310" lon="-6.9013850">
    <ele>61.8</ele>
    <time>2024-07-02T16:47:58Z</time>
   </trkpt>
   <trkpt lat="52.8288020" lon="-6.9015040">
    <ele>61.9</ele>
    <time>2024-07-02T16:47:59Z</time>
   </trkpt>
   <trkpt lat="52.8288740" lon="-6.9016310">
    <ele>62.0</ele>
    <time>2024-07-02T16:48:00Z</time>
   </trkpt>
   <trkpt lat="52.8289450" lon="-6.9017550">
    <ele>62.1</ele>
    <time>2024-07-02T16:48:01Z</time>
   </trkpt>
   <trkpt lat="52.8290190" lon="-6.9018750">
    <ele>62.2</ele>
    <time>2024-07-02T16:48:02Z</time>
   </trkpt>
   <trkpt lat="52.8290950" lon="-6.9019860">
    <ele>62.3</ele>
    <time>2024-07-02T16:48:03Z</time>
   </trkpt>
   <trkpt lat="52.8291680" lon="-6.9020920">
    <ele>62.5</ele>
    <time>2024-07-02T16:48:04Z</time>
   </trkpt>
   <trkpt lat="52.8292410" lon="-6.9022030">
    <ele>62.6</ele>
    <time>2024-07-02T16:48:05Z</time>
   </trkpt>
   <trkpt lat="52.8293120" lon="-6.9023180">
    <ele>62.7</ele>
    <time>2024-07-02T16:48:06Z</time>
   </trkpt>
   <trkpt lat="52.8293850" lon="-6.9024300">
    <ele>62.9</ele>
    <time>2024-07-02T16:48:07Z</time>
   </trkpt>
   <trkpt lat="52.8294580" lon="-6.9025400">
    <ele>63.0</ele>
    <time>2024-07-02T16:48:08Z</time>
   </trkpt>
   <trkpt lat="52.8295310" lon="-6.9026480">
    <ele>63.2</ele>
    <time>2024-07-02T16:48:09Z</time>
   </trkpt>
   <trkpt lat="52.8296020" lon="-6.9027590">
    <ele>63.3</ele>
    <time>2024-07-02T16:48:10Z</time>
   </trkpt>
   <trkpt lat="52.8296710" lon="-6.9028740">
    <ele>63.5</ele>
    <time>2024-07-02T16:48:11Z</time>
   </trkpt>
   <trkpt lat="52.8297410" lon="-6.9029870">
    <ele>63.7</ele>
    <time>2024-07-02T16:48:12Z</time>
   </trkpt>
   <trkpt lat="52.8298120" lon="-6.9030990">
    <ele>63.9</ele>
    <time>2024-07-02T16:48:13Z</time>
   </trkpt>
   <trkpt lat="52.8298800" lon="-6.9032150">
    <ele>64.0</ele>
    <time>2024-07-02T16:48:14Z</time>
   </trkpt>
   <trkpt lat="52.8299410" lon="-6.9033390">
    <ele>64.2</ele>
    <time>2024-07-02T16:48:15Z</time>
   </trkpt>
   <trkpt lat="52.8300060" lon="-6.9034540">
    <ele>64.4</ele>
    <time>2024-07-02T16:48:16Z</time>
   </trkpt>
   <trkpt lat="52.8300660" lon="-6.9035680">
    <ele>64.6</ele>
    <time>2024-07-02T16:48:17Z</time>
   </trkpt>
   <trkpt lat="52.8301280" lon="-6.9036900">
    <ele>64.8</ele>
    <time>2024-07-02T16:48:18Z</time>
   </trkpt>
   <trkpt lat="52.8301850" lon="-6.9038040">
    <ele>65.0</ele>
    <time>2024-07-02T16:48:19Z</time>
   </trkpt>
   <trkpt lat="52.8302410" lon="-6.9039170">
    <ele>65.1</ele>
    <time>2024-07-02T16:48:20Z</time>
   </trkpt>
   <trkpt lat="52.8302980" lon="-6.9040250">
    <ele>65.3</ele>
    <time>2024-07-02T16:48:21Z</time>
   </trkpt>
   <trkpt lat="52.8303470" lon="-6.9041350">
    <ele>65.5</ele>
    <time>2024-07-02T16:48:22Z</time>
   </trkpt>
   <trkpt lat="52.8303960" lon="-6.9042580">
    <ele>65.6</ele>
    <time>2024-07-02T16:48:23Z</time>
   </trkpt>
   <trkpt lat="52.8304400" lon="-6.9043750">
    <ele>65.8</ele>
    <time>2024-07-02T16:48:24Z</time>
   </trkpt>
   <trkpt lat="52.8304830" lon="-6.9044950">
    <ele>65.9</ele>
    <time>2024-07-02T16:48:25Z</time>
   </trkpt>
   <trkpt lat="52.8305270" lon="-6.9046170">
    <ele>66.0</ele>
    <time>2024-07-02T16:48:26Z</time>
   </trkpt>
   <trkpt lat="52.8305700" lon="-6.9047420">
    <ele>66.1</ele>
    <time>2024-07-02T16:48:27Z</time>
   </trkpt>
   <trkpt lat="52.8306030" lon="-6.9048630">
    <ele>66.2</ele>
    <time>2024-07-02T16:48:28Z</time>
   </trkpt>
   <trkpt lat="52.8306420" lon="-6.9049800">
    <ele>66.2</ele>
    <time>2024-07-02T16:48:29Z</time>
   </trkpt>
   <trkpt lat="52.8306710" lon="-6.9051130">
    <ele>66.2</ele>
    <time>2024-07-02T16:48:30Z</time>
   </trkpt>
   <trkpt lat="52.8307020" lon="-6.9052420">
    <ele>66.3</ele>
    <time>2024-07-02T16:48:31Z</time>
   </trkpt>
   <trkpt lat="52.8307330" lon="-6.9053770">
    <ele>66.2</ele>
    <time>2024-07-02T16:48:32Z</time>
   </trkpt>
   <trkpt lat="52.8307710" lon="-6.9055150">
    <ele>66.1</ele>
    <time>2024-07-02T16:48:33Z</time>
   </trkpt>
   <trkpt lat="52.8308020" lon="-6.9056440">
    <ele>66.1</ele>
    <time>2024-07-02T16:48:34Z</time>
   </trkpt>
   <trkpt lat="52.8308330" lon="-6.9057600">
    <ele>66.0</ele>
    <time>2024-07-02T16:48:35Z</time>
   </trkpt>
   <trkpt lat="52.8308590" lon="-6.9058760">
    <ele>65.8</ele>
    <time>2024-07-02T16:48:36Z</time>
   </trkpt>
   <trkpt lat="52.8308970" lon="-6.9059970">
    <ele>65.7</ele>
    <time>2024-07-02T16:48:37Z</time>
   </trkpt>
   <trkpt lat="52.8309320" lon="-6.9061180">
    <ele>65.5</ele>
    <time>2024-07-02T16:48:38Z</time>
   </trkpt>
   <trkpt lat="52.8309700" lon="-6.9062450">
    <ele>65.3</ele>
    <time>2024-07-02T16:48:39Z</time>
   </trkpt>
   <trkpt lat="52.8310090" lon="-6.9063690">
    <ele>65.1</ele>
    <time>2024-07-02T16:48:40Z</time>
   </trkpt>
   <trkpt lat="52.8310540" lon="-6.9064960">
    <ele>64.9</ele>
    <time>2024-07-02T16:48:41Z</time>
   </trkpt>
   <trkpt lat="52.8310990" lon="-6.9066220">
    <ele>64.7</ele>
    <time>2024-07-02T16:48:42Z</time>
   </trkpt>
   <trkpt lat="52.8311390" lon="-6.9067410">
    <ele>64.4</ele>
    <time>2024-07-02T16:48:43Z</time>
   </trkpt>
   <trkpt lat="52.8311770" lon="-6.9068550">
    <ele>64.2</ele>
    <time>2024-07-02T16:48:44Z</time>
   </trkpt>
   <trkpt lat="52.8312240" lon="-6.9069750">
    <ele>64.0</ele>
    <time>2024-07-02T16:48:45Z</time>
   </trkpt>
   <trkpt lat="52.8312830" lon="-6.9071100">
    <ele>63.6</ele>
    <time>2024-07-02T16:48:46Z</time>
   </trkpt>
   <trkpt lat="52.8313360" lon="-6.9072480">
    <ele>63.3</ele>
    <time>2024-07-02T16:48:47Z</time>
   </trkpt>
   <trkpt lat="52.8313860" lon="-6.9073800">
    <ele>63.0</ele>
    <time>2024-07-02T16:48:48Z</time>
   </trkpt>
   <trkpt lat="52.8314390" lon="-6.9075100">
    <ele>62.6</ele>
    <time>2024-07-02T16:48:49Z</time>
   </trkpt>
   <trkpt lat="52.8314940" lon="-6.9076340">
    <ele>62.3</ele>
    <time>2024-07-02T16:48:50Z</time>
   </trkpt>
   <trkpt lat="52.8315460" lon="-6.9077650">
    <ele>62.0</ele>
    <time>2024-07-02T16:48:51Z</time>
   </trkpt>
   <trkpt lat="52.8315950" lon="-6.9078950">
    <ele>61.8</ele>
    <time>2024-07-02T16:48:52Z</time>
   </trkpt>
   <trkpt lat="52.8316450" lon="-6.9080230">
    <ele>61.6</ele>
    <time>2024-07-02T16:48:53Z</time>
   </trkpt>
   <trkpt lat="52.8316960" lon="-6.9081410">
    <ele>61.4</ele>
    <time>2024-07-02T16:48:54Z</time>
   </trkpt>
   <trkpt lat="52.8317460" lon="-6.9082630">
    <ele>61.1</ele>
    <time>2024-07-02T16:48:55Z</time>
   </trkpt>
   <trkpt lat="52.8317980" lon="-6.9083820">
    <ele>60.9</ele>
    <time>2024-07-02T16:48:56Z</time>
   </trkpt>
   <trkpt lat="52.8318480" lon="-6.9085080">
    <ele>60.7</ele>
    <time>2024-07-02T16:48:57Z</time>
   </trkpt>
   <trkpt lat="52.8318920" lon="-6.9086360">
    <ele>60.6</ele>
    <time>2024-07-02T16:48:58Z</time>
   </trkpt>
   <trkpt lat="52.8319370" lon="-6.9087570">
    <ele>60.4</ele>
    <time>2024-07-02T16:48:59Z</time>
   </trkpt>
   <trkpt lat="52.8319890" lon="-6.9088680">
    <ele>60.3</ele>
    <time>2024-07-02T16:49:00Z</time>
   </trkpt>
   <trkpt lat="52.8320380" lon="-6.9089780">
    <ele>60.1</ele>
    <time>2024-07-02T16:49:01Z</time>
   </trkpt>
   <trkpt lat="52.8320840" lon="-6.9090920">
    <ele>60.0</ele>
    <time>2024-07-02T16:49:02Z</time>
   </trkpt>
   <trkpt lat="52.8321270" lon="-6.9092050">
    <ele>59.8</ele>
    <time>2024-07-02T16:49:03Z</time>
   </trkpt>
   <trkpt lat="52.8321730" lon="-6.9093250">
    <ele>59.7</ele>
    <time>2024-07-02T16:49:04Z</time>
   </trkpt>
   <trkpt lat="52.8322240" lon="-6.9094420">
    <ele>59.6</ele>
    <time>2024-07-02T16:49:05Z</time>
   </trkpt>
   <trkpt lat="52.8322770" lon="-6.9095590">
    <ele>59.5</ele>
    <time>2024-07-02T16:49:06Z</time>
   </trkpt>
   <trkpt lat="52.8323300" lon="-6.9096640">
    <ele>59.3</ele>
    <time>2024-07-02T16:49:07Z</time>
   </trkpt>
   <trkpt lat="52.8323770" lon="-6.9097620">
    <ele>59.2</ele>
    <time>2024-07-02T16:49:08Z</time>
   </trkpt>
   <trkpt lat="52.8324260" lon="-6.9098500">
    <ele>59.1</ele>
    <time>2024-07-02T16:49:09Z</time>
   </trkpt>
   <trkpt lat="52.8324750" lon="-6.9099470">
    <ele>59.0</ele>
    <time>2024-07-02T16:49:10Z</time>
   </trkpt>
   <trkpt lat="52.8325200" lon="-6.9100420">
    <ele>58.9</ele>
    <time>2024-07-02T16:49:11Z</time>
   </trkpt>
   <trkpt lat="52.8325650" lon="-6.9101430">
    <ele>58.8</ele>
    <time>2024-07-02T16:49:12Z</time>
   </trkpt>
   <trkpt lat="52.8326120" lon="-6.9102380">
    <ele>58.7</ele>
    <time>2024-07-02T16:49:13Z</time>
   </trkpt>
   <trkpt lat="52.8326610" lon="-6.9103350">
    <ele>58.6</ele>
    <time>2024-07-02T16:49:14Z</time>
   </trkpt>
   <trkpt lat="52.8327080" lon="-6.9104230">
    <ele>58.5</ele>
    <time>2024-07-02T16:49:15Z</time>
   </trkpt>
   <trkpt lat="52.8327550" lon="-6.9105140">
    <ele>58.5</ele>
    <time>2024-07-02T16:49:16Z</time>
   </trkpt>
   <trkpt lat="52.8328000" lon="-6.9106050">
    <ele>58.4</ele>
    <time>2024-07-02T16:49:17Z</time>
   </trkpt>
   <trkpt lat="52.8328480" lon="-6.9106950">
    <ele>58.3</ele>
    <time>2024-07-02T16:49:18Z</time>
   </trkpt>
   <trkpt lat="52.8328920" lon="-6.9107850">
    <ele>58.3</ele>
    <time>2024-07-02T16:49:19Z</time>
   </trkpt>
   <trkpt lat="52.8329310" lon="-6.9108730">
    <ele>58.2</ele>
    <time>2024-07-02T16:49:20Z</time>
   </trkpt>
   <trkpt lat="52.8329660" lon="-6.9109480">
    <ele>58.2</ele>
    <time>2024-07-02T16:49:21Z</time>
   </trkpt>
   <trkpt lat="52.8329960" lon="-6.9110100">
    <ele>58.1</ele>
    <time>2024-07-02T16:49:22Z</time>
   </trkpt>
   <trkpt lat="52.8330150" lon="-6.9110560">
    <ele>58.1</ele>
    <time>2024-07-02T16:49:23Z</time>
   </trkpt>
   <trkpt lat="52.8330290" lon="-6.9110850">
    <ele>58.1</ele>
    <time>2024-07-02T16:49:24Z</time>
   </trkpt>
   <trkpt lat="52.8330370" lon="-6.9111010">
    <ele>58.0</ele>
    <time>2024-07-02T16:49:25Z</time>
   </trkpt>
   <trkpt lat="52.8330440" lon="-6.9111180">
    <ele>58.0</ele>
    <time>2024-07-02T16:49:26Z</time>
   </trkpt>
   <trkpt lat="52.8330610" lon="-6.9111430">
    <ele>58.0</ele>
    <time>2024-07-02T16:49:27Z</time>
   </trkpt>
   <trkpt lat="52.8330850" lon="-6.9111810">
    <ele>58.0</ele>
    <time>2024-07-02T16:49:28Z</time>
   </trkpt>
   <trkpt lat="52.8331110" lon="-6.9112340">
    <ele>57.9</ele>
    <time>2024-07-02T16:49:29Z</time>
   </trkpt>
   <trkpt lat="52.8331490" lon="-6.9113030">
    <ele>57.8</ele>
    <time>2024-07-02T16:49:30Z</time>
   </trkpt>
   <trkpt lat="52.8331890" lon="-6.9113870">
    <ele>57.7</ele>
    <time>2024-07-02T16:49:31Z</time>
   </trkpt>
   <trkpt lat="52.8332300" lon="-6.9114720">
    <ele>57.6</ele>
    <time>2024-07-02T16:49:32Z</time>
   </trkpt>
   <trkpt lat="52.8332740" lon="-6.9115520">
    <ele>57.5</ele>
    <time>2024-07-02T16:49:33Z</time>
   </trkpt>
   <trkpt lat="52.8333120" lon="-6.9116320">
    <ele>57.5</ele>
    <time>2024-07-02T16:49:34Z</time>
   </trkpt>
   <trkpt lat="52.8333490" lon="-6.9116960">
    <ele>57.4</ele>
    <time>2024-07-02T16:49:35Z</time>
   </trkpt>
   <trkpt lat="52.8333840" lon="-6.9117570">
    <ele>57.4</ele>
    <time>2024-07-02T16:49:36Z</time>
   </trkpt>
   <trkpt lat="52.8334150" lon="-6.9118120">
    <ele>57.4</ele>
    <time>2024-07-02T16:49:37Z</time>
   </trkpt>
   <trkpt lat="52.8334420" lon="-6.9118570">
    <ele>57.3</ele>
    <time>2024-07-02T16:49:38Z</time>
   </trkpt>
   <trkpt lat="52.8334700" lon="-6.9118900">
    <ele>57.3</ele>
    <time>2024-07-02T16:49:39Z</time>
   </trkpt>
   <trkpt lat="52.8334930" lon="-6.9119260">
    <ele>57.3</ele>
    <time>2024-07-02T16:49:40Z</time>
   </trkpt>
   <trkpt lat="52.8335190" lon="-6.9119660">
    <ele>57.3</ele>
    <time>2024-07-02T16:49:41Z</time>
   </trkpt>
   <trkpt lat="52.8335430" lon="-6.9120060">
    <ele>57.2</ele>
    <time>2024-07-02T16:49:42Z</time>
   </trkpt>
   <trkpt lat="52.8335650" lon="-6.9120510">
    <ele>57.1</ele>
    <time>2024-07-02T16:49:43Z</time>
   </trkpt>
   <trkpt lat="52.8335860" lon="-6.9120890">
    <ele>57.1</ele>
    <time>2024-07-02T16:49:44Z</time>
   </trkpt>
   <trkpt lat="52.8336070" lon="-6.9121280">
    <ele>57.0</ele>
    <time>2024-07-02T16:49:45Z</time>
   </trkpt>
   <trkpt lat="52.8336270" lon="-6.9121700">
    <ele>57.0</ele>
    <time>2024-07-02T16:49:46Z</time>
   </trkpt>
   <trkpt lat="52.8336440" lon="-6.9122130">
    <ele>56.9</ele>
    <time>2024-07-02T16:49:47Z</time>
   </trkpt>
   <trkpt lat="52.8336660" lon="-6.9122570">
    <ele>56.8</ele>
    <time>2024-07-02T16:49:48Z</time>
   </trkpt>
   <trkpt lat="52.8336800" lon="-6.9123000">
    <ele>56.8</ele>
    <time>2024-07-02T16:49:49Z</time>
   </trkpt>
   <trkpt lat="52.8336890" lon="-6.9123470">
    <ele>56.7</ele>
    <time>2024-07-02T16:49:50Z</time>
   </trkpt>
   <trkpt lat="52.8336910" lon="-6.9124100">
    <ele>56.7</ele>
    <time>2024-07-02T16:49:51Z</time>
   </trkpt>
   <trkpt lat="52.8336810" lon="-6.9124730">
    <ele>56.7</ele>
    <time>2024-07-02T16:49:52Z</time>
   </trkpt>
   <trkpt lat="52.8336560" lon="-6.9125370">
    <ele>56.7</ele>
    <time>2024-07-02T16:49:53Z</time>
   </trkpt>
   <trkpt lat="52.8336130" lon="-6.9126000">
    <ele>56.6</ele>
    <time>2024-07-02T16:49:54Z</time>
   </trkpt>
   <trkpt lat="52.8335560" lon="-6.9126670">
    <ele>56.5</ele>
    <time>2024-07-02T16:49:55Z</time>
   </trkpt>
   <trkpt lat="52.8334910" lon="-6.9127360">
    <ele>56.4</ele>
    <time>2024-07-02T16:49:56Z</time>
   </trkpt>
   <trkpt lat="52.8334250" lon="-6.9128080">
    <ele>56.3</ele>
    <time>2024-07-02T16:49:57Z</time>
   </trkpt>
   <trkpt lat="52.8333610" lon="-6.9128890">
    <ele>56.3</ele>
    <time>2024-07-02T16:49:58Z</time>
   </trkpt>
   <trkpt lat="52.8332920" lon="-6.9129660">
    <ele>56.2</ele>
    <time>2024-07-02T16:49:59Z</time>
   </trkpt>
   <trkpt lat="52.8332220" lon="-6.9130400">
    <ele>56.1</ele>
    <time>2024-07-02T16:50:00Z</time>
   </trkpt>
   <trkpt lat="52.8331490" lon="-6.9131210">
    <ele>56.0</ele>
    <time>2024-07-02T16:50:01Z</time>
   </trkpt>
   <trkpt lat="52.8330790" lon="-6.9132040">
    <ele>55.9</ele>
    <time>2024-07-02T16:50:02Z</time>
   </trkpt>
   <trkpt lat="52.8330040" lon="-6.9132860">
    <ele>55.9</ele>
    <time>2024-07-02T16:50:03Z</time>
   </trkpt>
   <trkpt lat="52.8329280" lon="-6.9133640">
    <ele>55.8</ele>
    <time>2024-07-02T16:50:04Z</time>
   </trkpt>
   <trkpt lat="52.8328570" lon="-6.9134440">
    <ele>55.7</ele>
    <time>2024-07-02T16:50:05Z</time>
   </trkpt>
   <trkpt lat="52.8327830" lon="-6.9135170">
    <ele>55.6</ele>
    <time>2024-07-02T16:50:06Z</time>
   </trkpt>
   <trkpt lat="52.8327110" lon="-6.9135980">
    <ele>55.5</ele>
    <time>2024-07-02T16:50:07Z</time>
   </trkpt>
   <trkpt lat="52.8326290" lon="-6.9136730">
    <ele>55.4</ele>
    <time>2024-07-02T16:50:08Z</time>
   </trkpt>
   <trkpt lat="52.8325570" lon="-6.9137440">
    <ele>55.3</ele>
    <time>2024-07-02T16:50:09Z</time>
   </trkpt>
   <trkpt lat="52.8324830" lon="-6.9138270">
    <ele>55.3</ele>
    <time>2024-07-02T16:50:10Z</time>
   </trkpt>
   <trkpt lat="52.8324110" lon="-6.9139040">
    <ele>55.2</ele>
    <time>2024-07-02T16:50:11Z</time>
   </trkpt>
   <trkpt lat="52.8323380" lon="-6.9139790">
    <ele>55.1</ele>
    <time>2024-07-02T16:50:12Z</time>
   </trkpt>
   <trkpt lat="52.8322670" lon="-6.9140510">
    <ele>55.1</ele>
    <time>2024-07-02T16:50:13Z</time>
   </trkpt>
   <trkpt lat="52.8322030" lon="-6.9141120">
    <ele>55.0</ele>
    <time>2024-07-02T16:50:14Z</time>
   </trkpt>
   <trkpt lat="52.8321460" lon="-6.9141590">
    <ele>55.0</ele>
    <time>2024-07-02T16:50:15Z</time>
   </trkpt>
   <trkpt lat="52.8320980" lon="-6.9142150">
    <ele>54.9</ele>
    <time>2024-07-02T16:50:16Z</time>
   </trkpt>
   <trkpt lat="52.8320580" lon="-6.9142610">
    <ele>54.9</ele>
    <time>2024-07-02T16:50:17Z</time>
   </trkpt>
   <trkpt lat="52.8320210" lon="-6.9142880">
    <ele>54.9</ele>
    <time>2024-07-02T16:50:18Z</time>
   </trkpt>
   <trkpt lat="52.8319890" lon="-6.9143050">
    <ele>54.8</ele>
    <time>2024-07-02T16:50:19Z</time>
   </trkpt>
   <trkpt lat="52.8319590" lon="-6.9142990">
    <ele>54.8</ele>
    <time>2024-07-02T16:50:20Z</time>
   </trkpt>
   <trkpt lat="52.8319300" lon="-6.9142810">
    <ele>54.8</ele>
    <time>2024-07-02T16:50:21Z</time>
   </trkpt>
   <trkpt lat="52.8319030" lon="-6.9142460">
    <ele>54.8</ele>
    <time>2024-07-02T16:50:22Z</time>
   </trkpt>
   <trkpt lat="52.8318760" lon="-6.9141970">
    <ele>54.8</ele>
    <time>2024-07-02T16:50:23Z</time>
   </trkpt>
   <trkpt lat="52.8318540" lon="-6.9141310">
    <ele>54.9</ele>
    <time>2024-07-02T16:50:24Z</time>
   </trkpt>
   <trkpt lat="52.8318310" lon="-6.9140530">
    <ele>55.0</ele>
    <time>2024-07-02T16:50:25Z</time>
   </trkpt>
   <trkpt lat="52.8318060" lon="-6.9139770">
    <ele>55.1</ele>
    <time>2024-07-02T16:50:26Z</time>
   </trkpt>
   <trkpt lat="52.8317730" lon="-6.9138970">
    <ele>55.1</ele>
    <time>2024-07-02T16:50:27Z</time>
   </trkpt>
   <trkpt lat="52.8317420" lon="-6.9138130">
    <ele>55.2</ele>
    <time>2024-07-02T16:50:28Z</time>
   </trkpt>
   <trkpt lat="52.8317040" lon="-6.9137360">
    <ele>55.3</ele>
    <time>2024-07-02T16:50:29Z</time>
   </trkpt>
   <trkpt lat="52.8316680" lon="-6.9136630">
    <ele>55.4</ele>
    <time>2024-07-02T16:50:30Z</time>
   </trkpt>
   <trkpt lat="52.8316390" lon="-6.9135970">
    <ele>55.4</ele>
    <time>2024-07-02T16:50:31Z</time>
   </trkpt>
   <trkpt lat="52.8316180" lon="-6.9135250">
    <ele>55.5</ele>
    <time>2024-07-02T16:50:32Z</time>
   </trkpt>
   <trkpt lat="52.8315900" lon="-6.9134590">
    <ele>55.6</ele>
    <time>2024-07-02T16:50:33Z</time>
   </trkpt>
   <trkpt lat="52.8315630" lon="-6.9133960">
    <ele>55.7</ele>
    <time>2024-07-02T16:50:34Z</time>
   </trkpt>
   <trkpt lat="52.8315380" lon="-6.9133400">
    <ele>55.8</ele>
    <time>2024-07-02T16:50:35Z</time>
   </trkpt>
   <trkpt lat="52.8315180" lon="-6.9132910">
    <ele>55.8</ele>
    <time>2024-07-02T16:50:36Z</time>
   </trkpt>
   <trkpt lat="52.8315020" lon="-6.9132460">
    <ele>55.9</ele>
    <time>2024-07-02T16:50:37Z</time>
   </trkpt>
   <trkpt lat="52.8314830" lon="-6.9132100">
    <ele>55.9</ele>
    <time>2024-07-02T16:50:38Z</time>
   </trkpt>
   <trkpt lat="52.8314650" lon="-6.9131760">
    <ele>56.0</ele>
    <time>2024-07-02T16:50:39Z</time>
   </trkpt>
   <trkpt lat="52.8314420" lon="-6.9131410">
    <ele>56.0</ele>
    <time>2024-07-02T16:50:40Z</time>
   </trkpt>
   <trkpt lat="52.8314170" lon="-6.9130970">
    <ele>56.1</ele>
    <time>2024-07-02T16:50:41Z</time>
   </trkpt>
   <trkpt lat="52.8313820" lon="-6.9130410">
    <ele>56.2</ele>
    <time>2024-07-02T16:50:42Z</time>
   </trkpt>
   <trkpt lat="52.8313360" lon="-6.9129740">
    <ele>56.2</ele>
    <time>2024-07-02T16:50:43Z</time>
   </trkpt>
   <trkpt lat="52.8312860" lon="-6.9129010">
    <ele>56.3</ele>
    <time>2024-07-02T16:50:44Z</time>
   </trkpt>
   <trkpt lat="52.8312280" lon="-6.9128270">
    <ele>56.4</ele>
    <time>2024-07-02T16:50:45Z</time>
   </trkpt>
   <trkpt lat="52.8311660" lon="-6.9127550">
    <ele>56.4</ele>
    <time>2024-07-02T16:50:46Z</time>
   </trkpt>
   <trkpt lat="52.8311100" lon="-6.9126890">
    <ele>56.4</ele>
    <time>2024-07-02T16:50:47Z</time>
   </trkpt>
   <trkpt lat="52.8310550" lon="-6.9126380">
    <ele>56.4</ele>
    <time>2024-07-02T16:50:48Z</time>
   </trkpt>
   <trkpt lat="52.8310030" lon="-6.9125870">
    <ele>56.5</ele>
    <time>2024-07-02T16:50:49Z</time>
   </trkpt>
   <trkpt lat="52.8309590" lon="-6.9125470">
    <ele>56.5</ele>
    <time>2024-07-02T16:50:50Z</time>
   </trkpt>
   <trkpt lat="52.8309150" lon="-6.9125140">
    <ele>56.5</ele>
    <time>2024-07-02T16:50:51Z</time>
   </trkpt>
   <trkpt lat="52.8308750" lon="-6.9124930">
    <ele>56.6</ele>
    <time>2024-07-02T16:50:52Z</time>
   </trkpt>
   <trkpt lat="52.8308410" lon="-6.9124670">
    <ele>56.6</ele>
    <time>2024-07-02T16:50:53Z</time>
   </trkpt>
   <trkpt lat="52.8308100" lon="-6.9124470">
    <ele>56.6</ele>
    <time>2024-07-02T16:50:54Z</time>
   </trkpt>
   <trkpt lat="52.8308030" lon="-6.9124420">
    <ele>56.6</ele>
    <time>2024-07-02T16:50:55Z</time>
   </trkpt>
   <trkpt lat="52.8308000" lon="-6.9124330">
    <ele>56.6</ele>
    <time>2024-07-02T16:50:56Z</time>
   </trkpt>
   <trkpt lat="52.8307990" lon="-6.9124320">
    <ele>56.6</ele>
    <time>2024-07-02T16:50:57Z</time>
   </trkpt>
   <trkpt lat="52.8307980" lon="-6.9124310">
    <ele>56.6</ele>
    <time>2024-07-02T16:50:58Z</time>
   </trkpt>
   <trkpt lat="52.8307960" lon="-6.9124300">
    <ele>56.6</ele>
    <time>2024-07-02T16:50:59Z</time>
   </trkpt>
   <trkpt lat="52.8307950" lon="-6.9124300">
    <ele>56.6</ele>
    <time>2024-07-02T16:51:00Z</time>
   </trkpt>
   <trkpt lat="52.8307940" lon="-6.9124290">
    <ele>56.6</ele>
    <time>2024-07-02T16:51:01Z</time>
   </trkpt>
   <trkpt lat="52.8307930" lon="-6.9124280">
    <ele>56.6</ele>
    <time>2024-07-02T16:51:02Z</time>
   </trkpt>
   <trkpt lat="52.8307920" lon="-6.9124270">
    <ele>56.6</ele>
    <time>2024-07-02T16:51:03Z</time>
   </trkpt>
   <trkpt lat="52.8307900" lon="-6.9124260">
    <ele>56.6</ele>
    <time>2024-07-02T16:51:04Z</time>
   </trkpt>
   <trkpt lat="52.8307890" lon="-6.9124260">
    <ele>56.6</ele>
    <time>2024-07-02T16:51:05Z</time>
   </trkpt>
   <trkpt lat="52.8307880" lon="-6.9124250">
    <ele>56.6</ele>
    <time>2024-07-02T16:51:06Z</time>
   </trkpt>
   <trkpt lat="52.8307870" lon="-6.9124240">
    <ele>56.6</ele>
    <time>2024-07-02T16:51:07Z</time>
   </trkpt>
   <trkpt lat="52.8307850" lon="-6.9124230">
    <ele>56.6</ele>
    <time>2024-07-02T16:51:08Z</time>
   </trkpt>
   <trkpt lat="52.8307840" lon="-6.9124220">
    <ele>56.6</ele>
    <time>2024-07-02T16:51:09Z</time>
   </trkpt>
   <trkpt lat="52.8307830" lon="-6.9124220">
    <ele>56.6</ele>
    <time>2024-07-02T16:51:10Z</time>
   </trkpt>
   <trkpt lat="52.8307820" lon="-6.9124210">
    <ele>56.6</ele>
    <time>2024-07-02T16:51:11Z</time>
   </trkpt>
   <trkpt lat="52.8307810" lon="-6.9124200">
    <ele>56.6</ele>
    <time>2024-07-02T16:51:12Z</time>
   </trkpt>
   <trkpt lat="52.8307790" lon="-6.9124190">
    <ele>56.6</ele>
    <time>2024-07-02T16:51:13Z</time>
   </trkpt>
   <trkpt lat="52.8307780" lon="-6.9124190">
    <ele>56.6</ele>
    <time>2024-07-02T16:51:14Z</time>
   </trkpt>
   <trkpt lat="52.8307770" lon="-6.9124180">
    <ele>56.6</ele>
    <time>2024-07-02T16:51:15Z</time>
   </trkpt>
   <trkpt lat="52.8307760" lon="-6.9124170">
    <ele>56.6</ele>
    <time>2024-07-02T16:51:16Z</time>
   </trkpt>
   <trkpt lat="52.8307740" lon="-6.9124160">
    <ele>56.6</ele>
    <time>2024-07-02T16:51:17Z</time>
   </trkpt>
   <trkpt lat="52.8307730" lon="-6.9124150">
    <ele>56.6</ele>
    <time>2024-07-02T16:51:18Z</time>
   </trkpt>
   <trkpt lat="52.8307720" lon="-6.9124150">
    <ele>56.6</ele>
    <time>2024-07-02T16:51:19Z</time>
   </trkpt>
   <trkpt lat="52.8307710" lon="-6.9124140">
    <ele>56.6</ele>
    <time>2024-07-02T16:51:20Z</time>
   </trkpt>
   <trkpt lat="52.8307700" lon="-6.9124130">
    <ele>56.6</ele>
    <time>2024-07-02T16:51:21Z</time>
   </trkpt>
   <trkpt lat="52.8307680" lon="-6.9124120">
    <ele>56.6</ele>
    <time>2024-07-02T16:51:22Z</time>
   </trkpt>
   <trkpt lat="52.8307670" lon="-6.9124120">
    <ele>56.6</ele>
    <time>2024-07-02T16:51:23Z</time>
   </trkpt>
   <trkpt lat="52.8307660" lon="-6.9124110">
    <ele>56.6</ele>
    <time>2024-07-02T16:51:24Z</time>
   </trkpt>
   <trkpt lat="52.8307650" lon="-6.9124100">
    <ele>56.6</ele>
    <time>2024-07-02T16:51:25Z</time>
   </trkpt>
   <trkpt lat="52.8307630" lon="-6.9124090">
    <ele>56.6</ele>
    <time>2024-07-02T16:51:26Z</time>
   </trkpt>
   <trkpt lat="52.8307620" lon="-6.9124080">
    <ele>56.6</ele>
    <time>2024-07-02T16:51:27Z</time>
   </trkpt>
   <trkpt lat="52.8307610" lon="-6.9124080">
    <ele>56.6</ele>
    <time>2024-07-02T16:51:28Z</time>
   </trkpt>
   <trkpt lat="52.8307600" lon="-6.9124070">
    <ele>56.6</ele>
    <time>2024-07-02T16:51:29Z</time>
   </trkpt>
   <trkpt lat="52.8307580" lon="-6.9124060">
    <ele>56.6</ele>
    <time>2024-07-02T16:51:30Z</time>
   </trkpt>
   <trkpt lat="52.8307570" lon="-6.9124050">
    <ele>56.6</ele>
    <time>2024-07-02T16:51:31Z</time>
   </trkpt>
   <trkpt lat="52.8307560" lon="-6.9124050">
    <ele>56.6</ele>
    <time>2024-07-02T16:51:32Z</time>
   </trkpt>
   <trkpt lat="52.8307550" lon="-6.9124040">
    <ele>56.6</ele>
    <time>2024-07-02T16:51:33Z</time>
   </trkpt>
   <trkpt lat="52.8307040" lon="-6.9123890">
    <ele>56.6</ele>
    <time>2024-07-02T16:51:34Z</time>
   </trkpt>
   <trkpt lat="52.8306520" lon="-6.9123820">
    <ele>56.6</ele>
    <time>2024-07-02T16:51:35Z</time>
   </trkpt>
   <trkpt lat="52.8306050" lon="-6.9123860">
    <ele>56.6</ele>
    <time>2024-07-02T16:51:36Z</time>
   </trkpt>
   <trkpt lat="52.8305580" lon="-6.9123990">
    <ele>56.5</ele>
    <time>2024-07-02T16:51:37Z</time>
   </trkpt>
   <trkpt lat="52.8305170" lon="-6.9124100">
    <ele>56.5</ele>
    <time>2024-07-02T16:51:38Z</time>
   </trkpt>
   <trkpt lat="52.8304760" lon="-6.9124310">
    <ele>56.5</ele>
    <time>2024-07-02T16:51:39Z</time>
   </trkpt>
   <trkpt lat="52.8304430" lon="-6.9124410">
    <ele>56.5</ele>
    <time>2024-07-02T16:51:40Z</time>
   </trkpt>
   <trkpt lat="52.8304090" lon="-6.9124540">
    <ele>56.5</ele>
    <time>2024-07-02T16:51:41Z</time>
   </trkpt>
   <trkpt lat="52.8303800" lon="-6.9124630">
    <ele>56.5</ele>
    <time>2024-07-02T16:51:42Z</time>
   </trkpt>
   <trkpt lat="52.8303510" lon="-6.9124790">
    <ele>56.5</ele>
    <time>2024-07-02T16:51:43Z</time>
   </trkpt>
   <trkpt lat="52.8303190" lon="-6.9125010">
    <ele>56.5</ele>
    <time>2024-07-02T16:51:44Z</time>
   </trkpt>
   <trkpt lat="52.8302790" lon="-6.9125330">
    <ele>56.5</ele>
    <time>2024-07-02T16:51:45Z</time>
   </trkpt>
   <trkpt lat="52.8302360" lon="-6.9125750">
    <ele>56.5</ele>
    <time>2024-07-02T16:51:46Z</time>
   </trkpt>
   <trkpt lat="52.8301920" lon="-6.9126180">
    <ele>56.5</ele>
    <time>2024-07-02T16:51:47Z</time>
   </trkpt>
   <trkpt lat="52.8301410" lon="-6.9126500">
    <ele>56.5</ele>
    <time>2024-07-02T16:51:48Z</time>
   </trkpt>
   <trkpt lat="52.8300870" lon="-6.9126920">
    <ele>56.5</ele>
    <time>2024-07-02T16:51:49Z</time>
   </trkpt>
   <trkpt lat="52.8300340" lon="-6.9127530">
    <ele>56.5</ele>
    <time>2024-07-02T16:51:50Z</time>
   </trkpt>
   <trkpt lat="52.8299830" lon="-6.9128240">
    <ele>56.5</ele>
    <time>2024-07-02T16:51:51Z</time>
   </trkpt>
   <trkpt lat="52.8299400" lon="-6.9128970">
    <ele>56.5</ele>
    <time>2024-07-02T16:51:52Z</time>
   </trkpt>
   <trkpt lat="52.8299080" lon="-6.9129720">
    <ele>56.4</ele>
    <time>2024-07-02T16:51:53Z</time>
   </trkpt>
   <trkpt lat="52.8298820" lon="-6.9130500">
    <ele>56.4</ele>
    <time>2024-07-02T16:51:54Z</time>
   </trkpt>
   <trkpt lat="52.8298650" lon="-6.9131390">
    <ele>56.4</ele>
    <time>2024-07-02T16:51:55Z</time>
   </trkpt>
   <trkpt lat="52.8298540" lon="-6.9132180">
    <ele>56.5</ele>
    <time>2024-07-02T16:51:56Z</time>
   </trkpt>
   <trkpt lat="52.8298540" lon="-6.9133090">
    <ele>56.5</ele>
    <time>2024-07-02T16:51:57Z</time>
   </trkpt>
   <trkpt lat="52.8298600" lon="-6.9134110">
    <ele>56.4</ele>
    <time>2024-07-02T16:51:58Z</time>
   </trkpt>
   <trkpt lat="52.8298710" lon="-6.9135070">
    <ele>56.4</ele>
    <time>2024-07-02T16:51:59Z</time>
   </trkpt>
   <trkpt lat="52.8298750" lon="-6.9136030">
    <ele>56.3</ele>
    <time>2024-07-02T16:52:00Z</time>
   </trkpt>
   <trkpt lat="52.8298840" lon="-6.9136930">
    <ele>56.2</ele>
    <time>2024-07-02T16:52:01Z</time>
   </trkpt>
   <trkpt lat="52.8299040" lon="-6.9137660">
    <ele>56.2</ele>
    <time>2024-07-02T16:52:02Z</time>
   </trkpt>
   <trkpt lat="52.8299240" lon="-6.9138340">
    <ele>56.1</ele>
    <time>2024-07-02T16:52:03Z</time>
   </trkpt>
   <trkpt lat="52.8299420" lon="-6.9138860">
    <ele>56.1</ele>
    <time>2024-07-02T16:52:04Z</time>
   </trkpt>
   <trkpt lat="52.8299600" lon="-6.9139310">
    <ele>56.0</ele>
    <time>2024-07-02T16:52:05Z</time>
   </trkpt>
   <trkpt lat="52.8299790" lon="-6.9139880">
    <ele>55.9</ele>
    <time>2024-07-02T16:52:06Z</time>
   </trkpt>
   <trkpt lat="52.8299860" lon="-6.9140070">
    <ele>55.9</ele>
    <time>2024-07-02T16:52:07Z</time>
   </trkpt>
   <trkpt lat="52.8299970" lon="-6.9140550">
    <ele>55.8</ele>
    <time>2024-07-02T16:52:08Z</time>
   </trkpt>
   <trkpt lat="52.8300090" lon="-6.9141040">
    <ele>55.8</ele>
    <time>2024-07-02T16:52:09Z</time>
   </trkpt>
   <trkpt lat="52.8300310" lon="-6.9141680">
    <ele>55.7</ele>
    <time>2024-07-02T16:52:10Z</time>
   </trkpt>
   <trkpt lat="52.8300560" lon="-6.9142470">
    <ele>55.6</ele>
    <time>2024-07-02T16:52:11Z</time>
   </trkpt>
   <trkpt lat="52.8300900" lon="-6.9143320">
    <ele>55.5</ele>
    <time>2024-07-02T16:52:12Z</time>
   </trkpt>
   <trkpt lat="52.8301180" lon="-6.9144260">
    <ele>55.4</ele>
    <time>2024-07-02T16:52:13Z</time>
   </trkpt>
   <trkpt lat="52.8301450" lon="-6.9145170">
    <ele>55.2</ele>
    <time>2024-07-02T16:52:14Z</time>
   </trkpt>
   <trkpt lat="52.8301780" lon="-6.9146150">
    <ele>55.0</ele>
    <time>2024-07-02T16:52:15Z</time>
   </trkpt>
   <trkpt lat="52.8302160" lon="-6.9147210">
    <ele>54.9</ele>
    <time>2024-07-02T16:52:16Z</time>
   </trkpt>
   <trkpt lat="52.8302580" lon="-6.9148210">
    <ele>54.8</ele>
    <time>2024-07-02T16:52:17Z</time>
   </trkpt>
   <trkpt lat="52.8302890" lon="-6.9149230">
    <ele>54.7</ele>
    <time>2024-07-02T16:52:18Z</time>
   </trkpt>
   <trkpt lat="52.8303170" lon="-6.9150090">
    <ele>54.7</ele>
    <time>2024-07-02T16:52:19Z</time>
   </trkpt>
   <trkpt lat="52.8303450" lon="-6.9150930">
    <ele>54.7</ele>
    <time>2024-07-02T16:52:20Z</time>
   </trkpt>
   <trkpt lat="52.8303710" lon="-6.9151730">
    <ele>54.6</ele>
    <time>2024-07-02T16:52:21Z</time>
   </trkpt>
   <trkpt lat="52.8303930" lon="-6.9152430">
    <ele>54.4</ele>
    <time>2024-07-02T16:52:22Z</time>
   </trkpt>
   <trkpt lat="52.8304090" lon="-6.9153100">
    <ele>54.2</ele>
    <time>2024-07-02T16:52:23Z</time>
   </trkpt>
   <trkpt lat="52.8304130" lon="-6.9153690">
    <ele>54.0</ele>
    <time>2024-07-02T16:52:24Z</time>
   </trkpt>
   <trkpt lat="52.8304180" lon="-6.9154160">
    <ele>53.9</ele>
    <time>2024-07-02T16:52:25Z</time>
   </trkpt>
   <trkpt lat="52.8304240" lon="-6.9154770">
    <ele>53.7</ele>
    <time>2024-07-02T16:52:26Z</time>
   </trkpt>
   <trkpt lat="52.8304240" lon="-6.9154970">
    <ele>53.7</ele>
    <time>2024-07-02T16:52:27Z</time>
   </trkpt>
   <trkpt lat="52.8304240" lon="-6.9155540">
    <ele>53.5</ele>
    <time>2024-07-02T16:52:28Z</time>
   </trkpt>
   <trkpt lat="52.8304130" lon="-6.9156180">
    <ele>53.3</ele>
    <time>2024-07-02T16:52:29Z</time>
   </trkpt>
   <trkpt lat="52.8304000" lon="-6.9156890">
    <ele>53.2</ele>
    <time>2024-07-02T16:52:30Z</time>
   </trkpt>
   <trkpt lat="52.8303880" lon="-6.9157660">
    <ele>53.1</ele>
    <time>2024-07-02T16:52:31Z</time>
   </trkpt>
   <trkpt lat="52.8303820" lon="-6.9158430">
    <ele>53.1</ele>
    <time>2024-07-02T16:52:32Z</time>
   </trkpt>
   <trkpt lat="52.8303870" lon="-6.9159240">
    <ele>53.0</ele>
    <time>2024-07-02T16:52:33Z</time>
   </trkpt>
   <trkpt lat="52.8303960" lon="-6.9159940">
    <ele>53.0</ele>
    <time>2024-07-02T16:52:34Z</time>
   </trkpt>
   <trkpt lat="52.8304260" lon="-6.9160630">
    <ele>53.0</ele>
    <time>2024-07-02T16:52:35Z</time>
   </trkpt>
   <trkpt lat="52.8304710" lon="-6.9161160">
    <ele>53.0</ele>
    <time>2024-07-02T16:52:36Z</time>
   </trkpt>
   <trkpt lat="52.8305220" lon="-6.9161320">
    <ele>52.9</ele>
    <time>2024-07-02T16:52:37Z</time>
   </trkpt>
   <trkpt lat="52.8305710" lon="-6.9161160">
    <ele>52.9</ele>
    <time>2024-07-02T16:52:38Z</time>
   </trkpt>
   <trkpt lat="52.8306140" lon="-6.9160640">
    <ele>52.9</ele>
    <time>2024-07-02T16:52:39Z</time>
   </trkpt>
   <trkpt lat="52.8306500" lon="-6.9159820">
    <ele>52.9</ele>
    <time>2024-07-02T16:52:40Z</time>
   </trkpt>
   <trkpt lat="52.8306850" lon="-6.9158930">
    <ele>53.0</ele>
    <time>2024-07-02T16:52:41Z</time>
   </trkpt>
   <trkpt lat="52.8307300" lon="-6.9158020">
    <ele>53.1</ele>
    <time>2024-07-02T16:52:42Z</time>
   </trkpt>
   <trkpt lat="52.8307850" lon="-6.9157270">
    <ele>53.2</ele>
    <time>2024-07-02T16:52:43Z</time>
   </trkpt>
   <trkpt lat="52.8308490" lon="-6.9156620">
    <ele>53.2</ele>
    <time>2024-07-02T16:52:44Z</time>
   </trkpt>
   <trkpt lat="52.8309190" lon="-6.9156060">
    <ele>53.3</ele>
    <time>2024-07-02T16:52:45Z</time>
   </trkpt>
   <trkpt lat="52.8309910" lon="-6.9155340">
    <ele>53.4</ele>
    <time>2024-07-02T16:52:46Z</time>
   </trkpt>
   <trkpt lat="52.8310660" lon="-6.9154520">
    <ele>53.5</ele>
    <time>2024-07-02T16:52:47Z</time>
   </trkpt>
   <trkpt lat="52.8311410" lon="-6.9153710">
    <ele>53.6</ele>
    <time>2024-07-02T16:52:48Z</time>
   </trkpt>
   <trkpt lat="52.8312140" lon="-6.9152870">
    <ele>53.7</ele>
    <time>2024-07-02T16:52:49Z</time>
   </trkpt>
   <trkpt lat="52.8312910" lon="-6.9151970">
    <ele>53.8</ele>
    <time>2024-07-02T16:52:50Z</time>
   </trkpt>
   <trkpt lat="52.8313670" lon="-6.9151130">
    <ele>54.0</ele>
    <time>2024-07-02T16:52:51Z</time>
   </trkpt>
   <trkpt lat="52.8314430" lon="-6.9150310">
    <ele>54.1</ele>
    <time>2024-07-02T16:52:52Z</time>
   </trkpt>
   <trkpt lat="52.8315260" lon="-6.9149550">
    <ele>54.2</ele>
    <time>2024-07-02T16:52:53Z</time>
   </trkpt>
   <trkpt lat="52.8316090" lon="-6.9148770">
    <ele>54.3</ele>
    <time>2024-07-02T16:52:54Z</time>
   </trkpt>
   <trkpt lat="52.8316960" lon="-6.9147940">
    <ele>54.5</ele>
    <time>2024-07-02T16:52:55Z</time>
   </trkpt>
   <trkpt lat="52.8317840" lon="-6.9147110">
    <ele>54.6</ele>
    <time>2024-07-02T16:52:56Z</time>
   </trkpt>
   <trkpt lat="52.8318680" lon="-6.9146200">
    <ele>54.6</ele>
    <time>2024-07-02T16:52:57Z</time>
   </trkpt>
   <trkpt lat="52.8319510" lon="-6.9145300">
    <ele>54.7</ele>
    <time>2024-07-02T16:52:58Z</time>
   </trkpt>
   <trkpt lat="52.8320320" lon="-6.9144450">
    <ele>54.8</ele>
    <time>2024-07-02T16:52:59Z</time>
   </trkpt>
   <trkpt lat="52.8321140" lon="-6.9143600">
    <ele>54.9</ele>
    <time>2024-07-02T16:53:00Z</time>
   </trkpt>
   <trkpt lat="52.8321980" lon="-6.9142760">
    <ele>55.0</ele>
    <time>2024-07-02T16:53:01Z</time>
   </trkpt>
   <trkpt lat="52.8322850" lon="-6.9141850">
    <ele>55.1</ele>
    <time>2024-07-02T16:53:02Z</time>
   </trkpt>
   <trkpt lat="52.8323730" lon="-6.9140940">
    <ele>55.1</ele>
    <time>2024-07-02T16:53:03Z</time>
   </trkpt>
   <trkpt lat="52.8324580" lon="-6.9140080">
    <ele>55.2</ele>
    <time>2024-07-02T16:53:04Z</time>
   </trkpt>
   <trkpt lat="52.8325430" lon="-6.9139220">
    <ele>55.3</ele>
    <time>2024-07-02T16:53:05Z</time>
   </trkpt>
   <trkpt lat="52.8326230" lon="-6.9138350">
    <ele>55.4</ele>
    <time>2024-07-02T16:53:06Z</time>
   </trkpt>
   <trkpt lat="52.8327020" lon="-6.9137510">
    <ele>55.5</ele>
    <time>2024-07-02T16:53:07Z</time>
   </trkpt>
   <trkpt lat="52.8327780" lon="-6.9136640">
    <ele>55.5</ele>
    <time>2024-07-02T16:53:08Z</time>
   </trkpt>
   <trkpt lat="52.8328570" lon="-6.9135730">
    <ele>55.6</ele>
    <time>2024-07-02T16:53:09Z</time>
   </trkpt>
   <trkpt lat="52.8329380" lon="-6.9134830">
    <ele>55.7</ele>
    <time>2024-07-02T16:53:10Z</time>
   </trkpt>
   <trkpt lat="52.8330240" lon="-6.9134010">
    <ele>55.8</ele>
    <time>2024-07-02T16:53:11Z</time>
   </trkpt>
   <trkpt lat="52.8331080" lon="-6.9133200">
    <ele>55.9</ele>
    <time>2024-07-02T16:53:12Z</time>
   </trkpt>
   <trkpt lat="52.8331850" lon="-6.9132310">
    <ele>56.0</ele>
    <time>2024-07-02T16:53:13Z</time>
   </trkpt>
   <trkpt lat="52.8332590" lon="-6.9131470">
    <ele>56.1</ele>
    <time>2024-07-02T16:53:14Z</time>
   </trkpt>
   <trkpt lat="52.8333330" lon="-6.9130770">
    <ele>56.2</ele>
    <time>2024-07-02T16:53:15Z</time>
   </trkpt>
   <trkpt lat="52.8334030" lon="-6.9130090">
    <ele>56.2</ele>
    <time>2024-07-02T16:53:16Z</time>
   </trkpt>
   <trkpt lat="52.8334630" lon="-6.9129410">
    <ele>56.3</ele>
    <time>2024-07-02T16:53:17Z</time>
   </trkpt>
   <trkpt lat="52.8335150" lon="-6.9128870">
    <ele>56.4</ele>
    <time>2024-07-02T16:53:18Z</time>
   </trkpt>
   <trkpt lat="52.8335590" lon="-6.9128390">
    <ele>56.4</ele>
    <time>2024-07-02T16:53:19Z</time>
   </trkpt>
   <trkpt lat="52.8335990" lon="-6.9128100">
    <ele>56.5</ele>
    <time>2024-07-02T16:53:20Z</time>
   </trkpt>
   <trkpt lat="52.8336300" lon="-6.9127920">
    <ele>56.5</ele>
    <time>2024-07-02T16:53:21Z</time>
   </trkpt>
   <trkpt lat="52.8336570" lon="-6.9127790">
    <ele>56.6</ele>
    <time>2024-07-02T16:53:22Z</time>
   </trkpt>
   <trkpt lat="52.8336910" lon="-6.9127660">
    <ele>56.6</ele>
    <time>2024-07-02T16:53:23Z</time>
   </trkpt>
   <trkpt lat="52.8337020" lon="-6.9127640">
    <ele>56.6</ele>
    <time>2024-07-02T16:53:24Z</time>
   </trkpt>
   <trkpt lat="52.8337170" lon="-6.9127580">
    <ele>56.6</ele>
    <time>2024-07-02T16:53:25Z</time>
   </trkpt>
   <trkpt lat="52.8337210" lon="-6.9127570">
    <ele>56.6</ele>
    <time>2024-07-02T16:53:26Z</time>
   </trkpt>
   <trkpt lat="52.8337240" lon="-6.9127560">
    <ele>56.6</ele>
    <time>2024-07-02T16:53:27Z</time>
   </trkpt>
   <trkpt lat="52.8337280" lon="-6.9127550">
    <ele>56.6</ele>
    <time>2024-07-02T16:53:28Z</time>
   </trkpt>
   <trkpt lat="52.8337310" lon="-6.9127540">
    <ele>56.6</ele>
    <time>2024-07-02T16:53:29Z</time>
   </trkpt>
   <trkpt lat="52.8337350" lon="-6.9127530">
    <ele>56.6</ele>
    <time>2024-07-02T16:53:30Z</time>
   </trkpt>
   <trkpt lat="52.8337380" lon="-6.9127520">
    <ele>56.6</ele>
    <time>2024-07-02T16:53:31Z</time>
   </trkpt>
   <trkpt lat="52.8337420" lon="-6.9127510">
    <ele>56.6</ele>
    <time>2024-07-02T16:53:32Z</time>
   </trkpt>
   <trkpt lat="52.8337450" lon="-6.9127500">
    <ele>56.6</ele>
    <time>2024-07-02T16:53:33Z</time>
   </trkpt>
   <trkpt lat="52.8337480" lon="-6.9127490">
    <ele>56.6</ele>
    <time>2024-07-02T16:53:34Z</time>
   </trkpt>
   <trkpt lat="52.8337520" lon="-6.9127480">
    <ele>56.6</ele>
    <time>2024-07-02T16:53:35Z</time>
   </trkpt>
   <trkpt lat="52.8337550" lon="-6.9127470">
    <ele>56.6</ele>
    <time>2024-07-02T16:53:36Z</time>
   </trkpt>
   <trkpt lat="52.8337590" lon="-6.9127450">
    <ele>56.6</ele>
    <time>2024-07-02T16:53:37Z</time>
   </trkpt>
   <trkpt lat="52.8337620" lon="-6.9127440">
    <ele>56.6</ele>
    <time>2024-07-02T16:53:38Z</time>
   </trkpt>
   <trkpt lat="52.8337660" lon="-6.9127430">
    <ele>56.6</ele>
    <time>2024-07-02T16:53:39Z</time>
   </trkpt>
   <trkpt lat="52.8337690" lon="-6.9127420">
    <ele>56.6</ele>
    <time>2024-07-02T16:53:40Z</time>
   </trkpt>
   <trkpt lat="52.8337730" lon="-6.9127410">
    <ele>56.6</ele>
    <time>2024-07-02T16:53:41Z</time>
   </trkpt>
   <trkpt lat="52.8337760" lon="-6.9127400">
    <ele>56.6</ele>
    <time>2024-07-02T16:53:42Z</time>
   </trkpt>
   <trkpt lat="52.8337800" lon="-6.9127390">
    <ele>56.6</ele>
    <time>2024-07-02T16:53:43Z</time>
   </trkpt>
   <trkpt lat="52.8337830" lon="-6.9127380">
    <ele>56.6</ele>
    <time>2024-07-02T16:53:44Z</time>
   </trkpt>
   <trkpt lat="52.8338300" lon="-6.9127270">
    <ele>56.6</ele>
    <time>2024-07-02T16:53:45Z</time>
   </trkpt>
   <trkpt lat="52.8338770" lon="-6.9127040">
    <ele>56.6</ele>
    <time>2024-07-02T16:53:46Z</time>
   </trkpt>
   <trkpt lat="52.8339230" lon="-6.9126660">
    <ele>56.5</ele>
    <time>2024-07-02T16:53:47Z</time>
   </trkpt>
   <trkpt lat="52.8339640" lon="-6.9126120">
    <ele>56.6</ele>
    <time>2024-07-02T16:53:48Z</time>
   </trkpt>
   <trkpt lat="52.8339980" lon="-6.9125480">
    <ele>56.6</ele>
    <time>2024-07-02T16:53:49Z</time>
   </trkpt>
   <trkpt lat="52.8340310" lon="-6.9124630">
    <ele>56.7</ele>
    <time>2024-07-02T16:53:50Z</time>
   </trkpt>
   <trkpt lat="52.8340680" lon="-6.9123730">
    <ele>56.7</ele>
    <time>2024-07-02T16:53:51Z</time>
   </trkpt>
   <trkpt lat="52.8341090" lon="-6.9122840">
    <ele>56.8</ele>
    <time>2024-07-02T16:53:52Z</time>
   </trkpt>
   <trkpt lat="52.8341600" lon="-6.9122010">
    <ele>56.9</ele>
    <time>2024-07-02T16:53:53Z</time>
   </trkpt>
   <trkpt lat="52.8342200" lon="-6.9121230">
    <ele>57.0</ele>
    <time>2024-07-02T16:53:54Z</time>
   </trkpt>
   <trkpt lat="52.8342880" lon="-6.9120490">
    <ele>57.1</ele>
    <time>2024-07-02T16:53:55Z</time>
   </trkpt>
   <trkpt lat="52.8343560" lon="-6.9119870">
    <ele>57.2</ele>
    <time>2024-07-02T16:53:56Z</time>
   </trkpt>
   <trkpt lat="52.8344330" lon="-6.9119230">
    <ele>57.3</ele>
    <time>2024-07-02T16:53:57Z</time>
   </trkpt>
   <trkpt lat="52.8345110" lon="-6.9118650">
    <ele>57.5</ele>
    <time>2024-07-02T16:53:58Z</time>
   </trkpt>
   <trkpt lat="52.8345860" lon="-6.9118060">
    <ele>57.6</ele>
    <time>2024-07-02T16:53:59Z</time>
   </trkpt>
   <trkpt lat="52.8346520" lon="-6.9117440">
    <ele>57.7</ele>
    <time>2024-07-02T16:54:00Z</time>
   </trkpt>
   <trkpt lat="52.8347150" lon="-6.9116920">
    <ele>57.8</ele>
    <time>2024-07-02T16:54:01Z</time>
   </trkpt>
   <trkpt lat="52.8347690" lon="-6.9116460">
    <ele>57.9</ele>
    <time>2024-07-02T16:54:02Z</time>
   </trkpt>
   <trkpt lat="52.8348130" lon="-6.9116070">
    <ele>57.9</ele>
    <time>2024-07-02T16:54:03Z</time>
   </trkpt>
   <trkpt lat="52.8348480" lon="-6.9115770">
    <ele>58.0</ele>
    <time>2024-07-02T16:54:04Z</time>
   </trkpt>
   <trkpt lat="52.8348710" lon="-6.9115480">
    <ele>58.0</ele>
    <time>2024-07-02T16:54:05Z</time>
   </trkpt>
   <trkpt lat="52.8348960" lon="-6.9115190">
    <ele>58.1</ele>
    <time>2024-07-02T16:54:06Z</time>
   </trkpt>
   <trkpt lat="52.8349290" lon="-6.9114880">
    <ele>58.1</ele>
    <time>2024-07-02T16:54:07Z</time>
   </trkpt>
   <trkpt lat="52.8349630" lon="-6.9114610">
    <ele>58.2</ele>
    <time>2024-07-02T16:54:08Z</time>
   </trkpt>
   <trkpt lat="52.8350030" lon="-6.9114240">
    <ele>58.2</ele>
    <time>2024-07-02T16:54:09Z</time>
   </trkpt>
   <trkpt lat="52.8350440" lon="-6.9113830">
    <ele>58.2</ele>
    <time>2024-07-02T16:54:10Z</time>
   </trkpt>
   <trkpt lat="52.8350870" lon="-6.9113490">
    <ele>58.3</ele>
    <time>2024-07-02T16:54:11Z</time>
   </trkpt>
   <trkpt lat="52.8351380" lon="-6.9113030">
    <ele>58.3</ele>
    <time>2024-07-02T16:54:12Z</time>
   </trkpt>
   <trkpt lat="52.8351880" lon="-6.9112620">
    <ele>58.3</ele>
    <time>2024-07-02T16:54:13Z</time>
   </trkpt>
   <trkpt lat="52.8352330" lon="-6.9112280">
    <ele>58.3</ele>
    <time>2024-07-02T16:54:14Z</time>
   </trkpt>
   <trkpt lat="52.8352670" lon="-6.9111920">
    <ele>58.3</ele>
    <time>2024-07-02T16:54:15Z</time>
   </trkpt>
   <trkpt lat="52.8352940" lon="-6.9111610">
    <ele>58.4</ele>
    <time>2024-07-02T16:54:16Z</time>
   </trkpt>
   <trkpt lat="52.8353090" lon="-6.9111390">
    <ele>58.4</ele>
    <time>2024-07-02T16:54:17Z</time>
   </trkpt>
   <trkpt lat="52.8353100" lon="-6.9111370">
    <ele>58.4</ele>
    <time>2024-07-02T16:54:18Z</time>
   </trkpt>
   <trkpt lat="52.8353110" lon="-6.9111360">
    <ele>58.4</ele>
    <time>2024-07-02T16:54:19Z</time>
   </trkpt>
   <trkpt lat="52.8353120" lon="-6.9111340">
    <ele>58.4</ele>
    <time>2024-07-02T16:54:20Z</time>
   </trkpt>
   <trkpt lat="52.8353130" lon="-6.9111320">
    <ele>58.4</ele>
    <time>2024-07-02T16:54:21Z</time>
   </trkpt>
   <trkpt lat="52.8353140" lon="-6.9111300">
    <ele>58.4</ele>
    <time>2024-07-02T16:54:22Z</time>
   </trkpt>
   <trkpt lat="52.8353150" lon="-6.9111280">
    <ele>58.4</ele>
    <time>2024-07-02T16:54:23Z</time>
   </trkpt>
   <trkpt lat="52.8353160" lon="-6.9111260">
    <ele>58.4</ele>
    <time>2024-07-02T16:54:24Z</time>
   </trkpt>
   <trkpt lat="52.8353170" lon="-6.9111240">
    <ele>58.4</ele>
    <time>2024-07-02T16:54:25Z</time>
   </trkpt>
   <trkpt lat="52.8353180" lon="-6.9111220">
    <ele>58.4</ele>
    <time>2024-07-02T16:54:26Z</time>
   </trkpt>
   <trkpt lat="52.8353190" lon="-6.9111200">
    <ele>58.4</ele>
    <time>2024-07-02T16:54:27Z</time>
   </trkpt>
   <trkpt lat="52.8353200" lon="-6.9111180">
    <ele>58.4</ele>
    <time>2024-07-02T16:54:28Z</time>
   </trkpt>
   <trkpt lat="52.8353210" lon="-6.9111160">
    <ele>58.4</ele>
    <time>2024-07-02T16:54:29Z</time>
   </trkpt>
   <trkpt lat="52.8353220" lon="-6.9111140">
    <ele>58.4</ele>
    <time>2024-07-02T16:54:30Z</time>
   </trkpt>
   <trkpt lat="52.8353230" lon="-6.9111120">
    <ele>58.4</ele>
    <time>2024-07-02T16:54:31Z</time>
   </trkpt>
   <trkpt lat="52.8353240" lon="-6.9111100">
    <ele>58.4</ele>
    <time>2024-07-02T16:54:32Z</time>
   </trkpt>
   <trkpt lat="52.8353260" lon="-6.9111080">
    <ele>58.4</ele>
    <time>2024-07-02T16:54:33Z</time>
   </trkpt>
   <trkpt lat="52.8353270" lon="-6.9111060">
    <ele>58.4</ele>
    <time>2024-07-02T16:54:34Z</time>
   </trkpt>
   <trkpt lat="52.8353280" lon="-6.9111040">
    <ele>58.4</ele>
    <time>2024-07-02T16:54:35Z</time>
   </trkpt>
   <trkpt lat="52.8353290" lon="-6.9111030">
    <ele>58.4</ele>
    <time>2024-07-02T16:54:36Z</time>
   </trkpt>
   <trkpt lat="52.8353300" lon="-6.9111010">
    <ele>58.4</ele>
    <time>2024-07-02T16:54:37Z</time>
   </trkpt>
   <trkpt lat="52.8353310" lon="-6.9110990">
    <ele>58.4</ele>
    <time>2024-07-02T16:54:38Z</time>
   </trkpt>
   <trkpt lat="52.8353320" lon="-6.9110970">
    <ele>58.4</ele>
    <time>2024-07-02T16:54:39Z</time>
   </trkpt>
   <trkpt lat="52.8353330" lon="-6.9110950">
    <ele>58.4</ele>
    <time>2024-07-02T16:54:40Z</time>
   </trkpt>
   <trkpt lat="52.8353340" lon="-6.9110930">
    <ele>58.4</ele>
    <time>2024-07-02T16:54:41Z</time>
   </trkpt>
   <trkpt lat="52.8353730" lon="-6.9110610">
    <ele>58.4</ele>
    <time>2024-07-02T16:54:42Z</time>
   </trkpt>
   <trkpt lat="52.8354120" lon="-6.9110310">
    <ele>58.4</ele>
    <time>2024-07-02T16:54:43Z</time>
   </trkpt>
   <trkpt lat="52.8354650" lon="-6.9109890">
    <ele>58.4</ele>
    <time>2024-07-02T16:54:44Z</time>
   </trkpt>
   <trkpt lat="52.8355280" lon="-6.9109350">
    <ele>58.3</ele>
    <time>2024-07-02T16:54:45Z</time>
   </trkpt>
   <trkpt lat="52.8355970" lon="-6.9108760">
    <ele>58.2</ele>
    <time>2024-07-02T16:54:46Z</time>
   </trkpt>
   <trkpt lat="52.8356740" lon="-6.9108200">
    <ele>58.2</ele>
    <time>2024-07-02T16:54:47Z</time>
   </trkpt>
   <trkpt lat="52.8357540" lon="-6.9107630">
    <ele>58.2</ele>
    <time>2024-07-02T16:54:48Z</time>
   </trkpt>
   <trkpt lat="52.8358460" lon="-6.9107080">
    <ele>58.1</ele>
    <time>2024-07-02T16:54:49Z</time>
   </trkpt>
   <trkpt lat="52.8359290" lon="-6.9106520">
    <ele>58.1</ele>
    <time>2024-07-02T16:54:50Z</time>
   </trkpt>
   <trkpt lat="52.8360140" lon="-6.9105910">
    <ele>58.0</ele>
    <time>2024-07-02T16:54:51Z</time>
   </trkpt>
   <trkpt lat="52.8360980" lon="-6.9105290">
    <ele>57.9</ele>
    <time>2024-07-02T16:54:52Z</time>
   </trkpt>
   <trkpt lat="52.8361870" lon="-6.9104800">
    <ele>57.8</ele>
    <time>2024-07-02T16:54:53Z</time>
   </trkpt>
   <trkpt lat="52.8362780" lon="-6.9104240">
    <ele>57.7</ele>
    <time>2024-07-02T16:54:54Z</time>
   </trkpt>
   <trkpt lat="52.8363740" lon="-6.9103590">
    <ele>57.6</ele>
    <time>2024-07-02T16:54:55Z</time>
   </trkpt>
   <trkpt lat="52.8364690" lon="-6.9103020">
    <ele>57.5</ele>
    <time>2024-07-02T16:54:56Z</time>
   </trkpt>
   <trkpt lat="52.8365530" lon="-6.9102390">
    <ele>57.4</ele>
    <time>2024-07-02T16:54:57Z</time>
   </trkpt>
   <trkpt lat="52.8366390" lon="-6.9101890">
    <ele>57.3</ele>
    <time>2024-07-02T16:54:58Z</time>
   </trkpt>
   <trkpt lat="52.8367290" lon="-6.9101370">
    <ele>57.2</ele>
    <time>2024-07-02T16:54:59Z</time>
   </trkpt>
   <trkpt lat="52.8368380" lon="-6.9100930">
    <ele>57.0</ele>
    <time>2024-07-02T16:55:00Z</time>
   </trkpt>
   <trkpt lat="52.8369400" lon="-6.9100470">
    <ele>56.9</ele>
    <time>2024-07-02T16:55:01Z</time>
   </trkpt>
   <trkpt lat="52.8370380" lon="-6.9099940">
    <ele>56.8</ele>
    <time>2024-07-02T16:55:02Z</time>
   </trkpt>
   <trkpt lat="52.8371370" lon="-6.9099500">
    <ele>56.7</ele>
    <time>2024-07-02T16:55:03Z</time>
   </trkpt>
   <trkpt lat="52.8372370" lon="-6.9099140">
    <ele>56.5</ele>
    <time>2024-07-02T16:55:04Z</time>
   </trkpt>
   <trkpt lat="52.8373380" lon="-6.9098770">
    <ele>56.4</ele>
    <time>2024-07-02T16:55:05Z</time>
   </trkpt>
   <trkpt lat="52.8374440" lon="-6.9098370">
    <ele>56.3</ele>
    <time>2024-07-02T16:55:06Z</time>
   </trkpt>
   <trkpt lat="52.8375500" lon="-6.9097890">
    <ele>56.2</ele>
    <time>2024-07-02T16:55:07Z</time>
   </trkpt>
   <trkpt lat="52.8376540" lon="-6.9097470">
    <ele>56.1</ele>
    <time>2024-07-02T16:55:08Z</time>
   </trkpt>
   <trkpt lat="52.8377570" lon="-6.9096960">
    <ele>56.0</ele>
    <time>2024-07-02T16:55:09Z</time>
   </trkpt>
   <trkpt lat="52.8378550" lon="-6.9096480">
    <ele>55.9</ele>
    <time>2024-07-02T16:55:10Z</time>
   </trkpt>
   <trkpt lat="52.8379540" lon="-6.9095980">
    <ele>55.8</ele>
    <time>2024-07-02T16:55:11Z</time>
   </trkpt>
   <trkpt lat="52.8380550" lon="-6.9095530">
    <ele>55.7</ele>
    <time>2024-07-02T16:55:12Z</time>
   </trkpt>
   <trkpt lat="52.8381590" lon="-6.9095000">
    <ele>55.7</ele>
    <time>2024-07-02T16:55:13Z</time>
   </trkpt>
   <trkpt lat="52.8382550" lon="-6.9094510">
    <ele>55.6</ele>
    <time>2024-07-02T16:55:14Z</time>
   </trkpt>
   <trkpt lat="52.8383450" lon="-6.9094100">
    <ele>55.5</ele>
    <time>2024-07-02T16:55:15Z</time>
   </trkpt>
   <trkpt lat="52.8384310" lon="-6.9093690">
    <ele>55.5</ele>
    <time>2024-07-02T16:55:16Z</time>
   </trkpt>
   <trkpt lat="52.8385130" lon="-6.9093330">
    <ele>55.4</ele>
    <time>2024-07-02T16:55:17Z</time>
   </trkpt>
   <trkpt lat="52.8385880" lon="-6.9093060">
    <ele>55.4</ele>
    <time>2024-07-02T16:55:18Z</time>
   </trkpt>
   <trkpt lat="52.8386570" lon="-6.9092860">
    <ele>55.3</ele>
    <time>2024-07-02T16:55:19Z</time>
   </trkpt>
   <trkpt lat="52.8387240" lon="-6.9092810">
    <ele>55.3</ele>
    <time>2024-07-02T16:55:20Z</time>
   </trkpt>
   <trkpt lat="52.8387850" lon="-6.9092750">
    <ele>55.3</ele>
    <time>2024-07-02T16:55:21Z</time>
   </trkpt>
   <trkpt lat="52.8388410" lon="-6.9092610">
    <ele>55.3</ele>
    <time>2024-07-02T16:55:22Z</time>
   </trkpt>
   <trkpt lat="52.8388890" lon="-6.9092520">
    <ele>55.3</ele>
    <time>2024-07-02T16:55:23Z</time>
   </trkpt>
   <trkpt lat="52.8389310" lon="-6.9092430">
    <ele>55.3</ele>
    <time>2024-07-02T16:55:24Z</time>
   </trkpt>
   <trkpt lat="52.8389670" lon="-6.9092460">
    <ele>55.3</ele>
    <time>2024-07-02T16:55:25Z</time>
   </trkpt>
   <trkpt lat="52.8389980" lon="-6.9092470">
    <ele>55.3</ele>
    <time>2024-07-02T16:55:26Z</time>
   </trkpt>
   <trkpt lat="52.8390280" lon="-6.9092530">
    <ele>55.3</ele>
    <time>2024-07-02T16:55:27Z</time>
   </trkpt>
   <trkpt lat="52.8390550" lon="-6.9092710">
    <ele>55.3</ele>
    <time>2024-07-02T16:55:28Z</time>
   </trkpt>
   <trkpt lat="52.8390770" lon="-6.9093040">
    <ele>55.3</ele>
    <time>2024-07-02T16:55:29Z</time>
   </trkpt>
   <trkpt lat="52.8390910" lon="-6.9093500">
    <ele>55.3</ele>
    <time>2024-07-02T16:55:30Z</time>
   </trkpt>
   <trkpt lat="52.8391020" lon="-6.9094270">
    <ele>55.3</ele>
    <time>2024-07-02T16:55:31Z</time>
   </trkpt>
   <trkpt lat="52.8390990" lon="-6.9095160">
    <ele>55.3</ele>
    <time>2024-07-02T16:55:32Z</time>
   </trkpt>
   <trkpt lat="52.8390880" lon="-6.9096200">
    <ele>55.3</ele>
    <time>2024-07-02T16:55:33Z</time>
   </trkpt>
   <trkpt lat="52.8390650" lon="-6.9097320">
    <ele>55.4</ele>
    <time>2024-07-02T16:55:34Z</time>
   </trkpt>
   <trkpt lat="52.8390430" lon="-6.9098440">
    <ele>55.4</ele>
    <time>2024-07-02T16:55:35Z</time>
   </trkpt>
   <trkpt lat="52.8390110" lon="-6.9099660">
    <ele>55.4</ele>
    <time>2024-07-02T16:55:36Z</time>
   </trkpt>
   <trkpt lat="52.8389730" lon="-6.9100900">
    <ele>55.4</ele>
    <time>2024-07-02T16:55:37Z</time>
   </trkpt>
   <trkpt lat="52.8389340" lon="-6.9102160">
    <ele>55.4</ele>
    <time>2024-07-02T16:55:38Z</time>
   </trkpt>
   <trkpt lat="52.8388950" lon="-6.9103470">
    <ele>55.5</ele>
    <time>2024-07-02T16:55:39Z</time>
   </trkpt>
   <trkpt lat="52.8388570" lon="-6.9104770">
    <ele>55.5</ele>
    <time>2024-07-02T16:55:40Z</time>
   </trkpt>
   <trkpt lat="52.8388180" lon="-6.9106140">
    <ele>55.5</ele>
    <time>2024-07-02T16:55:41Z</time>
   </trkpt>
   <trkpt lat="52.8387810" lon="-6.9107430">
    <ele>55.5</ele>
    <time>2024-07-02T16:55:42Z</time>
   </trkpt>
   <trkpt lat="52.8387390" lon="-6.9108740">
    <ele>55.5</ele>
    <time>2024-07-02T16:55:43Z</time>
   </trkpt>
   <trkpt lat="52.8386930" lon="-6.9110050">
    <ele>55.5</ele>
    <time>2024-07-02T16:55:44Z</time>
   </trkpt>
   <trkpt lat="52.8386470" lon="-6.9111380">
    <ele>55.5</ele>
    <time>2024-07-02T16:55:45Z</time>
   </trkpt>
   <trkpt lat="52.8386010" lon="-6.9112600">
    <ele>55.5</ele>
    <time>2024-07-02T16:55:46Z</time>
   </trkpt>
   <trkpt lat="52.8385580" lon="-6.9113770">
    <ele>55.5</ele>
    <time>2024-07-02T16:55:47Z</time>
   </trkpt>
   <trkpt lat="52.8385160" lon="-6.9114870">
    <ele>55.5</ele>
    <time>2024-07-02T16:55:48Z</time>
   </trkpt>
   <trkpt lat="52.8384800" lon="-6.9115740">
    <ele>55.5</ele>
    <time>2024-07-02T16:55:49Z</time>
   </trkpt>
   <trkpt lat="52.8384370" lon="-6.9116580">
    <ele>55.5</ele>
    <time>2024-07-02T16:55:50Z</time>
   </trkpt>
   <trkpt lat="52.8383950" lon="-6.9117330">
    <ele>55.5</ele>
    <time>2024-07-02T16:55:51Z</time>
   </trkpt>
   <trkpt lat="52.8383570" lon="-6.9117930">
    <ele>55.5</ele>
    <time>2024-07-02T16:55:52Z</time>
   </trkpt>
   <trkpt lat="52.8383330" lon="-6.9118340">
    <ele>55.5</ele>
    <time>2024-07-02T16:55:53Z</time>
   </trkpt>
   <trkpt lat="52.8383140" lon="-6.9118680">
    <ele>55.5</ele>
    <time>2024-07-02T16:55:54Z</time>
   </trkpt>
   <trkpt lat="52.8382980" lon="-6.9118970">
    <ele>55.5</ele>
    <time>2024-07-02T16:55:55Z</time>
   </trkpt>
   <trkpt lat="52.8382920" lon="-6.9119110">
    <ele>55.5</ele>
    <time>2024-07-02T16:55:56Z</time>
   </trkpt>
   <trkpt lat="52.8382830" lon="-6.9119220">
    <ele>55.5</ele>
    <time>2024-07-02T16:55:57Z</time>
   </trkpt>
   <trkpt lat="52.8382830" lon="-6.9119230">
    <ele>55.5</ele>
    <time>2024-07-02T16:55:58Z</time>
   </trkpt>
   <trkpt lat="52.8382820" lon="-6.9119250">
    <ele>55.5</ele>
    <time>2024-07-02T16:55:59Z</time>
   </trkpt>
   <trkpt lat="52.8382820" lon="-6.9119260">
    <ele>55.5</ele>
    <time>2024-07-02T16:56:00Z</time>
   </trkpt>
   <trkpt lat="52.8382820" lon="-6.9119270">
    <ele>55.5</ele>
    <time>2024-07-02T16:56:01Z</time>
   </trkpt>
   <trkpt lat="52.8382810" lon="-6.9119290">
    <ele>55.5</ele>
    <time>2024-07-02T16:56:02Z</time>
   </trkpt>
   <trkpt lat="52.8382810" lon="-6.9119300">
    <ele>55.5</ele>
    <time>2024-07-02T16:56:03Z</time>
   </trkpt>
   <trkpt lat="52.8382810" lon="-6.9119310">
    <ele>55.5</ele>
    <time>2024-07-02T16:56:04Z</time>
   </trkpt>
   <trkpt lat="52.8382810" lon="-6.9119330">
    <ele>55.5</ele>
    <time>2024-07-02T16:56:05Z</time>
   </trkpt>
   <trkpt lat="52.8382800" lon="-6.9119340">
    <ele>55.5</ele>
    <time>2024-07-02T16:56:06Z</time>
   </trkpt>
   <trkpt lat="52.8382800" lon="-6.9119350">
    <ele>55.5</ele>
    <time>2024-07-02T16:56:07Z</time>
   </trkpt>
   <trkpt lat="52.8382800" lon="-6.9119370">
    <ele>55.5</ele>
    <time>2024-07-02T16:56:08Z</time>
   </trkpt>
   <trkpt lat="52.8382790" lon="-6.9119380">
    <ele>55.5</ele>
    <time>2024-07-02T16:56:09Z</time>
   </trkpt>
   <trkpt lat="52.8382790" lon="-6.9119390">
    <ele>55.5</ele>
    <time>2024-07-02T16:56:10Z</time>
   </trkpt>
   <trkpt lat="52.8382790" lon="-6.9119410">
    <ele>55.5</ele>
    <time>2024-07-02T16:56:11Z</time>
   </trkpt>
   <trkpt lat="52.8382780" lon="-6.9119420">
    <ele>55.5</ele>
    <time>2024-07-02T16:56:12Z</time>
   </trkpt>
   <trkpt lat="52.8382780" lon="-6.9119430">
    <ele>55.5</ele>
    <time>2024-07-02T16:56:13Z</time>
   </trkpt>
   <trkpt lat="52.8382780" lon="-6.9119450">
    <ele>55.5</ele>
    <time>2024-07-02T16:56:14Z</time>
   </trkpt>
   <trkpt lat="52.8382770" lon="-6.9119460">
    <ele>55.5</ele>
    <time>2024-07-02T16:56:15Z</time>
   </trkpt>
   <trkpt lat="52.8382770" lon="-6.9119470">
    <ele>55.5</ele>
    <time>2024-07-02T16:56:16Z</time>
   </trkpt>
   <trkpt lat="52.8382770" lon="-6.9119490">
    <ele>55.5</ele>
    <time>2024-07-02T16:56:17Z</time>
   </trkpt>
   <trkpt lat="52.8382760" lon="-6.9119500">
    <ele>55.5</ele>
    <time>2024-07-02T16:56:18Z</time>
   </trkpt>
   <trkpt lat="52.8382760" lon="-6.9119510">
    <ele>55.5</ele>
    <time>2024-07-02T16:56:19Z</time>
   </trkpt>
   <trkpt lat="52.8382760" lon="-6.9119530">
    <ele>55.5</ele>
    <time>2024-07-02T16:56:20Z</time>
   </trkpt>
   <trkpt lat="52.8382750" lon="-6.9119540">
    <ele>55.5</ele>
    <time>2024-07-02T16:56:21Z</time>
   </trkpt>
   <trkpt lat="52.8382750" lon="-6.9119550">
    <ele>55.5</ele>
    <time>2024-07-02T16:56:22Z</time>
   </trkpt>
   <trkpt lat="52.8382750" lon="-6.9119570">
    <ele>55.5</ele>
    <time>2024-07-02T16:56:23Z</time>
   </trkpt>
   <trkpt lat="52.8382750" lon="-6.9119580">
    <ele>55.5</ele>
    <time>2024-07-02T16:56:24Z</time>
   </trkpt>
   <trkpt lat="52.8382740" lon="-6.9119590">
    <ele>55.5</ele>
    <time>2024-07-02T16:56:25Z</time>
   </trkpt>
   <trkpt lat="52.8382740" lon="-6.9119610">
    <ele>55.5</ele>
    <time>2024-07-02T16:56:26Z</time>
   </trkpt>
   <trkpt lat="52.8382740" lon="-6.9119620">
    <ele>55.5</ele>
    <time>2024-07-02T16:56:27Z</time>
   </trkpt>
   <trkpt lat="52.8382730" lon="-6.9119630">
    <ele>55.5</ele>
    <time>2024-07-02T16:56:28Z</time>
   </trkpt>
   <trkpt lat="52.8382730" lon="-6.9119650">
    <ele>55.5</ele>
    <time>2024-07-02T16:56:29Z</time>
   </trkpt>
   <trkpt lat="52.8382730" lon="-6.9119660">
    <ele>55.5</ele>
    <time>2024-07-02T16:56:30Z</time>
   </trkpt>
   <trkpt lat="52.8382720" lon="-6.9119670">
    <ele>55.5</ele>
    <time>2024-07-02T16:56:31Z</time>
   </trkpt>
   <trkpt lat="52.8382720" lon="-6.9119690">
    <ele>55.5</ele>
    <time>2024-07-02T16:56:32Z</time>
   </trkpt>
   <trkpt lat="52.8382720" lon="-6.9119700">
    <ele>55.5</ele>
    <time>2024-07-02T16:56:33Z</time>
   </trkpt>
   <trkpt lat="52.8382710" lon="-6.9119710">
    <ele>55.5</ele>
    <time>2024-07-02T16:56:34Z</time>
   </trkpt>
   <trkpt lat="52.8382710" lon="-6.9119730">
    <ele>55.5</ele>
    <time>2024-07-02T16:56:35Z</time>
   </trkpt>
   <trkpt lat="52.8382710" lon="-6.9119740">
    <ele>55.5</ele>
    <time>2024-07-02T16:56:36Z</time>
   </trkpt>
   <trkpt lat="52.8382700" lon="-6.9119750">
    <ele>55.5</ele>
    <time>2024-07-02T16:56:37Z</time>
   </trkpt>
   <trkpt lat="52.8382700" lon="-6.9119770">
    <ele>55.5</ele>
    <time>2024-07-02T16:56:38Z</time>
   </trkpt>
   <trkpt lat="52.8382700" lon="-6.9119780">
    <ele>55.5</ele>
    <time>2024-07-02T16:56:39Z</time>
   </trkpt>
   <trkpt lat="52.8382690" lon="-6.9119790">
    <ele>55.5</ele>
    <time>2024-07-02T16:56:40Z</time>
   </trkpt>
   <trkpt lat="52.8382690" lon="-6.9119810">
    <ele>55.5</ele>
    <time>2024-07-02T16:56:41Z</time>
   </trkpt>
   <trkpt lat="52.8382690" lon="-6.9119820">
    <ele>55.5</ele>
    <time>2024-07-02T16:56:42Z</time>
   </trkpt>
   <trkpt lat="52.8382690" lon="-6.9119830">
    <ele>55.5</ele>
    <time>2024-07-02T16:56:43Z</time>
   </trkpt>
   <trkpt lat="52.8382680" lon="-6.9119850">
    <ele>55.5</ele>
    <time>2024-07-02T16:56:44Z</time>
   </trkpt>
   <trkpt lat="52.8382680" lon="-6.9119860">
    <ele>55.5</ele>
    <time>2024-07-02T16:56:45Z</time>
   </trkpt>
   <trkpt lat="52.8382680" lon="-6.9119870">
    <ele>55.5</ele>
    <time>2024-07-02T16:56:46Z</time>
   </trkpt>
   <trkpt lat="52.8382670" lon="-6.9119890">
    <ele>55.5</ele>
    <time>2024-07-02T16:56:47Z</time>
   </trkpt>
   <trkpt lat="52.8382670" lon="-6.9119900">
    <ele>55.5</ele>
    <time>2024-07-02T16:56:48Z</time>
   </trkpt>
   <trkpt lat="52.8382670" lon="-6.9119910">
    <ele>55.5</ele>
    <time>2024-07-02T16:56:49Z</time>
   </trkpt>
   <trkpt lat="52.8382660" lon="-6.9119930">
    <ele>55.5</ele>
    <time>2024-07-02T16:56:50Z</time>
   </trkpt>
   <trkpt lat="52.8382660" lon="-6.9119940">
    <ele>55.5</ele>
    <time>2024-07-02T16:56:51Z</time>
   </trkpt>
   <trkpt lat="52.8382660" lon="-6.9119950">
    <ele>55.5</ele>
    <time>2024-07-02T16:56:52Z</time>
   </trkpt>
   <trkpt lat="52.8382650" lon="-6.9119970">
    <ele>55.5</ele>
    <time>2024-07-02T16:56:53Z</time>
   </trkpt>
   <trkpt lat="52.8382650" lon="-6.9119980">
    <ele>55.5</ele>
    <time>2024-07-02T16:56:54Z</time>
   </trkpt>
   <trkpt lat="52.8382400" lon="-6.9120530">
    <ele>55.5</ele>
    <time>2024-07-02T16:56:55Z</time>
   </trkpt>
   <trkpt lat="52.8382040" lon="-6.9121070">
    <ele>55.5</ele>
    <time>2024-07-02T16:56:56Z</time>
   </trkpt>
   <trkpt lat="52.8381640" lon="-6.9121760">
    <ele>55.4</ele>
    <time>2024-07-02T16:56:57Z</time>
   </trkpt>
   <trkpt lat="52.8381180" lon="-6.9122590">
    <ele>55.4</ele>
    <time>2024-07-02T16:56:58Z</time>
   </trkpt>
   <trkpt lat="52.8380690" lon="-6.9123430">
    <ele>55.4</ele>
    <time>2024-07-02T16:56:59Z</time>
   </trkpt>
   <trkpt lat="52.8380200" lon="-6.9124290">
    <ele>55.3</ele>
    <time>2024-07-02T16:57:00Z</time>
   </trkpt>
   <trkpt lat="52.8379660" lon="-6.9125220">
    <ele>55.3</ele>
    <time>2024-07-02T16:57:01Z</time>
   </trkpt>
   <trkpt lat="52.8379080" lon="-6.9126190">
    <ele>55.3</ele>
    <time>2024-07-02T16:57:02Z</time>
   </trkpt>
   <trkpt lat="52.8378570" lon="-6.9127210">
    <ele>55.2</ele>
    <time>2024-07-02T16:57:03Z</time>
   </trkpt>
   <trkpt lat="52.8378100" lon="-6.9128210">
    <ele>55.2</ele>
    <time>2024-07-02T16:57:04Z</time>
   </trkpt>
   <trkpt lat="52.8377590" lon="-6.9129290">
    <ele>55.2</ele>
    <time>2024-07-02T16:57:05Z</time>
   </trkpt>
   <trkpt lat="52.8377090" lon="-6.9130350">
    <ele>55.2</ele>
    <time>2024-07-02T16:57:06Z</time>
   </trkpt>
   <trkpt lat="52.8376570" lon="-6.9131520">
    <ele>55.2</ele>
    <time>2024-07-02T16:57:07Z</time>
   </trkpt>
   <trkpt lat="52.8376100" lon="-6.9132630">
    <ele>55.2</ele>
    <time>2024-07-02T16:57:08Z</time>
   </trkpt>
   <trkpt lat="52.8375610" lon="-6.9133740">
    <ele>55.2</ele>
    <time>2024-07-02T16:57:09Z</time>
   </trkpt>
   <trkpt lat="52.8375170" lon="-6.9134690">
    <ele>55.2</ele>
    <time>2024-07-02T16:57:10Z</time>
   </trkpt>
   <trkpt lat="52.8374800" lon="-6.9135540">
    <ele>55.3</ele>
    <time>2024-07-02T16:57:11Z</time>
   </trkpt>
   <trkpt lat="52.8374470" lon="-6.9136270">
    <ele>55.3</ele>
    <time>2024-07-02T16:57:12Z</time>
   </trkpt>
   <trkpt lat="52.8374240" lon="-6.9136980">
    <ele>55.3</ele>
    <time>2024-07-02T16:57:13Z</time>
   </trkpt>
   <trkpt lat="52.8374010" lon="-6.9137730">
    <ele>55.4</ele>
    <time>2024-07-02T16:57:14Z</time>
   </trkpt>
   <trkpt lat="52.8373810" lon="-6.9138380">
    <ele>55.4</ele>
    <time>2024-07-02T16:57:15Z</time>
   </trkpt>
   <trkpt lat="52.8373610" lon="-6.9138980">
    <ele>55.4</ele>
    <time>2024-07-02T16:57:16Z</time>
   </trkpt>
   <trkpt lat="52.8373300" lon="-6.9139700">
    <ele>55.4</ele>
    <time>2024-07-02T16:57:17Z</time>
   </trkpt>
   <trkpt lat="52.8372980" lon="-6.9140520">
    <ele>55.5</ele>
    <time>2024-07-02T16:57:18Z</time>
   </trkpt>
   <trkpt lat="52.8372640" lon="-6.9141470">
    <ele>55.5</ele>
    <time>2024-07-02T16:57:19Z</time>
   </trkpt>
   <trkpt lat="52.8372330" lon="-6.9142420">
    <ele>55.6</ele>
    <time>2024-07-02T16:57:20Z</time>
   </trkpt>
   <trkpt lat="52.8371990" lon="-6.9143500">
    <ele>55.6</ele>
    <time>2024-07-02T16:57:21Z</time>
   </trkpt>
   <trkpt lat="52.8371650" lon="-6.9144570">
    <ele>55.7</ele>
    <time>2024-07-02T16:57:22Z</time>
   </trkpt>
   <trkpt lat="52.8371270" lon="-6.9145720">
    <ele>55.7</ele>
    <time>2024-07-02T16:57:23Z</time>
   </trkpt>
   <trkpt lat="52.8370920" lon="-6.9146910">
    <ele>55.7</ele>
    <time>2024-07-02T16:57:24Z</time>
   </trkpt>
   <trkpt lat="52.8370650" lon="-6.9148190">
    <ele>55.7</ele>
    <time>2024-07-02T16:57:25Z</time>
   </trkpt>
   <trkpt lat="52.8370450" lon="-6.9149420">
    <ele>55.7</ele>
    <time>2024-07-02T16:57:26Z</time>
   </trkpt>
   <trkpt lat="52.8370200" lon="-6.9150680">
    <ele>55.7</ele>
    <time>2024-07-02T16:57:27Z</time>
   </trkpt>
   <trkpt lat="52.8370000" lon="-6.9151940">
    <ele>55.6</ele>
    <time>2024-07-02T16:57:28Z</time>
   </trkpt>
   <trkpt lat="52.8369830" lon="-6.9153140">
    <ele>55.6</ele>
    <time>2024-07-02T16:57:29Z</time>
   </trkpt>
   <trkpt lat="52.8369650" lon="-6.9154340">
    <ele>55.6</ele>
    <time>2024-07-02T16:57:30Z</time>
   </trkpt>
   <trkpt lat="52.8369560" lon="-6.9155590">
    <ele>55.5</ele>
    <time>2024-07-02T16:57:31Z</time>
   </trkpt>
   <trkpt lat="52.8369450" lon="-6.9156860">
    <ele>55.5</ele>
    <time>2024-07-02T16:57:32Z</time>
   </trkpt>
   <trkpt lat="52.8369380" lon="-6.9158070">
    <ele>55.5</ele>
    <time>2024-07-02T16:57:33Z</time>
   </trkpt>
   <trkpt lat="52.8369300" lon="-6.9159190">
    <ele>55.5</ele>
    <time>2024-07-02T16:57:34Z</time>
   </trkpt>
   <trkpt lat="52.8369200" lon="-6.9160230">
    <ele>55.5</ele>
    <time>2024-07-02T16:57:35Z</time>
   </trkpt>
   <trkpt lat="52.8369110" lon="-6.9161410">
    <ele>55.5</ele>
    <time>2024-07-02T16:57:36Z</time>
   </trkpt>
   <trkpt lat="52.8369010" lon="-6.9162590">
    <ele>55.5</ele>
    <time>2024-07-02T16:57:37Z</time>
   </trkpt>
   <trkpt lat="52.8368970" lon="-6.9163860">
    <ele>55.5</ele>
    <time>2024-07-02T16:57:38Z</time>
   </trkpt>
   <trkpt lat="52.8368930" lon="-6.9165120">
    <ele>55.5</ele>
    <time>2024-07-02T16:57:39Z</time>
   </trkpt>
   <trkpt lat="52.8368930" lon="-6.9166390">
    <ele>55.5</ele>
    <time>2024-07-02T16:57:40Z</time>
   </trkpt>
   <trkpt lat="52.8368910" lon="-6.9167630">
    <ele>55.5</ele>
    <time>2024-07-02T16:57:41Z</time>
   </trkpt>
   <trkpt lat="52.8368860" lon="-6.9168910">
    <ele>55.5</ele>
    <time>2024-07-02T16:57:42Z</time>
   </trkpt>
   <trkpt lat="52.8368810" lon="-6.9170180">
    <ele>55.5</ele>
    <time>2024-07-02T16:57:43Z</time>
   </trkpt>
   <trkpt lat="52.8368740" lon="-6.9171440">
    <ele>55.4</ele>
    <time>2024-07-02T16:57:44Z</time>
   </trkpt>
   <trkpt lat="52.8368690" lon="-6.9172670">
    <ele>55.4</ele>
    <time>2024-07-02T16:57:45Z</time>
   </trkpt>
   <trkpt lat="52.8368600" lon="-6.9173860">
    <ele>55.4</ele>
    <time>2024-07-02T16:57:46Z</time>
   </trkpt>
   <trkpt lat="52.8368490" lon="-6.9174960">
    <ele>55.5</ele>
    <time>2024-07-02T16:57:47Z</time>
   </trkpt>
   <trkpt lat="52.8368410" lon="-6.9176000">
    <ele>55.5</ele>
    <time>2024-07-02T16:57:48Z</time>
   </trkpt>
   <trkpt lat="52.8368340" lon="-6.9176920">
    <ele>55.5</ele>
    <time>2024-07-02T16:57:49Z</time>
   </trkpt>
   <trkpt lat="52.8368240" lon="-6.9177750">
    <ele>55.5</ele>
    <time>2024-07-02T16:57:50Z</time>
   </trkpt>
   <trkpt lat="52.8368180" lon="-6.9178530">
    <ele>55.5</ele>
    <time>2024-07-02T16:57:51Z</time>
   </trkpt>
   <trkpt lat="52.8368130" lon="-6.9179190">
    <ele>55.5</ele>
    <time>2024-07-02T16:57:52Z</time>
   </trkpt>
   <trkpt lat="52.8368130" lon="-6.9179670">
    <ele>55.4</ele>
    <time>2024-07-02T16:57:53Z</time>
   </trkpt>
   <trkpt lat="52.8368080" lon="-6.9180290">
    <ele>55.4</ele>
    <time>2024-07-02T16:57:54Z</time>
   </trkpt>
   <trkpt lat="52.8368080" lon="-6.9180480">
    <ele>55.4</ele>
    <time>2024-07-02T16:57:55Z</time>
   </trkpt>
   <trkpt lat="52.8368100" lon="-6.9181140">
    <ele>55.4</ele>
    <time>2024-07-02T16:57:56Z</time>
   </trkpt>
   <trkpt lat="52.8368100" lon="-6.9181380">
    <ele>55.4</ele>
    <time>2024-07-02T16:57:57Z</time>
   </trkpt>
   <trkpt lat="52.8368050" lon="-6.9181860">
    <ele>55.4</ele>
    <time>2024-07-02T16:57:58Z</time>
   </trkpt>
   <trkpt lat="52.8368020" lon="-6.9182550">
    <ele>55.4</ele>
    <time>2024-07-02T16:57:59Z</time>
   </trkpt>
   <trkpt lat="52.8367960" lon="-6.9183390">
    <ele>55.3</ele>
    <time>2024-07-02T16:58:00Z</time>
   </trkpt>
   <trkpt lat="52.8367910" lon="-6.9184390">
    <ele>55.3</ele>
    <time>2024-07-02T16:58:01Z</time>
   </trkpt>
   <trkpt lat="52.8367870" lon="-6.9185440">
    <ele>55.3</ele>
    <time>2024-07-02T16:58:02Z</time>
   </trkpt>
   <trkpt lat="52.8367770" lon="-6.9186430">
    <ele>55.3</ele>
    <time>2024-07-02T16:58:03Z</time>
   </trkpt>
   <trkpt lat="52.8367640" lon="-6.9187410">
    <ele>55.2</ele>
    <time>2024-07-02T16:58:04Z</time>
   </trkpt>
   <trkpt lat="52.8367510" lon="-6.9188430">
    <ele>55.2</ele>
    <time>2024-07-02T16:58:05Z</time>
   </trkpt>
   <trkpt lat="52.8367420" lon="-6.9189420">
    <ele>55.2</ele>
    <time>2024-07-02T16:58:06Z</time>
   </trkpt>
   <trkpt lat="52.8367390" lon="-6.9190420">
    <ele>55.1</ele>
    <time>2024-07-02T16:58:07Z</time>
   </trkpt>
   <trkpt lat="52.8367260" lon="-6.9191260">
    <ele>55.1</ele>
    <time>2024-07-02T16:58:08Z</time>
   </trkpt>
   <trkpt lat="52.8367140" lon="-6.9192230">
    <ele>55.0</ele>
    <time>2024-07-02T16:58:09Z</time>
   </trkpt>
   <trkpt lat="52.8367020" lon="-6.9193230">
    <ele>55.0</ele>
    <time>2024-07-02T16:58:10Z</time>
   </trkpt>
   <trkpt lat="52.8366950" lon="-6.9194200">
    <ele>54.9</ele>
    <time>2024-07-02T16:58:11Z</time>
   </trkpt>
   <trkpt lat="52.8366790" lon="-6.9195170">
    <ele>54.8</ele>
    <time>2024-07-02T16:58:12Z</time>
   </trkpt>
   <trkpt lat="52.8366670" lon="-6.9196010">
    <ele>54.8</ele>
    <time>2024-07-02T16:58:13Z</time>
   </trkpt>
   <trkpt lat="52.8366530" lon="-6.9196750">
    <ele>54.7</ele>
    <time>2024-07-02T16:58:14Z</time>
   </trkpt>
   <trkpt lat="52.8366400" lon="-6.9197570">
    <ele>54.7</ele>
    <time>2024-07-02T16:58:15Z</time>
   </trkpt>
   <trkpt lat="52.8366290" lon="-6.9198480">
    <ele>54.6</ele>
    <time>2024-07-02T16:58:16Z</time>
   </trkpt>
   <trkpt lat="52.8366180" lon="-6.9199310">
    <ele>54.5</ele>
    <time>2024-07-02T16:58:17Z</time>
   </trkpt>
   <trkpt lat="52.8366050" lon="-6.9200260">
    <ele>54.4</ele>
    <time>2024-07-02T16:58:18Z</time>
   </trkpt>
   <trkpt lat="52.8366010" lon="-6.9201250">
    <ele>54.3</ele>
    <time>2024-07-02T16:58:19Z</time>
   </trkpt>
   <trkpt lat="52.8365900" lon="-6.9202290">
    <ele>54.1</ele>
    <time>2024-07-02T16:58:20Z</time>
   </trkpt>
   <trkpt lat="52.8365800" lon="-6.9203360">
    <ele>54.0</ele>
    <time>2024-07-02T16:58:21Z</time>
   </trkpt>
   <trkpt lat="52.8365650" lon="-6.9204330">
    <ele>53.8</ele>
    <time>2024-07-02T16:58:22Z</time>
   </trkpt>
   <trkpt lat="52.8365550" lon="-6.9205320">
    <ele>53.6</ele>
    <time>2024-07-02T16:58:23Z</time>
   </trkpt>
   <trkpt lat="52.8365420" lon="-6.9206390">
    <ele>53.5</ele>
    <time>2024-07-02T16:58:24Z</time>
   </trkpt>
   <trkpt lat="52.8365330" lon="-6.9207430">
    <ele>53.3</ele>
    <time>2024-07-02T16:58:25Z</time>
   </trkpt>
   <trkpt lat="52.8365270" lon="-6.9208450">
    <ele>53.2</ele>
    <time>2024-07-02T16:58:26Z</time>
   </trkpt>
   <trkpt lat="52.8365250" lon="-6.9209350">
    <ele>53.1</ele>
    <time>2024-07-02T16:58:27Z</time>
   </trkpt>
   <trkpt lat="52.8365270" lon="-6.9210140">
    <ele>53.1</ele>
    <time>2024-07-02T16:58:28Z</time>
   </trkpt>
   <trkpt lat="52.8365230" lon="-6.9210890">
    <ele>53.1</ele>
    <time>2024-07-02T16:58:29Z</time>
   </trkpt>
   <trkpt lat="52.8365260" lon="-6.9211630">
    <ele>53.1</ele>
    <time>2024-07-02T16:58:30Z</time>
   </trkpt>
   <trkpt lat="52.8365230" lon="-6.9212250">
    <ele>53.1</ele>
    <time>2024-07-02T16:58:31Z</time>
   </trkpt>
   <trkpt lat="52.8365150" lon="-6.9212680">
    <ele>53.1</ele>
    <time>2024-07-02T16:58:32Z</time>
   </trkpt>
   <trkpt lat="52.8365090" lon="-6.9212850">
    <ele>53.1</ele>
    <time>2024-07-02T16:58:33Z</time>
   </trkpt>
   <trkpt lat="52.8365010" lon="-6.9212950">
    <ele>53.1</ele>
    <time>2024-07-02T16:58:34Z</time>
   </trkpt>
   <trkpt lat="52.8365010" lon="-6.9213010">
    <ele>53.1</ele>
    <time>2024-07-02T16:58:35Z</time>
   </trkpt>
   <trkpt lat="52.8365000" lon="-6.9213170">
    <ele>53.1</ele>
    <time>2024-07-02T16:58:36Z</time>
   </trkpt>
   <trkpt lat="52.8364850" lon="-6.9213770">
    <ele>53.2</ele>
    <time>2024-07-02T16:58:37Z</time>
   </trkpt>
   <trkpt lat="52.8364800" lon="-6.9214010">
    <ele>53.2</ele>
    <time>2024-07-02T16:58:38Z</time>
   </trkpt>
   <trkpt lat="52.8364740" lon="-6.9214580">
    <ele>53.2</ele>
    <time>2024-07-02T16:58:39Z</time>
   </trkpt>
   <trkpt lat="52.8364730" lon="-6.9215200">
    <ele>53.3</ele>
    <time>2024-07-02T16:58:40Z</time>
   </trkpt>
   <trkpt lat="52.8364790" lon="-6.9215760">
    <ele>53.3</ele>
    <time>2024-07-02T16:58:41Z</time>
   </trkpt>
   <trkpt lat="52.8364990" lon="-6.9216260">
    <ele>53.4</ele>
    <time>2024-07-02T16:58:42Z</time>
   </trkpt>
   <trkpt lat="52.8365350" lon="-6.9216650">
    <ele>53.4</ele>
    <time>2024-07-02T16:58:43Z</time>
   </trkpt>
   <trkpt lat="52.8365820" lon="-6.9216910">
    <ele>53.5</ele>
    <time>2024-07-02T16:58:44Z</time>
   </trkpt>
   <trkpt lat="52.8366270" lon="-6.9217110">
    <ele>53.5</ele>
    <time>2024-07-02T16:58:45Z</time>
   </trkpt>
   <trkpt lat="52.8366690" lon="-6.9217310">
    <ele>53.6</ele>
    <time>2024-07-02T16:58:46Z</time>
   </trkpt>
   <trkpt lat="52.8367130" lon="-6.9217510">
    <ele>53.6</ele>
    <time>2024-07-02T16:58:47Z</time>
   </trkpt>
   <trkpt lat="52.8367650" lon="-6.9217680">
    <ele>53.6</ele>
    <time>2024-07-02T16:58:48Z</time>
   </trkpt>
   <trkpt lat="52.8368210" lon="-6.9217930">
    <ele>53.6</ele>
    <time>2024-07-02T16:58:49Z</time>
   </trkpt>
   <trkpt lat="52.8368800" lon="-6.9218180">
    <ele>53.6</ele>
    <time>2024-07-02T16:58:50Z</time>
   </trkpt>
   <trkpt lat="52.8369310" lon="-6.9218400">
    <ele>53.6</ele>
    <time>2024-07-02T16:58:51Z</time>
   </trkpt>
   <trkpt lat="52.8369850" lon="-6.9218700">
    <ele>53.6</ele>
    <time>2024-07-02T16:58:52Z</time>
   </trkpt>
   <trkpt lat="52.8370460" lon="-6.9219000">
    <ele>53.5</ele>
    <time>2024-07-02T16:58:53Z</time>
   </trkpt>
   <trkpt lat="52.8371040" lon="-6.9219120">
    <ele>53.5</ele>
    <time>2024-07-02T16:58:54Z</time>
   </trkpt>
   <trkpt lat="52.8371530" lon="-6.9219200">
    <ele>53.5</ele>
    <time>2024-07-02T16:58:55Z</time>
   </trkpt>
   <trkpt lat="52.8371880" lon="-6.9219280">
    <ele>53.4</ele>
    <time>2024-07-02T16:58:56Z</time>
   </trkpt>
   <trkpt lat="52.8372230" lon="-6.9219370">
    <ele>53.4</ele>
    <time>2024-07-02T16:58:57Z</time>
   </trkpt>
   <trkpt lat="52.8372510" lon="-6.9219480">
    <ele>53.3</ele>
    <time>2024-07-02T16:58:58Z</time>
   </trkpt>
   <trkpt lat="52.8372800" lon="-6.9219670">
    <ele>53.3</ele>
    <time>2024-07-02T16:58:59Z</time>
   </trkpt>
   <trkpt lat="52.8372870" lon="-6.9219720">
    <ele>53.3</ele>
    <time>2024-07-02T16:59:00Z</time>
   </trkpt>
   <trkpt lat="52.8372960" lon="-6.9219830">
    <ele>53.2</ele>
    <time>2024-07-02T16:59:01Z</time>
   </trkpt>
   <trkpt lat="52.8372990" lon="-6.9219880">
    <ele>53.2</ele>
    <time>2024-07-02T16:59:02Z</time>
   </trkpt>
   <trkpt lat="52.8373020" lon="-6.9219940">
    <ele>53.2</ele>
    <time>2024-07-02T16:59:03Z</time>
   </trkpt>
   <trkpt lat="52.8373040" lon="-6.9219990">
    <ele>53.2</ele>
    <time>2024-07-02T16:59:04Z</time>
   </trkpt>
   <trkpt lat="52.8373070" lon="-6.9220040">
    <ele>53.2</ele>
    <time>2024-07-02T16:59:05Z</time>
   </trkpt>
   <trkpt lat="52.8373090" lon="-6.9220100">
    <ele>53.2</ele>
    <time>2024-07-02T16:59:06Z</time>
   </trkpt>
   <trkpt lat="52.8373120" lon="-6.9220150">
    <ele>53.2</ele>
    <time>2024-07-02T16:59:07Z</time>
   </trkpt>
   <trkpt lat="52.8373140" lon="-6.9220200">
    <ele>53.2</ele>
    <time>2024-07-02T16:59:08Z</time>
   </trkpt>
   <trkpt lat="52.8373170" lon="-6.9220260">
    <ele>53.2</ele>
    <time>2024-07-02T16:59:09Z</time>
   </trkpt>
   <trkpt lat="52.8373310" lon="-6.9220760">
    <ele>53.2</ele>
    <time>2024-07-02T16:59:10Z</time>
   </trkpt>
   <trkpt lat="52.8373330" lon="-6.9221340">
    <ele>53.3</ele>
    <time>2024-07-02T16:59:11Z</time>
   </trkpt>
   <trkpt lat="52.8373290" lon="-6.9221540">
    <ele>53.4</ele>
    <time>2024-07-02T16:59:12Z</time>
   </trkpt>
   <trkpt lat="52.8373120" lon="-6.9221920">
    <ele>53.5</ele>
    <time>2024-07-02T16:59:13Z</time>
   </trkpt>
   <trkpt lat="52.8372900" lon="-6.9222210">
    <ele>53.6</ele>
    <time>2024-07-02T16:59:14Z</time>
   </trkpt>
   <trkpt lat="52.8372670" lon="-6.9222560">
    <ele>53.6</ele>
    <time>2024-07-02T16:59:15Z</time>
   </trkpt>
   <trkpt lat="52.8372400" lon="-6.9223020">
    <ele>53.6</ele>
    <time>2024-07-02T16:59:16Z</time>
   </trkpt>
   <trkpt lat="52.8372050" lon="-6.9223560">
    <ele>53.7</ele>
    <time>2024-07-02T16:59:17Z</time>
   </trkpt>
   <trkpt lat="52.8371670" lon="-6.9224220">
    <ele>53.7</ele>
    <time>2024-07-02T16:59:18Z</time>
   </trkpt>
   <trkpt lat="52.8371260" lon="-6.9224900">
    <ele>53.7</ele>
    <time>2024-07-02T16:59:19Z</time>
   </trkpt>
   <trkpt lat="52.8370870" lon="-6.9225500">
    <ele>53.7</ele>
    <time>2024-07-02T16:59:20Z</time>
   </trkpt>
   <trkpt lat="52.8370500" lon="-6.9226090">
    <ele>53.7</ele>
    <time>2024-07-02T16:59:21Z</time>
   </trkpt>
   <trkpt lat="52.8370180" lon="-6.9226680">
    <ele>53.7</ele>
    <time>2024-07-02T16:59:22Z</time>
   </trkpt>
   <trkpt lat="52.8369880" lon="-6.9227220">
    <ele>53.7</ele>
    <time>2024-07-02T16:59:23Z</time>
   </trkpt>
   <trkpt lat="52.8369610" lon="-6.9227740">
    <ele>53.6</ele>
    <time>2024-07-02T16:59:24Z</time>
   </trkpt>
   <trkpt lat="52.8369290" lon="-6.9228270">
    <ele>53.6</ele>
    <time>2024-07-02T16:59:25Z</time>
   </trkpt>
   <trkpt lat="52.8368960" lon="-6.9228780">
    <ele>53.6</ele>
    <time>2024-07-02T16:59:26Z</time>
   </trkpt>
   <trkpt lat="52.8368650" lon="-6.9229250">
    <ele>53.6</ele>
    <time>2024-07-02T16:59:27Z</time>
   </trkpt>
   <trkpt lat="52.8368360" lon="-6.9229730">
    <ele>53.6</ele>
    <time>2024-07-02T16:59:28Z</time>
   </trkpt>
   <trkpt lat="52.8368110" lon="-6.9230270">
    <ele>53.5</ele>
    <time>2024-07-02T16:59:29Z</time>
   </trkpt>
   <trkpt lat="52.8367850" lon="-6.9230830">
    <ele>53.5</ele>
    <time>2024-07-02T16:59:30Z</time>
   </trkpt>
   <trkpt lat="52.8367570" lon="-6.9231350">
    <ele>53.5</ele>
    <time>2024-07-02T16:59:31Z</time>
   </trkpt>
   <trkpt lat="52.8367290" lon="-6.9231810">
    <ele>53.4</ele>
    <time>2024-07-02T16:59:32Z</time>
   </trkpt>
   <trkpt lat="52.8367000" lon="-6.9232250">
    <ele>53.4</ele>
    <time>2024-07-02T16:59:33Z</time>
   </trkpt>
   <trkpt lat="52.8366680" lon="-6.9232740">
    <ele>53.4</ele>
    <time>2024-07-02T16:59:34Z</time>
   </trkpt>
   <trkpt lat="52.8366410" lon="-6.9233270">
    <ele>53.3</ele>
    <time>2024-07-02T16:59:35Z</time>
   </trkpt>
   <trkpt lat="52.8366180" lon="-6.9233660">
    <ele>53.3</ele>
    <time>2024-07-02T16:59:36Z</time>
   </trkpt>
   <trkpt lat="52.8365910" lon="-6.9234100">
    <ele>53.3</ele>
    <time>2024-07-02T16:59:37Z</time>
   </trkpt>
   <trkpt lat="52.8365750" lon="-6.9234510">
    <ele>53.3</ele>
    <time>2024-07-02T16:59:38Z</time>
   </trkpt>
   <trkpt lat="52.8365650" lon="-6.9234990">
    <ele>53.2</ele>
    <time>2024-07-02T16:59:39Z</time>
   </trkpt>
   <trkpt lat="52.8365510" lon="-6.9235570">
    <ele>53.2</ele>
    <time>2024-07-02T16:59:40Z</time>
   </trkpt>
   <trkpt lat="52.8365440" lon="-6.9235770">
    <ele>53.2</ele>
    <time>2024-07-02T16:59:41Z</time>
   </trkpt>
   <trkpt lat="52.8365290" lon="-6.9236230">
    <ele>53.2</ele>
    <time>2024-07-02T16:59:42Z</time>
   </trkpt>
   <trkpt lat="52.8365230" lon="-6.9236350">
    <ele>53.2</ele>
    <time>2024-07-02T16:59:43Z</time>
   </trkpt>
   <trkpt lat="52.8365140" lon="-6.9236510">
    <ele>53.2</ele>
    <time>2024-07-02T16:59:44Z</time>
   </trkpt>
   <trkpt lat="52.8365130" lon="-6.9236530">
    <ele>53.2</ele>
    <time>2024-07-02T16:59:45Z</time>
   </trkpt>
   <trkpt lat="52.8365120" lon="-6.9236540">
    <ele>53.2</ele>
    <time>2024-07-02T16:59:46Z</time>
   </trkpt>
   <trkpt lat="52.8365110" lon="-6.9236550">
    <ele>53.2</ele>
    <time>2024-07-02T16:59:47Z</time>
   </trkpt>
   <trkpt lat="52.8365090" lon="-6.9236570">
    <ele>53.2</ele>
    <time>2024-07-02T16:59:48Z</time>
   </trkpt>
   <trkpt lat="52.8365080" lon="-6.9236580">
    <ele>53.2</ele>
    <time>2024-07-02T16:59:49Z</time>
   </trkpt>
   <trkpt lat="52.8365070" lon="-6.9236600">
    <ele>53.2</ele>
    <time>2024-07-02T16:59:50Z</time>
   </trkpt>
   <trkpt lat="52.8365060" lon="-6.9236610">
    <ele>53.2</ele>
    <time>2024-07-02T16:59:51Z</time>
   </trkpt>
   <trkpt lat="52.8365050" lon="-6.9236620">
    <ele>53.2</ele>
    <time>2024-07-02T16:59:52Z</time>
   </trkpt>
   <trkpt lat="52.8365040" lon="-6.9236640">
    <ele>53.2</ele>
    <time>2024-07-02T16:59:53Z</time>
   </trkpt>
   <trkpt lat="52.8365030" lon="-6.9236650">
    <ele>53.2</ele>
    <time>2024-07-02T16:59:54Z</time>
   </trkpt>
   <trkpt lat="52.8365020" lon="-6.9236660">
    <ele>53.1</ele>
    <time>2024-07-02T16:59:55Z</time>
   </trkpt>
   <trkpt lat="52.8365010" lon="-6.9236680">
    <ele>53.1</ele>
    <time>2024-07-02T16:59:56Z</time>
   </trkpt>
   <trkpt lat="52.8365000" lon="-6.9236690">
    <ele>53.1</ele>
    <time>2024-07-02T16:59:57Z</time>
   </trkpt>
   <trkpt lat="52.8364990" lon="-6.9236710">
    <ele>53.1</ele>
    <time>2024-07-02T16:59:58Z</time>
   </trkpt>
   <trkpt lat="52.8364980" lon="-6.9236720">
    <ele>53.1</ele>
    <time>2024-07-02T16:59:59Z</time>
   </trkpt>
   <trkpt lat="52.8364970" lon="-6.9236730">
    <ele>53.1</ele>
    <time>2024-07-02T17:00:00Z</time>
   </trkpt>
   <trkpt lat="52.8364960" lon="-6.9236750">
    <ele>53.1</ele>
    <time>2024-07-02T17:00:01Z</time>
   </trkpt>
   <trkpt lat="52.8364950" lon="-6.9236760">
    <ele>53.1</ele>
    <time>2024-07-02T17:00:02Z</time>
   </trkpt>
   <trkpt lat="52.8364930" lon="-6.9236780">
    <ele>53.1</ele>
    <time>2024-07-02T17:00:03Z</time>
   </trkpt>
   <trkpt lat="52.8364920" lon="-6.9236790">
    <ele>53.1</ele>
    <time>2024-07-02T17:00:04Z</time>
   </trkpt>
   <trkpt lat="52.8364910" lon="-6.9236800">
    <ele>53.1</ele>
    <time>2024-07-02T17:00:05Z</time>
   </trkpt>
   <trkpt lat="52.8364900" lon="-6.9236820">
    <ele>53.1</ele>
    <time>2024-07-02T17:00:06Z</time>
   </trkpt>
   <trkpt lat="52.8364890" lon="-6.9236830">
    <ele>53.1</ele>
    <time>2024-07-02T17:00:07Z</time>
   </trkpt>
   <trkpt lat="52.8364880" lon="-6.9236840">
    <ele>53.1</ele>
    <time>2024-07-02T17:00:08Z</time>
   </trkpt>
   <trkpt lat="52.8364870" lon="-6.9236860">
    <ele>53.1</ele>
    <time>2024-07-02T17:00:09Z</time>
   </trkpt>
   <trkpt lat="52.8364860" lon="-6.9236870">
    <ele>53.1</ele>
    <time>2024-07-02T17:00:10Z</time>
   </trkpt>
   <trkpt lat="52.8364850" lon="-6.9236890">
    <ele>53.1</ele>
    <time>2024-07-02T17:00:11Z</time>
   </trkpt>
   <trkpt lat="52.8364840" lon="-6.9236900">
    <ele>53.1</ele>
    <time>2024-07-02T17:00:12Z</time>
   </trkpt>
   <trkpt lat="52.8364830" lon="-6.9236910">
    <ele>53.1</ele>
    <time>2024-07-02T17:00:13Z</time>
   </trkpt>
   <trkpt lat="52.8364820" lon="-6.9236930">
    <ele>53.1</ele>
    <time>2024-07-02T17:00:14Z</time>
   </trkpt>
   <trkpt lat="52.8364810" lon="-6.9236940">
    <ele>53.1</ele>
    <time>2024-07-02T17:00:15Z</time>
   </trkpt>
   <trkpt lat="52.8364800" lon="-6.9236950">
    <ele>53.1</ele>
    <time>2024-07-02T17:00:16Z</time>
   </trkpt>
   <trkpt lat="52.8364790" lon="-6.9236970">
    <ele>53.1</ele>
    <time>2024-07-02T17:00:17Z</time>
   </trkpt>
   <trkpt lat="52.8364780" lon="-6.9236980">
    <ele>53.1</ele>
    <time>2024-07-02T17:00:18Z</time>
   </trkpt>
   <trkpt lat="52.8364760" lon="-6.9237000">
    <ele>53.1</ele>
    <time>2024-07-02T17:00:19Z</time>
   </trkpt>
   <trkpt lat="52.8364750" lon="-6.9237010">
    <ele>53.1</ele>
    <time>2024-07-02T17:00:20Z</time>
   </trkpt>
   <trkpt lat="52.8364740" lon="-6.9237020">
    <ele>53.1</ele>
    <time>2024-07-02T17:00:21Z</time>
   </trkpt>
   <trkpt lat="52.8364730" lon="-6.9237040">
    <ele>53.1</ele>
    <time>2024-07-02T17:00:22Z</time>
   </trkpt>
   <trkpt lat="52.8364720" lon="-6.9237050">
    <ele>53.1</ele>
    <time>2024-07-02T17:00:23Z</time>
   </trkpt>
   <trkpt lat="52.8364710" lon="-6.9237070">
    <ele>53.1</ele>
    <time>2024-07-02T17:00:24Z</time>
   </trkpt>
   <trkpt lat="52.8364700" lon="-6.9237080">
    <ele>53.1</ele>
    <time>2024-07-02T17:00:25Z</time>
   </trkpt>
   <trkpt lat="52.8364690" lon="-6.9237090">
    <ele>53.1</ele>
    <time>2024-07-02T17:00:26Z</time>
   </trkpt>
   <trkpt lat="52.8364680" lon="-6.9237110">
    <ele>53.1</ele>
    <time>2024-07-02T17:00:27Z</time>
   </trkpt>
   <trkpt lat="52.8364670" lon="-6.9237120">
    <ele>53.1</ele>
    <time>2024-07-02T17:00:28Z</time>
   </trkpt>
   <trkpt lat="52.8364660" lon="-6.9237130">
    <ele>53.1</ele>
    <time>2024-07-02T17:00:29Z</time>
   </trkpt>
   <trkpt lat="52.8364650" lon="-6.9237150">
    <ele>53.1</ele>
    <time>2024-07-02T17:00:30Z</time>
   </trkpt>
   <trkpt lat="52.8364640" lon="-6.9237160">
    <ele>53.1</ele>
    <time>2024-07-02T17:00:31Z</time>
   </trkpt>
   <trkpt lat="52.8364630" lon="-6.9237180">
    <ele>53.1</ele>
    <time>2024-07-02T17:00:32Z</time>
   </trkpt>
   <trkpt lat="52.8364620" lon="-6.9237190">
    <ele>53.1</ele>
    <time>2024-07-02T17:00:33Z</time>
   </trkpt>
   <trkpt lat="52.8364610" lon="-6.9237200">
    <ele>53.1</ele>
    <time>2024-07-02T17:00:34Z</time>
   </trkpt>
   <trkpt lat="52.8364590" lon="-6.9237220">
    <ele>53.1</ele>
    <time>2024-07-02T17:00:35Z</time>
   </trkpt>
   <trkpt lat="52.8364580" lon="-6.9237230">
    <ele>53.1</ele>
    <time>2024-07-02T17:00:36Z</time>
   </trkpt>
   <trkpt lat="52.8364570" lon="-6.9237240">
    <ele>53.1</ele>
    <time>2024-07-02T17:00:37Z</time>
   </trkpt>
   <trkpt lat="52.8364560" lon="-6.9237260">
    <ele>53.1</ele>
    <time>2024-07-02T17:00:38Z</time>
   </trkpt>
   <trkpt lat="52.8364550" lon="-6.9237270">
    <ele>53.1</ele>
    <time>2024-07-02T17:00:39Z</time>
   </trkpt>
   <trkpt lat="52.8364540" lon="-6.9237290">
    <ele>53.1</ele>
    <time>2024-07-02T17:00:40Z</time>
   </trkpt>
   <trkpt lat="52.8364530" lon="-6.9237300">
    <ele>53.1</ele>
    <time>2024-07-02T17:00:41Z</time>
   </trkpt>
   <trkpt lat="52.8364520" lon="-6.9237310">
    <ele>53.1</ele>
    <time>2024-07-02T17:00:42Z</time>
   </trkpt>
   <trkpt lat="52.8364510" lon="-6.9237330">
    <ele>53.1</ele>
    <time>2024-07-02T17:00:43Z</time>
   </trkpt>
   <trkpt lat="52.8364500" lon="-6.9237340">
    <ele>53.1</ele>
    <time>2024-07-02T17:00:44Z</time>
   </trkpt>
   <trkpt lat="52.8364490" lon="-6.9237360">
    <ele>53.1</ele>
    <time>2024-07-02T17:00:45Z</time>
   </trkpt>
   <trkpt lat="52.8364480" lon="-6.9237370">
    <ele>53.1</ele>
    <time>2024-07-02T17:00:46Z</time>
   </trkpt>
   <trkpt lat="52.8364470" lon="-6.9237380">
    <ele>53.1</ele>
    <time>2024-07-02T17:00:47Z</time>
   </trkpt>
   <trkpt lat="52.8364460" lon="-6.9237400">
    <ele>53.1</ele>
    <time>2024-07-02T17:00:48Z</time>
   </trkpt>
   <trkpt lat="52.8364270" lon="-6.9237800">
    <ele>53.1</ele>
    <time>2024-07-02T17:00:49Z</time>
   </trkpt>
   <trkpt lat="52.8364120" lon="-6.9238250">
    <ele>53.0</ele>
    <time>2024-07-02T17:00:50Z</time>
   </trkpt>
   <trkpt lat="52.8363910" lon="-6.9238750">
    <ele>53.0</ele>
    <time>2024-07-02T17:00:51Z</time>
   </trkpt>
   <trkpt lat="52.8363650" lon="-6.9239190">
    <ele>53.0</ele>
    <time>2024-07-02T17:00:52Z</time>
   </trkpt>
   <trkpt lat="52.8363350" lon="-6.9239670">
    <ele>53.0</ele>
    <time>2024-07-02T17:00:53Z</time>
   </trkpt>
   <trkpt lat="52.8363010" lon="-6.9240180">
    <ele>52.9</ele>
    <time>2024-07-02T17:00:54Z</time>
   </trkpt>
   <trkpt lat="52.8362610" lon="-6.9240710">
    <ele>52.9</ele>
    <time>2024-07-02T17:00:55Z</time>
   </trkpt>
   <trkpt lat="52.8362260" lon="-6.9241330">
    <ele>52.9</ele>
    <time>2024-07-02T17:00:56Z</time>
   </trkpt>
   <trkpt lat="52.8361980" lon="-6.9241980">
    <ele>52.8</ele>
    <time>2024-07-02T17:00:57Z</time>
   </trkpt>
   <trkpt lat="52.8361660" lon="-6.9242570">
    <ele>52.8</ele>
    <time>2024-07-02T17:00:58Z</time>
   </trkpt>
   <trkpt lat="52.8361360" lon="-6.9243060">
    <ele>52.7</ele>
    <time>2024-07-02T17:00:59Z</time>
   </trkpt>
   <trkpt lat="52.8360990" lon="-6.9243530">
    <ele>52.7</ele>
    <time>2024-07-02T17:01:00Z</time>
   </trkpt>
   <trkpt lat="52.8360620" lon="-6.9244030">
    <ele>52.6</ele>
    <time>2024-07-02T17:01:01Z</time>
   </trkpt>
   <trkpt lat="52.8360240" lon="-6.9244610">
    <ele>52.6</ele>
    <time>2024-07-02T17:01:02Z</time>
   </trkpt>
   <trkpt lat="52.8359880" lon="-6.9245120">
    <ele>52.5</ele>
    <time>2024-07-02T17:01:03Z</time>
   </trkpt>
   <trkpt lat="52.8359520" lon="-6.9245610">
    <ele>52.4</ele>
    <time>2024-07-02T17:01:04Z</time>
   </trkpt>
   <trkpt lat="52.8359180" lon="-6.9246140">
    <ele>52.3</ele>
    <time>2024-07-02T17:01:05Z</time>
   </trkpt>
   <trkpt lat="52.8358780" lon="-6.9246710">
    <ele>52.2</ele>
    <time>2024-07-02T17:01:06Z</time>
   </trkpt>
   <trkpt lat="52.8358220" lon="-6.9247320">
    <ele>52.1</ele>
    <time>2024-07-02T17:01:07Z</time>
   </trkpt>
   <trkpt lat="52.8357630" lon="-6.9247880">
    <ele>52.0</ele>
    <time>2024-07-02T17:01:08Z</time>
   </trkpt>
   <trkpt lat="52.8357060" lon="-6.9248470">
    <ele>51.9</ele>
    <time>2024-07-02T17:01:09Z</time>
   </trkpt>
   <trkpt lat="52.8356440" lon="-6.9249140">
    <ele>51.8</ele>
    <time>2024-07-02T17:01:10Z</time>
   </trkpt>
   <trkpt lat="52.8355870" lon="-6.9249790">
    <ele>51.8</ele>
    <time>2024-07-02T17:01:11Z</time>
   </trkpt>
   <trkpt lat="52.8355320" lon="-6.9250420">
    <ele>51.7</ele>
    <time>2024-07-02T17:01:12Z</time>
   </trkpt>
   <trkpt lat="52.8354750" lon="-6.9251090">
    <ele>51.7</ele>
    <time>2024-07-02T17:01:13Z</time>
   </trkpt>
   <trkpt lat="52.8354180" lon="-6.9251730">
    <ele>51.6</ele>
    <time>2024-07-02T17:01:14Z</time>
   </trkpt>
   <trkpt lat="52.8353690" lon="-6.9252380">
    <ele>51.6</ele>
    <time>2024-07-02T17:01:15Z</time>
   </trkpt>
   <trkpt lat="52.8353200" lon="-6.9253050">
    <ele>51.6</ele>
    <time>2024-07-02T17:01:16Z</time>
   </trkpt>
   <trkpt lat="52.8352720" lon="-6.9253670">
    <ele>51.5</ele>
    <time>2024-07-02T17:01:17Z</time>
   </trkpt>
   <trkpt lat="52.8352250" lon="-6.9254260">
    <ele>51.5</ele>
    <time>2024-07-02T17:01:18Z</time>
   </trkpt>
   <trkpt lat="52.8351780" lon="-6.9254780">
    <ele>51.4</ele>
    <time>2024-07-02T17:01:19Z</time>
   </trkpt>
   <trkpt lat="52.8351330" lon="-6.9255260">
    <ele>51.4</ele>
    <time>2024-07-02T17:01:20Z</time>
   </trkpt>
   <trkpt lat="52.8350990" lon="-6.9255780">
    <ele>51.4</ele>
    <time>2024-07-02T17:01:21Z</time>
   </trkpt>
   <trkpt lat="52.8350590" lon="-6.9256380">
    <ele>51.3</ele>
    <time>2024-07-02T17:01:22Z</time>
   </trkpt>
   <trkpt lat="52.8350180" lon="-6.9257040">
    <ele>51.3</ele>
    <time>2024-07-02T17:01:23Z</time>
   </trkpt>
   <trkpt lat="52.8349730" lon="-6.9257740">
    <ele>51.3</ele>
    <time>2024-07-02T17:01:24Z</time>
   </trkpt>
   <trkpt lat="52.8349240" lon="-6.9258450">
    <ele>51.3</ele>
    <time>2024-07-02T17:01:25Z</time>
   </trkpt>
   <trkpt lat="52.8348720" lon="-6.9259090">
    <ele>51.2</ele>
    <time>2024-07-02T17:01:26Z</time>
   </trkpt>
   <trkpt lat="52.8348220" lon="-6.9259760">
    <ele>51.2</ele>
    <time>2024-07-02T17:01:27Z</time>
   </trkpt>
   <trkpt lat="52.8347690" lon="-6.9260480">
    <ele>51.2</ele>
    <time>2024-07-02T17:01:28Z</time>
   </trkpt>
   <trkpt lat="52.8347190" lon="-6.9261200">
    <ele>51.2</ele>
    <time>2024-07-02T17:01:29Z</time>
   </trkpt>
   <trkpt lat="52.8346690" lon="-6.9261920">
    <ele>51.2</ele>
    <time>2024-07-02T17:01:30Z</time>
   </trkpt>
   <trkpt lat="52.8346160" lon="-6.9262660">
    <ele>51.1</ele>
    <time>2024-07-02T17:01:31Z</time>
   </trkpt>
   <trkpt lat="52.8345560" lon="-6.9263400">
    <ele>51.1</ele>
    <time>2024-07-02T17:01:32Z</time>
   </trkpt>
   <trkpt lat="52.8344990" lon="-6.9264160">
    <ele>51.1</ele>
    <time>2024-07-02T17:01:33Z</time>
   </trkpt>
   <trkpt lat="52.8344410" lon="-6.9264960">
    <ele>51.1</ele>
    <time>2024-07-02T17:01:34Z</time>
   </trkpt>
   <trkpt lat="52.8343950" lon="-6.9265580">
    <ele>51.1</ele>
    <time>2024-07-02T17:01:35Z</time>
   </trkpt>
   <trkpt lat="52.8343520" lon="-6.9266100">
    <ele>51.2</ele>
    <time>2024-07-02T17:01:36Z</time>
   </trkpt>
   <trkpt lat="52.8343100" lon="-6.9266680">
    <ele>51.2</ele>
    <time>2024-07-02T17:01:37Z</time>
   </trkpt>
   <trkpt lat="52.8342750" lon="-6.9267170">
    <ele>51.2</ele>
    <time>2024-07-02T17:01:38Z</time>
   </trkpt>
   <trkpt lat="52.8342490" lon="-6.9267530">
    <ele>51.2</ele>
    <time>2024-07-02T17:01:39Z</time>
   </trkpt>
   <trkpt lat="52.8342330" lon="-6.9267700">
    <ele>51.2</ele>
    <time>2024-07-02T17:01:40Z</time>
   </trkpt>
   <trkpt lat="52.8342200" lon="-6.9267790">
    <ele>51.2</ele>
    <time>2024-07-02T17:01:41Z</time>
   </trkpt>
   <trkpt lat="52.8342080" lon="-6.9267900">
    <ele>51.2</ele>
    <time>2024-07-02T17:01:42Z</time>
   </trkpt>
   <trkpt lat="52.8341950" lon="-6.9268030">
    <ele>51.1</ele>
    <time>2024-07-02T17:01:43Z</time>
   </trkpt>
   <trkpt lat="52.8341650" lon="-6.9268350">
    <ele>51.1</ele>
    <time>2024-07-02T17:01:44Z</time>
   </trkpt>
   <trkpt lat="52.8341510" lon="-6.9268470">
    <ele>51.1</ele>
    <time>2024-07-02T17:01:45Z</time>
   </trkpt>
   <trkpt lat="52.8341150" lon="-6.9268700">
    <ele>51.1</ele>
    <time>2024-07-02T17:01:46Z</time>
   </trkpt>
   <trkpt lat="52.8340760" lon="-6.9268940">
    <ele>51.1</ele>
    <time>2024-07-02T17:01:47Z</time>
   </trkpt>
   <trkpt lat="52.8340360" lon="-6.9269130">
    <ele>51.1</ele>
    <time>2024-07-02T17:01:48Z</time>
   </trkpt>
   <trkpt lat="52.8340000" lon="-6.9269300">
    <ele>51.1</ele>
    <time>2024-07-02T17:01:49Z</time>
   </trkpt>
   <trkpt lat="52.8339690" lon="-6.9269350">
    <ele>51.1</ele>
    <time>2024-07-02T17:01:50Z</time>
   </trkpt>
   <trkpt lat="52.8339400" lon="-6.9269360">
    <ele>51.2</ele>
    <time>2024-07-02T17:01:51Z</time>
   </trkpt>
   <trkpt lat="52.8339010" lon="-6.9269340">
    <ele>51.2</ele>
    <time>2024-07-02T17:01:52Z</time>
   </trkpt>
   <trkpt lat="52.8338850" lon="-6.9269340">
    <ele>51.2</ele>
    <time>2024-07-02T17:01:53Z</time>
   </trkpt>
   <trkpt lat="52.8338570" lon="-6.9269280">
    <ele>51.2</ele>
    <time>2024-07-02T17:01:54Z</time>
   </trkpt>
   <trkpt lat="52.8338270" lon="-6.9269090">
    <ele>51.2</ele>
    <time>2024-07-02T17:01:55Z</time>
   </trkpt>
   <trkpt lat="52.8337920" lon="-6.9268840">
    <ele>51.3</ele>
    <time>2024-07-02T17:01:56Z</time>
   </trkpt>
   <trkpt lat="52.8337570" lon="-6.9268490">
    <ele>51.3</ele>
    <time>2024-07-02T17:01:57Z</time>
   </trkpt>
   <trkpt lat="52.8337230" lon="-6.9268110">
    <ele>51.2</ele>
    <time>2024-07-02T17:01:58Z</time>
   </trkpt>
   <trkpt lat="52.8336860" lon="-6.9267570">
    <ele>51.2</ele>
    <time>2024-07-02T17:01:59Z</time>
   </trkpt>
   <trkpt lat="52.8336470" lon="-6.9266930">
    <ele>51.2</ele>
    <time>2024-07-02T17:02:00Z</time>
   </trkpt>
   <trkpt lat="52.8336070" lon="-6.9266170">
    <ele>51.1</ele>
    <time>2024-07-02T17:02:01Z</time>
   </trkpt>
   <trkpt lat="52.8335640" lon="-6.9265490">
    <ele>51.0</ele>
    <time>2024-07-02T17:02:02Z</time>
   </trkpt>
   <trkpt lat="52.8335250" lon="-6.9264730">
    <ele>50.9</ele>
    <time>2024-07-02T17:02:03Z</time>
   </trkpt>
   <trkpt lat="52.8334880" lon="-6.9264070">
    <ele>50.9</ele>
    <time>2024-07-02T17:02:04Z</time>
   </trkpt>
   <trkpt lat="52.8334520" lon="-6.9263440">
    <ele>50.8</ele>
    <time>2024-07-02T17:02:05Z</time>
   </trkpt>
   <trkpt lat="52.8334180" lon="-6.9262870">
    <ele>50.8</ele>
    <time>2024-07-02T17:02:06Z</time>
   </trkpt>
   <trkpt lat="52.8333870" lon="-6.9262240">
    <ele>50.8</ele>
    <time>2024-07-02T17:02:07Z</time>
   </trkpt>
   <trkpt lat="52.8333630" lon="-6.9261600">
    <ele>50.8</ele>
    <time>2024-07-02T17:02:08Z</time>
   </trkpt>
   <trkpt lat="52.8333450" lon="-6.9260990">
    <ele>50.8</ele>
    <time>2024-07-02T17:02:09Z</time>
   </trkpt>
   <trkpt lat="52.8333310" lon="-6.9260500">
    <ele>50.7</ele>
    <time>2024-07-02T17:02:10Z</time>
   </trkpt>
   <trkpt lat="52.8333120" lon="-6.9260050">
    <ele>50.7</ele>
    <time>2024-07-02T17:02:11Z</time>
   </trkpt>
   <trkpt lat="52.8332910" lon="-6.9259660">
    <ele>50.7</ele>
    <time>2024-07-02T17:02:12Z</time>
   </trkpt>
   <trkpt lat="52.8332640" lon="-6.9259370">
    <ele>50.6</ele>
    <time>2024-07-02T17:02:13Z</time>
   </trkpt>
   <trkpt lat="52.8332370" lon="-6.9259260">
    <ele>50.6</ele>
    <time>2024-07-02T17:02:14Z</time>
   </trkpt>
   <trkpt lat="52.8332050" lon="-6.9259390">
    <ele>50.5</ele>
    <time>2024-07-02T17:02:15Z</time>
   </trkpt>
   <trkpt lat="52.8331750" lon="-6.9259700">
    <ele>50.6</ele>
    <time>2024-07-02T17:02:16Z</time>
   </trkpt>
   <trkpt lat="52.8331590" lon="-6.9260220">
    <ele>50.6</ele>
    <time>2024-07-02T17:02:17Z</time>
   </trkpt>
   <trkpt lat="52.8331580" lon="-6.9260770">
    <ele>50.7</ele>
    <time>2024-07-02T17:02:18Z</time>
   </trkpt>
   <trkpt lat="52.8331720" lon="-6.9261240">
    <ele>50.7</ele>
    <time>2024-07-02T17:02:19Z</time>
   </trkpt>
   <trkpt lat="52.8331960" lon="-6.9261610">
    <ele>50.8</ele>
    <time>2024-07-02T17:02:20Z</time>
   </trkpt>
   <trkpt lat="52.8332310" lon="-6.9261880">
    <ele>50.8</ele>
    <time>2024-07-02T17:02:21Z</time>
   </trkpt>
   <trkpt lat="52.8332700" lon="-6.9262030">
    <ele>50.9</ele>
    <time>2024-07-02T17:02:22Z</time>
   </trkpt>
   <trkpt lat="52.8333110" lon="-6.9262370">
    <ele>51.0</ele>
    <time>2024-07-02T17:02:23Z</time>
   </trkpt>
   <trkpt lat="52.8333480" lon="-6.9262860">
    <ele>51.0</ele>
    <time>2024-07-02T17:02:24Z</time>
   </trkpt>
   <trkpt lat="52.8333830" lon="-6.9263530">
    <ele>51.1</ele>
    <time>2024-07-02T17:02:25Z</time>
   </trkpt>
   <trkpt lat="52.8334160" lon="-6.9264250">
    <ele>51.1</ele>
    <time>2024-07-02T17:02:26Z</time>
   </trkpt>
   <trkpt lat="52.8334500" lon="-6.9265040">
    <ele>51.2</ele>
    <time>2024-07-02T17:02:27Z</time>
   </trkpt>
   <trkpt lat="52.8334870" lon="-6.9265780">
    <ele>51.2</ele>
    <time>2024-07-02T17:02:28Z</time>
   </trkpt>
   <trkpt lat="52.8335220" lon="-6.9266490">
    <ele>51.2</ele>
    <time>2024-07-02T17:02:29Z</time>
   </trkpt>
   <trkpt lat="52.8335580" lon="-6.9267050">
    <ele>51.2</ele>
    <time>2024-07-02T17:02:30Z</time>
   </trkpt>
   <trkpt lat="52.8335890" lon="-6.9267660">
    <ele>51.1</ele>
    <time>2024-07-02T17:02:31Z</time>
   </trkpt>
   <trkpt lat="52.8336230" lon="-6.9268110">
    <ele>51.2</ele>
    <time>2024-07-02T17:02:32Z</time>
   </trkpt>
   <trkpt lat="52.8336520" lon="-6.9268490">
    <ele>51.2</ele>
    <time>2024-07-02T17:02:33Z</time>
   </trkpt>
   <trkpt lat="52.8336750" lon="-6.9268830">
    <ele>51.2</ele>
    <time>2024-07-02T17:02:34Z</time>
   </trkpt>
   <trkpt lat="52.8336960" lon="-6.9269170">
    <ele>51.3</ele>
    <time>2024-07-02T17:02:35Z</time>
   </trkpt>
   <trkpt lat="52.8337010" lon="-6.9269250">
    <ele>51.3</ele>
    <time>2024-07-02T17:02:36Z</time>
   </trkpt>
   <trkpt lat="52.8337060" lon="-6.9269440">
    <ele>51.3</ele>
    <time>2024-07-02T17:02:37Z</time>
   </trkpt>
   <trkpt lat="52.8337080" lon="-6.9269490">
    <ele>51.3</ele>
    <time>2024-07-02T17:02:38Z</time>
   </trkpt>
   <trkpt lat="52.8337090" lon="-6.9269550">
    <ele>51.3</ele>
    <time>2024-07-02T17:02:39Z</time>
   </trkpt>
   <trkpt lat="52.8337110" lon="-6.9269600">
    <ele>51.3</ele>
    <time>2024-07-02T17:02:40Z</time>
   </trkpt>
   <trkpt lat="52.8337130" lon="-6.9269660">
    <ele>51.3</ele>
    <time>2024-07-02T17:02:41Z</time>
   </trkpt>
   <trkpt lat="52.8337150" lon="-6.9269710">
    <ele>51.3</ele>
    <time>2024-07-02T17:02:42Z</time>
   </trkpt>
   <trkpt lat="52.8337160" lon="-6.9269770">
    <ele>51.3</ele>
    <time>2024-07-02T17:02:43Z</time>
   </trkpt>
   <trkpt lat="52.8337180" lon="-6.9269820">
    <ele>51.3</ele>
    <time>2024-07-02T17:02:44Z</time>
   </trkpt>
   <trkpt lat="52.8337200" lon="-6.9269880">
    <ele>51.3</ele>
    <time>2024-07-02T17:02:45Z</time>
   </trkpt>
   <trkpt lat="52.8337210" lon="-6.9269930">
    <ele>51.3</ele>
    <time>2024-07-02T17:02:46Z</time>
   </trkpt>
   <trkpt lat="52.8337230" lon="-6.9269990">
    <ele>51.3</ele>
    <time>2024-07-02T17:02:47Z</time>
   </trkpt>
   <trkpt lat="52.8337250" lon="-6.9270040">
    <ele>51.3</ele>
    <time>2024-07-02T17:02:48Z</time>
   </trkpt>
   <trkpt lat="52.8337320" lon="-6.9270210">
    <ele>51.3</ele>
    <time>2024-07-02T17:02:49Z</time>
   </trkpt>
   <trkpt lat="52.8337350" lon="-6.9270240">
    <ele>51.3</ele>
    <time>2024-07-02T17:02:50Z</time>
   </trkpt>
   <trkpt lat="52.8337360" lon="-6.9270250">
    <ele>51.3</ele>
    <time>2024-07-02T17:02:51Z</time>
   </trkpt>
   <trkpt lat="52.8337370" lon="-6.9270250">
    <ele>51.3</ele>
    <time>2024-07-02T17:02:52Z</time>
   </trkpt>
   <trkpt lat="52.8337370" lon="-6.9270250">
    <ele>51.3</ele>
    <time>2024-07-02T17:02:53Z</time>
   </trkpt>
   <trkpt lat="52.8337370" lon="-6.9270250">
    <ele>51.3</ele>
    <time>2024-07-02T17:02:54Z</time>
   </trkpt>
   <trkpt lat="52.8337370" lon="-6.9270250">
    <ele>51.3</ele>
    <time>2024-07-02T17:02:55Z</time>
   </trkpt>
   <trkpt lat="52.8337370" lon="-6.9270250">
    <ele>51.3</ele>
    <time>2024-07-02T17:02:56Z</time>
   </trkpt>
   <trkpt lat="52.8337370" lon="-6.9270250">
    <ele>51.3</ele>
    <time>2024-07-02T17:02:57Z</time>
   </trkpt>
   <trkpt lat="52.8337370" lon="-6.9270250">
    <ele>51.3</ele>
    <time>2024-07-02T17:02:58Z</time>
   </trkpt>
   <trkpt lat="52.8337370" lon="-6.9270250">
    <ele>51.3</ele>
    <time>2024-07-02T17:02:59Z</time>
   </trkpt>
   <trkpt lat="52.8337370" lon="-6.9270250">
    <ele>51.3</ele>
    <time>2024-07-02T17:03:00Z</time>
   </trkpt>
   <trkpt lat="52.8337370" lon="-6.9270250">
    <ele>51.3</ele>
    <time>2024-07-02T17:03:01Z</time>
   </trkpt>
   <trkpt lat="52.8337370" lon="-6.9270250">
    <ele>51.3</ele>
    <time>2024-07-02T17:03:02Z</time>
   </trkpt>
   <trkpt lat="52.8337370" lon="-6.9270250">
    <ele>51.3</ele>
    <time>2024-07-02T17:03:03Z</time>
   </trkpt>
   <trkpt lat="52.8337420" lon="-6.9270290">
    <ele>51.3</ele>
    <time>2024-07-02T17:03:04Z</time>
   </trkpt>
   <trkpt lat="52.8337520" lon="-6.9270350">
    <ele>51.3</ele>
    <time>2024-07-02T17:03:05Z</time>
   </trkpt>
   <trkpt lat="52.8337620" lon="-6.9270390">
    <ele>51.3</ele>
    <time>2024-07-02T17:03:06Z</time>
   </trkpt>
   <trkpt lat="52.8337690" lon="-6.9270440">
    <ele>51.3</ele>
    <time>2024-07-02T17:03:07Z</time>
   </trkpt>
   <trkpt lat="52.8337760" lon="-6.9270510">
    <ele>51.3</ele>
    <time>2024-07-02T17:03:08Z</time>
   </trkpt>
   <trkpt lat="52.8337820" lon="-6.9270530">
    <ele>51.3</ele>
    <time>2024-07-02T17:03:09Z</time>
   </trkpt>
   <trkpt lat="52.8337810" lon="-6.9270570">
    <ele>51.3</ele>
    <time>2024-07-02T17:03:10Z</time>
   </trkpt>
   <trkpt lat="52.8337800" lon="-6.9270590">
    <ele>51.3</ele>
    <time>2024-07-02T17:03:11Z</time>
   </trkpt>
   <trkpt lat="52.8337800" lon="-6.9270590">
    <ele>51.3</ele>
    <time>2024-07-02T17:03:12Z</time>
   </trkpt>
   <trkpt lat="52.8337780" lon="-6.9270600">
    <ele>51.3</ele>
    <time>2024-07-02T17:03:13Z</time>
   </trkpt>
   <trkpt lat="52.8337770" lon="-6.9270580">
    <ele>51.3</ele>
    <time>2024-07-02T17:03:14Z</time>
   </trkpt>
   <trkpt lat="52.8337770" lon="-6.9270570">
    <ele>51.3</ele>
    <time>2024-07-02T17:03:15Z</time>
   </trkpt>
   <trkpt lat="52.8337770" lon="-6.9270570">
    <ele>51.3</ele>
    <time>2024-07-02T17:03:16Z</time>
   </trkpt>
   <trkpt lat="52.8337770" lon="-6.9270570">
    <ele>51.3</ele>
    <time>2024-07-02T17:03:17Z</time>
   </trkpt>
   <trkpt lat="52.8337770" lon="-6.9270570">
    <ele>51.3</ele>
    <time>2024-07-02T17:03:18Z</time>
   </trkpt>
   <trkpt lat="52.8337770" lon="-6.9270570">
    <ele>51.3</ele>
    <time>2024-07-02T17:03:19Z</time>
   </trkpt>
   <trkpt lat="52.8337770" lon="-6.9270570">
    <ele>51.3</ele>
    <time>2024-07-02T17:03:20Z</time>
   </trkpt>
   <trkpt lat="52.8337770" lon="-6.9270570">
    <ele>51.3</ele>
    <time>2024-07-02T17:03:21Z</time>
   </trkpt>
   <trkpt lat="52.8337770" lon="-6.9270570">
    <ele>51.3</ele>
    <time>2024-07-02T17:03:22Z</time>
   </trkpt>
   <trkpt lat="52.8337770" lon="-6.9270570">
    <ele>51.3</ele>
    <time>2024-07-02T17:03:23Z</time>
   </trkpt>
   <trkpt lat="52.8337770" lon="-6.9270570">
    <ele>51.3</ele>
    <time>2024-07-02T17:03:24Z</time>
   </trkpt>
   <trkpt lat="52.8337770" lon="-6.9270570">
    <ele>51.3</ele>
    <time>2024-07-02T17:03:25Z</time>
   </trkpt>
   <trkpt lat="52.8337770" lon="-6.9270570">
    <ele>51.3</ele>
    <time>2024-07-02T17:03:26Z</time>
   </trkpt>
   <trkpt lat="52.8337770" lon="-6.9270570">
    <ele>51.3</ele>
    <time>2024-07-02T17:03:27Z</time>
   </trkpt>
   <trkpt lat="52.8337770" lon="-6.9270570">
    <ele>51.3</ele>
    <time>2024-07-02T17:03:28Z</time>
   </trkpt>
   <trkpt lat="52.8337770" lon="-6.9270570">
    <ele>51.3</ele>
    <time>2024-07-02T17:03:29Z</time>
   </trkpt>
   <trkpt lat="52.8337770" lon="-6.9270570">
    <ele>51.3</ele>
    <time>2024-07-02T17:03:30Z</time>
   </trkpt>
   <trkpt lat="52.8337770" lon="-6.9270570">
    <ele>51.3</ele>
    <time>2024-07-02T17:03:31Z</time>
   </trkpt>
   <trkpt lat="52.8337770" lon="-6.9270570">
    <ele>51.3</ele>
    <time>2024-07-02T17:03:32Z</time>
   </trkpt>
   <trkpt lat="52.8337770" lon="-6.9270570">
    <ele>51.3</ele>
    <time>2024-07-02T17:03:33Z</time>
   </trkpt>
   <trkpt lat="52.8337770" lon="-6.9270570">
    <ele>51.3</ele>
    <time>2024-07-02T17:03:34Z</time>
   </trkpt>
   <trkpt lat="52.8337770" lon="-6.9270570">
    <ele>51.3</ele>
    <time>2024-07-02T17:03:35Z</time>
   </trkpt>
   <trkpt lat="52.8337770" lon="-6.9270570">
    <ele>51.3</ele>
    <time>2024-07-02T17:03:36Z</time>
   </trkpt>
   <trkpt lat="52.8337770" lon="-6.9270570">
    <ele>51.3</ele>
    <time>2024-07-02T17:03:37Z</time>
   </trkpt>
   <trkpt lat="52.8337770" lon="-6.9270570">
    <ele>51.3</ele>
    <time>2024-07-02T17:03:38Z</time>
   </trkpt>
   <trkpt lat="52.8337770" lon="-6.9270570">
    <ele>51.3</ele>
    <time>2024-07-02T17:03:39Z</time>
   </trkpt>
   <trkpt lat="52.8337770" lon="-6.9270570">
    <ele>51.3</ele>
    <time>2024-07-02T17:03:40Z</time>
   </trkpt>
   <trkpt lat="52.8337770" lon="-6.9270570">
    <ele>51.3</ele>
    <time>2024-07-02T17:03:41Z</time>
   </trkpt>
   <trkpt lat="52.8337770" lon="-6.9270570">
    <ele>51.3</ele>
    <time>2024-07-02T17:03:42Z</time>
   </trkpt>
   <trkpt lat="52.8337770" lon="-6.9270570">
    <ele>51.3</ele>
    <time>2024-07-02T17:03:43Z</time>
   </trkpt>
   <trkpt lat="52.8337770" lon="-6.9270570">
    <ele>51.3</ele>
    <time>2024-07-02T17:03:44Z</time>
   </trkpt>
   <trkpt lat="52.8337770" lon="-6.9270570">
    <ele>51.3</ele>
    <time>2024-07-02T17:03:45Z</time>
   </trkpt>
   <trkpt lat="52.8337770" lon="-6.9270570">
    <ele>51.3</ele>
    <time>2024-07-02T17:03:46Z</time>
   </trkpt>
   <trkpt lat="52.8337770" lon="-6.9270570">
    <ele>51.3</ele>
    <time>2024-07-02T17:03:47Z</time>
   </trkpt>
   <trkpt lat="52.8337770" lon="-6.9270570">
    <ele>51.3</ele>
    <time>2024-07-02T17:03:48Z</time>
   </trkpt>
   <trkpt lat="52.8337770" lon="-6.9270570">
    <ele>51.3</ele>
    <time>2024-07-02T17:03:49Z</time>
   </trkpt>
   <trkpt lat="52.8337770" lon="-6.9270570">
    <ele>51.3</ele>
    <time>2024-07-02T17:03:50Z</time>
   </trkpt>
   <trkpt lat="52.8337770" lon="-6.9270570">
    <ele>51.3</ele>
    <time>2024-07-02T17:03:51Z</time>
   </trkpt>
   <trkpt lat="52.8337770" lon="-6.9270570">
    <ele>51.3</ele>
    <time>2024-07-02T17:03:52Z</time>
   </trkpt>
   <trkpt lat="52.8337770" lon="-6.9270570">
    <ele>51.3</ele>
    <time>2024-07-02T17:03:53Z</time>
   </trkpt>
   <trkpt lat="52.8337770" lon="-6.9270570">
    <ele>51.3</ele>
    <time>2024-07-02T17:03:54Z</time>
   </trkpt>
   <trkpt lat="52.8337770" lon="-6.9270570">
    <ele>51.3</ele>
    <time>2024-07-02T17:03:55Z</time>
   </trkpt>
   <trkpt lat="52.8337770" lon="-6.9270570">
    <ele>51.3</ele>
    <time>2024-07-02T17:03:56Z</time>
   </trkpt>
   <trkpt lat="52.8337770" lon="-6.9270570">
    <ele>51.3</ele>
    <time>2024-07-02T17:03:57Z</time>
   </trkpt>
   <trkpt lat="52.8337770" lon="-6.9270570">
    <ele>51.3</ele>
    <time>2024-07-02T17:03:58Z</time>
   </trkpt>
   <trkpt lat="52.8337770" lon="-6.9270570">
    <ele>51.3</ele>
    <time>2024-07-02T17:03:59Z</time>
   </trkpt>
   <trkpt lat="52.8337770" lon="-6.9270570">
    <ele>51.3</ele>
    <time>2024-07-02T17:04:00Z</time>
   </trkpt>
   <trkpt lat="52.8337770" lon="-6.9270570">
    <ele>51.3</ele>
    <time>2024-07-02T17:04:01Z</time>
   </trkpt>
   <trkpt lat="52.8337770" lon="-6.9270570">
    <ele>51.3</ele>
    <time>2024-07-02T17:04:02Z</time>
   </trkpt>
   <trkpt lat="52.8337770" lon="-6.9270570">
    <ele>51.3</ele>
    <time>2024-07-02T17:04:03Z</time>
   </trkpt>
   <trkpt lat="52.8337770" lon="-6.9270570">
    <ele>51.3</ele>
    <time>2024-07-02T17:04:04Z</time>
   </trkpt>
   <trkpt lat="52.8337770" lon="-6.9270570">
    <ele>51.3</ele>
    <time>2024-07-02T17:04:05Z</time>
   </trkpt>
   <trkpt lat="52.8337770" lon="-6.9270570">
    <ele>51.3</ele>
    <time>2024-07-02T17:04:06Z</time>
   </trkpt>
   <trkpt lat="52.8337770" lon="-6.9270570">
    <ele>51.3</ele>
    <time>2024-07-02T17:04:07Z</time>
   </trkpt>
   <trkpt lat="52.8337770" lon="-6.9270570">
    <ele>51.3</ele>
    <time>2024-07-02T17:04:08Z</time>
   </trkpt>
   <trkpt lat="52.8337770" lon="-6.9270570">
    <ele>51.3</ele>
    <time>2024-07-02T17:04:09Z</time>
   </trkpt>
   <trkpt lat="52.8337770" lon="-6.9270570">
    <ele>51.3</ele>
    <time>2024-07-02T17:04:10Z</time>
   </trkpt>
   <trkpt lat="52.8337770" lon="-6.9270570">
    <ele>51.3</ele>
    <time>2024-07-02T17:04:11Z</time>
   </trkpt>
   <trkpt lat="52.8337770" lon="-6.9270570">
    <ele>51.3</ele>
    <time>2024-07-02T17:04:12Z</time>
   </trkpt>
   <trkpt lat="52.8337770" lon="-6.9270570">
    <ele>51.3</ele>
    <time>2024-07-02T17:04:13Z</time>
   </trkpt>
  </trkseg>
 </trk>
</gpx>
